dataset,original_model,num_blocks,point_count,mean_Y,var_Y,mean_U,var_U,mean_V,var_V,Y_variance_share,UV_variance_share,tv6_mean_degree,tv6_D111,retention_level1,r5_E_D111,retention_level2,r4_E_D111,retention_level3,r3_E_D111,retention_level4,r2_E_D111,retention_level5,r1_E_D111,r1_energy_share,r2_energy_share,r3_energy_share,r4_energy_share,r5_energy_share,r45_energy_share,r5_over_r4
RWTT_Train,RWT1,32,1925402,0.34336875772989306,0.012112933065524426,0.46546457218381004,0.00030516864680826816,0.5256847934256652,0.00014203301152315717,0.964395154338429,0.035604845661570926,3.5603484363265436,0.0002428249406995406,0.2785610485498613,0.00011577015010230322,0.26237922817903503,0.0001639650129943679,0.25958429561200924,0.00025029517333922496,0.2606350944429236,0.00038155310007891675,0.26467808003360993,0.0004830420159022221,0.34635967317609084,0.2735882235747558,0.17947125008039733,0.11756921022070764,0.08301164294804829,0.20058085316875593,0.7060661783150035
RWTT_Train,RWT10,4,237850,0.5083430571088268,0.03151797406381629,0.4921496392931819,0.0012567806111273283,0.5112958341845069,0.0007141353380114013,0.9411471700502378,0.058852829949762146,4.022224090813538,0.0030453864249349017,0.2509648938406559,0.001354866064790925,0.25135696575755545,0.0014006692591469751,0.24913356438283124,0.001689162249294082,0.2613697164258962,0.0020783064957701452,0.2835209825997953,0.0022235233683995242,0.254217846375392,0.2376150433008362,0.19312375812953314,0.16014004062429085,0.15490331156994777,0.3150433521942386,0.9672990650312802
RWTT_Train,RWT100,16,1021108,0.39279903010009143,0.02054755368230471,0.45580909369730255,0.0016108181875597871,0.5205751521665143,0.000304785278268882,0.9147224295678379,0.08527757043216208,3.7646791524500838,0.0010294998933720956,0.26563595623577524,0.00048636667642616233,0.2524231040063707,0.0006817403301109044,0.24393877431792954,0.0009217172446094736,0.23757633816309423,0.0011703862145739723,0.22983870967741934,0.0014913087416288057,0.3138593524618723,0.24631831704767196,0.19398369329620424,0.14347839088105466,0.1023602463131969,0.24583863719425153,0.7134192520883148
RWTT_Train,RWT102,16,1019392,0.6188575672056601,0.03370099500012724,0.4841903380237825,0.0008936735407318874,0.5078496434591262,0.00017130239414264725,0.969367289155663,0.03063271084433702,3.926764188849824,0.0009651474057290954,0.25609873336263184,0.00041230748932228754,0.2520789841610327,0.00036749062117538266,0.25227552462429154,0.00044371466182167553,0.25942657511143236,0.0005378448705446548,0.2742047829115394,0.0006393690560767593,0.2663231330575277,0.22403419380555095,0.18482514566004107,0.15307474246757266,0.17174278500930754,0.3248175274768802,1.121953773959081
RWTT_Train,RWT103,64,3569884,0.5383753555588922,0.04446178405276208,0.4938591614853122,0.0004125658245644481,0.5079762365554321,0.00015095203844356364,0.9874844178932504,0.012515582106749626,3.2372827800567188,0.00029899497503692665,0.3016204448099714,0.00013797426206175892,0.26708985372649174,0.00018532681006318974,0.26111916658843004,0.00032440385285765024,0.25655503029495974,0.000636829004850071,0.23803591819786152,0.0015767671371439004,0.551066490465476,0.22256623471048587,0.11337634358080174,0.06477011881137613,0.04822081243186029,0.11299093124323642,0.7444916470245977
RWTT_Train,RWT104,16,1509358,0.4308972227693553,0.01643427433499134,0.4894970238040701,0.00022989352829855259,0.5064179230468034,7.773056960180824e-05,0.9816254949142451,0.018374505085754916,3.7526498021012906,0.0033125069605090592,0.2657374857389698,0.0013633824700202046,0.25358956650951275,0.00100193417401359,0.24476713891046376,0.0008799825659812572,0.2418862467866324,0.0007783474680386756,0.2462636997675191,0.0006750733968959679,0.14367176297540885,0.16565095507354916,0.18728133447930034,0.213235553093534,0.29016039437820756,0.5033959474717415,1.360750541683502
RWTT_Train,RWT105,32,2160269,0.3765800200372728,0.021078827438540837,0.43208480454578535,0.0020654786002888836,0.5754243644584112,0.004356876105291174,0.7664698676615613,0.2335301323384386,3.5173045579045943,0.00034126580306106263,0.2812010911604064,0.00015614349676131516,0.26405748432021336,0.0002503354371660067,0.25830543554832397,0.0004643868913301368,0.25392189988898006,0.0007982044389074332,0.25777017393783863,0.0013407748325353704,0.4454630685164767,0.26519784682026215,0.15428929941917977,0.08317219960603725,0.05187758563804416,0.13504978524408143,0.6237370886398741
RWTT_Train,RWT106,32,2713378,0.19860892956684567,0.014825945157749786,0.4793020831424236,0.0006431879104521199,0.5466260059456582,0.0017475859741619693,0.8611364988456108,0.1388635011543891,3.472279203266187,0.00036910217085135374,0.28415981849930233,0.00016851408856522344,0.2574857366675616,0.00028940211763993107,0.25011333299753186,0.0004200013600648937,0.24666196757627631,0.0005473919923611765,0.24918354016982364,0.0007146854052735557,0.3339659285783982,0.2557912525935892,0.19626277965557948,0.13523495266169613,0.078745086510737,0.21398003917243313,0.5822835366218213
RWTT_Train,RWT107,64,3931097,0.534025791525447,0.002476721927239911,0.43782163713157213,3.849480087864121e-05,0.5499344134929383,2.294914338640819e-05,0.9757919902103886,0.02420800978961131,3.1062174248053407,3.541751495153662e-05,0.310825960285386,1.4878992463445933e-05,0.26877771839785514,3.0722733958370814e-05,0.261570690831141,6.291687017180311e-05,0.25834652635500094,0.00010995660456294444,0.26440769612039833,0.00014961380320459102,0.40646094132655886,0.29872287207758885,0.17092841521033703,0.0834655031646281,0.04042226822088719,0.12388777138551528,0.4842991018835404
RWTT_Train,RWT108,16,1121771,0.4492872058417424,0.009246348683847577,0.46942004215288313,0.00040057359424491845,0.5176473972659724,0.00026903076311590723,0.9324720120619667,0.0675279879380333,3.7398613442494058,0.00014325422685986707,0.267077683413103,6.927768885540075e-05,0.25766355140186914,0.00011493612560620931,0.2515026685320483,0.0002257129096279278,0.2467679629152717,0.00035094968222303607,0.24420788979336255,0.0004988825138809584,0.3960142737503433,0.2785847963427169,0.17917151131841347,0.0912366038960471,0.05499281469247931,0.1462294185885264,0.6027494705429508
RWTT_Train,RWT109,16,1383944,0.4004207731345277,0.022274680517871376,0.5058975723770807,0.0004094946009260969,0.497045514997628,0.00038076627606573044,0.9657375727315819,0.03426242726841814,3.645742891330863,0.0011440823258585088,0.273211921869671,0.000503255346080461,0.2608605961228214,0.0005227571739916925,0.2589573575034978,0.0006315549178591174,0.25738000156604807,0.0007464123846699765,0.26087617888652265,0.0007348296112052222,0.23411093495857316,0.23780111549008373,0.20120842987693702,0.1665463243360203,0.1603331953383859,0.3268795196744062,0.9626942892771446
RWTT_Train,RWT11,32,2653424,0.33668199308204566,0.024197491150326433,0.4468258888049819,0.0006912587175096907,0.5492030373984423,0.00041723625699435773,0.9561963335854207,0.04380366641457937,3.417949788650438,0.0004891455653879813,0.28771655038923294,0.00022275073495983444,0.2636272421715564,0.0003487369432512165,0.255304031560851,0.0006062425767284421,0.24692991845552031,0.0010176646257339314,0.24298549810844894,0.0014120484215151459,0.39142636577503015,0.2821013500382758,0.16805325155371,0.0966714966912007,0.06174753594178337,0.1584190326329841,0.6387356982692066
RWTT_Train,RWT110,16,967452,0.3624838610587189,0.04755296912618809,0.45935519237390793,0.0009335898761612116,0.5357653012039992,0.0007277297658166426,0.9662431443476945,0.033756855652305434,3.7502925209726166,0.0005546163496950711,0.26668713279831974,0.0002600204885965358,0.2583030692965695,0.0004213350864664184,0.2537962907388512,0.0007271159429383418,0.25387253163060186,0.001371110052376751,0.24336283185840707,0.002606669343112024,0.4839487400379959,0.2545574044727017,0.13499481450395345,0.07822418473138128,0.04827485625396778,0.12649904098534906,0.6171346677468319
RWTT_Train,RWT111,32,2453053,0.49751489640404734,0.028598118724892346,0.46774114721695426,0.00044342330989091683,0.5489571026893897,0.0011213588220130855,0.9481222930336483,0.051877706966351786,3.453899283871975,0.0001269570447933576,0.2857109079991341,5.755638997308625e-05,0.2640027166468816,0.00010024463205363756,0.2587796573528617,0.0002043348349708911,0.2551689570193392,0.00039987727445678193,0.2524963169094778,0.0006242933187175954,0.45032851043875793,0.2884479650276251,0.14739514120095182,0.07231058619196405,0.04151779714070111,0.11382838333266516,0.574159321990326
RWTT_Train,RWT112,32,2654101,0.3782457511527961,0.01917001093972573,0.45008624672003494,0.0002790866337242792,0.5631494689575927,0.000543653942698008,0.9588480567190681,0.041151943280931844,3.39734923426049,0.0034989943731945747,0.2881936294059646,0.0013224239756813004,0.25935324456297926,0.000787704574668632,0.24985633487584308,0.0006692086471990143,0.2450873582697817,0.0007060553738386215,0.24514323345406652,0.0007855471543701194,0.18392841032912471,0.1653161643983078,0.15668885307911787,0.1844335498152901,0.30963302237815943,0.49406657219344957,1.678832417899327
RWTT_Train,RWT113,16,1061081,0.49940281050419155,0.019141251499432632,0.4910951549058536,0.0002856580013094745,0.5088073091202192,0.00021626543473851623,0.9744479475595674,0.02555205244043253,3.728115007242614,0.0009746537198881761,0.26808980652749415,0.00043706862973497167,0.25832000421844514,0.000496191862108385,0.25248016548045127,0.0006973128396857898,0.2491780305071956,0.0009704511610275082,0.25502920181700195,0.0012712987818976887,0.32830388678662936,0.25061212410378014,0.1800760913444267,0.1281380264353844,0.11286987132977937,0.24100789776516376,0.8808460257244226
RWTT_Train,RWT114,32,3071892,0.35178287467108715,0.03829286504113781,0.45661172212358586,0.001070134087964747,0.5281753856414099,0.0003684853855499548,0.9637914492476576,0.0362085507523424,3.272850087177544,0.00041557928958898995,0.2974199613788506,0.00018036550405007806,0.26823416611758216,0.00027269032733976827,0.259786999632758,0.0004958472306537757,0.2550969120095498,0.0009473652077052978,0.25435625885105595,0.0016792804851199483,0.4696567157232164,0.2649565906254974,0.13867723939677076,0.07626530807849914,0.05044414617601624,0.12670945425451538,0.661429783042305
RWTT_Train,RWT116,32,1904088,0.4742493016923379,0.005330161873061207,0.3986269157295477,0.0004381044792904354,0.5806041063743136,0.0002694561355772729,0.882810013828506,0.11718998617149406,3.6032798904252323,0.0001118636752988389,0.2754977711114192,5.416840757144271e-05,0.26156752552557133,9.668457573268975e-05,0.2577854545189526,0.00016768003350612357,0.26004353849198497,0.0002551204352262048,0.2584257447271146,0.00035999248613013805,0.385577092358004,0.27325180220586076,0.17959702565128377,0.10355593247966066,0.0580181473051907,0.16157407978485136,0.5602590398824906
RWTT_Train,RWT117,16,853383,0.3855917543494435,0.013610678542845173,0.502973961961294,0.00022217881355518498,0.5042556482684871,0.00011667644036195135,0.9757084889822064,0.024291511017793636,3.869416194135576,0.0015811374253277318,0.2593923244311171,0.0006921299246644218,0.25304367074597606,0.0006665306063934958,0.24877709144142535,0.0007462198035904743,0.2482956584140653,0.0007985234618012161,0.26011560693641617,0.0007963344426576185,0.21524075250517716,0.21583242115904544,0.20169529717068377,0.18015615249427333,0.1870753766708203,0.3672315291650936,1.0384068158691773
RWTT_Train,RWT118,16,1454442,0.3515205230785664,0.023084146571059005,0.48478541719565893,0.0004917520489921001,0.49970838514418336,0.00010644471695428481,0.9747408118599624,0.025259188140037594,3.6943556360446137,0.0039072679375642665,0.2703002251035105,0.0015383655015604205,0.25687293964429614,0.000945572726261064,0.2506783118452063,0.0007938288344118151,0.2550661663045625,0.0007546803205790247,0.2570853337463218,0.0007314903024674642,0.15354741199233454,0.1584152376532822,0.1666329173164223,0.19848553627869928,0.3229188967592618,0.5214044330379611,1.626913994911156
RWTT_Train,RWT119,16,1002726,0.40008545104085275,0.03062300016279665,0.4448437041213906,0.000884757470422104,0.5338876114378758,0.0004996019573095811,0.956748715125463,0.043251284874537006,3.805729581161753,0.002591401048359235,0.26334611848102074,0.0010961443070590458,0.2533476732913233,0.0009732401309952523,0.24741405082212256,0.0012427687800936208,0.2376147897535041,0.001641700751945622,0.24891939994914825,0.0019628433423896376,0.28378332225802616,0.23735327393649255,0.17967661789257214,0.1407087930881057,0.15847799282480332,0.29918678591290904,1.126283506145713
RWTT_Train,RWT12,16,1463811,0.48437208935209725,0.007059691527182249,0.4814653955182116,6.627851218576897e-06,0.5208808746967735,6.8610109499323e-06,0.9980929565731396,0.0019070434268603927,3.6452807090532864,0.00020565956665195088,0.2730489113690224,8.426116756728378e-05,0.2594197532099717,7.44428118176264e-05,0.25143700331764524,9.946833780004488e-05,0.2538836254842545,0.00015700472049736997,0.25623205922344766,0.0002599703041487496,0.3850571394440823,0.23254882418933284,0.147328340996316,0.11026157877735138,0.12480411659291753,0.23506569537026892,1.1318912532980465
RWTT_Train,RWT120,32,1880002,0.45499809595117807,0.028671556954560667,0.49102480906403917,0.00037878009121558587,0.5065657311565216,0.00012999854884482298,0.9825643321198062,0.017435667880193743,3.645132292412455,0.0008188836044820865,0.2736411982540444,0.000333637616566371,0.2598698405663568,0.0002824918583273772,0.25471803962928885,0.00036997224938866737,0.25683493377969635,0.0005926907507610073,0.2468557054653556,0.0010679340269270513,0.4034923994345392,0.22393350817311578,0.1397848433199369,0.10673254607798105,0.1260567029944271,0.23278924907240814,1.1810521497569018
RWTT_Train,RWT121,32,2066507,0.46891096895657636,0.020403855977117136,0.49134680738755815,0.0002482505167251403,0.510398451197242,0.00016654674702598626,0.9800756917869762,0.019924308213023826,3.529726248205305,0.00010844828883212585,0.28074814167094525,5.36438029030643e-05,0.2636994801505771,0.00010508293144178646,0.2572586443558402,0.00021624950736689653,0.25232481325270595,0.0003976958918883663,0.2528446279327359,0.000623856113796506,0.44671929476506206,0.2847746851019614,0.15484792933478045,0.07524583311342252,0.038412257684773674,0.11365809079819618,0.5104901639785501
RWTT_Train,RWT122,32,1811311,0.5050929545138447,0.014468129317355305,0.49947770118966717,0.0001640368831268002,0.5038997209507017,0.00012378336890450647,0.9804946302724948,0.01950536972750518,3.589690561146043,0.00016677595550948374,0.2769419497811254,7.641589857525392e-05,0.2619431132233448,0.00012021278049141783,0.25431132893955766,0.00022933204305703364,0.24838400766100072,0.0004373100415643232,0.24963855421686748,0.0007376648409152002,0.4607710883524393,0.27315904543999747,0.14324876178506293,0.0750890792520109,0.04773202517048936,0.12282110442250026,0.635671999789651
RWTT_Train,RWT123,8,630517,0.42038844181002877,0.015053717533952626,0.49158025069800065,0.0003843758014630827,0.5045778861896334,7.371337123202037e-05,0.9704683547598112,0.02953164524018886,3.82376684530314,0.0013818771218829674,0.2614505239351199,0.0005885401434236884,0.25312255458025223,0.0005284205815825255,0.2495266853595993,0.0005990018527704754,0.25259316173645796,0.0006834362441916748,0.25779467680608364,0.0006551708172452489,0.21448874788591168,0.22374223701366416,0.1961002443947181,0.17299346356318962,0.1926753071425164,0.365668770705706,1.1137721806011334
RWTT_Train,RWT124,16,1454605,0.44628387941156705,0.016219745731297197,0.488323988398868,0.0004729002452369957,0.5121350231228694,0.00044716421698598463,0.9463200320286618,0.05367996797133827,3.659829300738001,0.0009305230046483095,0.2725819036783182,0.0004259153259520772,0.25988716238880805,0.0005856429997829395,0.25536416128875733,0.000802928363497568,0.24830888500418027,0.0010132655756773733,0.2603305785123967,0.001136937100359162,0.28676574521040377,0.2555725007244278,0.2025198671379557,0.14771472512151945,0.1074271618056933,0.25514188692721274,0.7272610209802505
RWTT_Train,RWT125,32,1933372,0.5057208378449657,0.02500248807251032,0.5209097209617358,0.0006820643639129931,0.48655286465867736,0.0005302391439318266,0.9537549820249841,0.04624501797501593,3.57998046935613,0.0008850260202471086,0.27785082229389896,0.00037015091398837855,0.2617030505092249,0.00032647125727260665,0.2556478688897741,0.0003784438190980941,0.23878686700055649,0.000693969327253996,0.24726171055697974,0.000948541254217702,0.34903938459356404,0.2553633021594982,0.13925783104729372,0.12013323218071072,0.1362062500189333,0.25633948219964403,1.1337932689103438
RWTT_Train,RWT126,16,1459619,0.4669124228672162,0.01259393186754304,0.48569861495554073,0.00017428286456738773,0.5114624047808776,9.54350713019414e-05,0.9790325498601664,0.020967450139833598,3.653119067373061,9.941678208915284e-05,0.2725930533927004,5.09038467881527e-05,0.2588656938489301,0.00010698489463151201,0.2529854948639779,0.0002342666281026221,0.2481482902866792,0.00040176124366176697,0.25657284256108875,0.000536550449192954,0.40327976871096294,0.30197007879622495,0.17607848756817937,0.08041153190246828,0.03826013302216446,0.11867166492463274,0.4758040559228551
RWTT_Train,RWT127,16,864640,0.2836670477886697,0.03363264257661333,0.49672483373335813,0.0006527980137212008,0.5159911967306531,0.000626996153297199,0.9633427429767748,0.036657257023225205,3.7516099185788305,0.00010858528493506037,0.2664137675795707,5.1417002147560645e-05,0.2591729179690213,7.813937929662897e-05,0.25480310212559254,0.00014358457158159928,0.2560478569550355,0.00031334702455788275,0.2559691912708601,0.0005749437016193069,0.495030152797155,0.26979376416950684,0.1236272216030243,0.06727849833599456,0.044270363094319136,0.1115488614303137,0.658016516260948
RWTT_Train,RWT128,16,973501,0.4718474919278004,0.016242703044571233,0.516032300096721,0.00036446247753096905,0.4875786208705283,0.00027324504350645373,0.9622220372804997,0.0377779627195003,3.7399797226710603,9.052985508420666e-05,0.2674080458058081,4.441204209029575e-05,0.25867195242814667,8.576850841957173e-05,0.2539279455879295,0.00018079951595846634,0.2587870635709691,0.00036512394219777273,0.24361581920903955,0.0007897986592254512,0.5387797406504738,0.2490778891363497,0.12333664432067275,0.05850900629230355,0.03029671960020008,0.08880572589250364,0.5178129235154246
RWTT_Train,RWT129,16,1213193,0.4678367028033727,0.03423634381042101,0.520804303367714,0.0012090450943968434,0.4834266648939109,0.0009502445829562001,0.9406717380512586,0.05932826194874139,3.7966621963694154,0.0006151471976514492,0.26340656433065474,0.0002800012555278342,0.25717620625666926,0.00036088249679959965,0.25507398033680523,0.000528262046939068,0.2571673901636216,0.0008305792823136517,0.26191801150064925,0.001180973433378397,0.37129373558178524,0.2611310938171314,0.16608365881101186,0.11346013936951282,0.08803137242055871,0.20149151179007152,0.7758792903811034
RWTT_Train,RWT13,16,832331,0.3701438363899288,0.02561314377895202,0.49103383011677065,0.00029067605651678097,0.509398427331942,0.0002604684907595578,0.9789352364411974,0.021064763558802577,3.8336671348297733,0.0031264685524535728,0.26151374873698086,0.0013066159042509173,0.25644795236738854,0.0011844087418130874,0.25523109996417054,0.0014243488496991168,0.2472801291499965,0.0014800536898744324,0.25972182798751065,0.001409029210391052,0.20707447125584147,0.2175124071245809,0.20932588392078352,0.17406368310396741,0.1920235545948268,0.36608723769879425,1.1031798889383033
RWTT_Train,RWT130,32,3122185,0.36812796247424306,0.022241018723255485,0.4025200256971857,0.0047576109720045,0.5595575033886974,0.006565085243284863,0.6626506858367371,0.3373493141632628,3.449759062963918,0.0008661414869708202,0.28238589321260593,0.0003870512616633939,0.24968440250844712,0.000594153660386043,0.24664640655591746,0.0008141883223503568,0.2512892294091646,0.0010455139128076538,0.25322486074464967,0.001200465409804017,0.29704398441338054,0.2587026797137874,0.20146331694245084,0.14701778926198109,0.09577222966840016,0.24279001893038124,0.651432933042797
RWTT_Train,RWT131,16,1533248,0.5198065249615478,0.036808620142995574,0.49487387234379304,0.00016813387870792673,0.5144740295341208,0.00029477643899578077,0.9875800560915571,0.01241994390844294,3.6685845994907544,0.00021827626174817798,0.27179034311474726,0.00010431564728733608,0.25965991716300074,0.00017893591938527952,0.2559469900005545,0.0003565140728999066,0.25329481855930674,0.0006270461789312248,0.25531004989308625,0.0010794062233027292,0.46006219544353927,0.26725827171989053,0.15195266021627202,0.07626568213050965,0.0444611904897884,0.12072687262029805,0.5829776807569124
RWTT_Train,RWT132,32,2814262,0.34653501524955965,0.016048708087764027,0.4744831922264386,0.0012433957736107948,0.5316149109213212,0.0012944836937646698,0.8634564058708184,0.1365435941291816,3.379708783332895,0.00017931465145626783,0.29030772543565597,7.97868146057736e-05,0.26557952122516226,0.00010898290352409244,0.2581816673502966,0.00017697555932042838,0.2570332024277044,0.00028311019009039074,0.2547399124939232,0.0004503249081830608,0.4096915466549776,0.257564814968589,0.16100684039587254,0.0991492442287587,0.07258755375180224,0.17173679798056096,0.7321039541595203
RWTT_Train,RWT133,16,1464424,0.4718127031570023,0.009033322735727517,0.4702519333388006,6.42692826736957e-05,0.5209235129695093,2.1352093740156786e-05,0.9906106041049366,0.009389395895063372,3.639661737311052,0.00017319137138935062,0.2738093612232523,8.292210477128059e-05,0.2595311903794021,0.0001255882625807848,0.25362033344544277,0.00018466161321821508,0.24972530595233586,0.0002742704308485517,0.2609619177666515,0.0003194033008073248,0.32366082848635475,0.277926354090189,0.1871230841158034,0.1272623075976881,0.08402742570996467,0.2112897333076528,0.6602695432460565
RWTT_Train,RWT134,32,2338725,0.4697145631847806,0.02837028856625698,0.3968534166031045,0.0027158453390269954,0.5662663286410224,0.0014162219181177993,0.8728686843625748,0.12713131563742516,3.486166180290543,0.0010372031922452115,0.2834232327443372,0.0004430591790181271,0.26386250865581756,0.0004077268120142982,0.25811744929988967,0.00042588143072630713,0.25438033004762434,0.000591871029103105,0.26872169975618254,0.0008474129757810273,0.3120133031349895,0.2179240111943774,0.15680745485670594,0.15012301325222205,0.16313221756170507,0.31325523081392714,1.0866569623647655
RWTT_Train,RWT135,16,990564,0.4775177167162077,0.014499179827903691,0.497836621307587,7.262609481251125e-05,0.5036778269989551,0.0002050239870212689,0.9812104434083783,0.018789556591621685,3.7588686849108184,0.0003497366021626047,0.2657910039129223,0.0001593315719635802,0.2582088475138919,0.00021740476363800622,0.2586272836927422,0.00036083208819314366,0.25327039017176656,0.0006060945044306396,0.24927015495171795,0.0010775477800967354,0.44504502495095694,0.25032703776973714,0.1490296102494936,0.08979175702913827,0.06580657000067405,0.15559832702981233,0.7328798564362562
RWTT_Train,RWT136,16,834365,0.24308788278229393,0.02954532466085743,0.5354810240686632,0.0015648434947785894,0.4957734143154581,0.0009510844061093315,0.9215274607240436,0.07847253927595643,3.763710126862944,0.0018870259314727577,0.2655073019601733,0.0007094900845372483,0.2570577348440392,0.00034810743507423977,0.25450426720050573,0.0003023130476222185,0.25260470572000276,0.00039469935226453187,0.23818628789948101,0.0005168549978337084,0.22754258447487014,0.17376422997020974,0.13309166490553337,0.15325239338634616,0.3123491272630406,0.4656015206493868,2.0381353945684544
RWTT_Train,RWT137,16,1104000,0.5059563776640952,0.009440474438389412,0.41558467784880715,0.000805418342958858,0.5078620880789982,0.00015887076684090173,0.9073223427583241,0.0926776572416759,3.8042789855072465,0.0009894867433917942,0.2632608695652174,0.0004015784927806128,0.2559145334434352,0.0002803064192813067,0.254950994232243,0.00036069395996487987,0.2549702051363181,0.0004010353428716162,0.2626680455015512,0.00043190647312136996,0.2302861684652415,0.21382613662077904,0.1923167055788162,0.149455253184789,0.21411573615037424,0.36357098933516324,1.4326410854601275
RWTT_Train,RWT138,32,2904628,0.2880816053458755,0.01974897043985062,0.5148552811892322,0.000775371405447034,0.48948372031138787,0.0010673135483945384,0.9146575415250515,0.08534245847494844,3.5839556734976044,0.00021307703706283066,0.27768065308190926,0.00010088903461554131,0.2581187489073955,0.00016190677150829973,0.25381866389993657,0.0002198177622188407,0.25343476779834223,0.0003038669968160133,0.248805256869773,0.0004216555501781476,0.3490132815544423,0.2515171866468801,0.18194784464129105,0.13401368393259083,0.08350800322479579,0.21752168715738662,0.6231304205233288
RWTT_Train,RWT139,16,1586993,0.3710937308458212,0.00457710849859011,0.5050145263969007,0.0009053357083694813,0.49771965188610184,0.0007880480806737866,0.729944044045322,0.2700559559546781,3.6773079654415617,8.297857956952458e-05,0.27105349551006214,3.845205826689963e-05,0.2597731076808629,5.7177309508153046e-05,0.2549577605956472,9.652074589340966e-05,0.25342225342225344,0.0001579623362287972,0.2502770083102493,0.0002456703324737856,0.41234882870580436,0.2651341074345121,0.16200660500675212,0.09597006023001152,0.06454039862291998,0.16051045885293147,0.6725055550474383
RWTT_Train,RWT140,32,2108815,0.4015790590896538,0.013205028732830942,0.46204737253187417,0.0022620061001332736,0.5661553775898646,0.00690838804603322,0.5901577281574315,0.4098422718425685,3.8189997700130167,0.00037597291809437415,0.2623373790493713,0.00016514421359947008,0.25375573233843257,0.00024832262246320987,0.24934643083564248,0.0004139685818524851,0.24845731916352418,0.0006135306958582683,0.2522708980108083,0.0007824077150984046,0.35190110854880674,0.27594581167197596,0.18618937421897105,0.11168730118102149,0.07427640437922485,0.18596370556024633,0.6650389399134867
RWTT_Train,RWT141,32,2164088,0.34568355143903273,0.011622424753339744,0.49552021990909745,0.00022477308490176373,0.5059217675520027,0.00028402050116205224,0.9580591518651348,0.04194084813486517,3.699495584283079,0.00046485088015573925,0.2700079664043237,0.00021031307160531055,0.2567715348241805,0.00027425138824767326,0.2500516539253651,0.0003785570492616945,0.25215235759788895,0.00043906663038819797,0.20465116279069767,0.0011420840755537647,0.46724913392156664,0.17963082331156127,0.1548751595382032,0.11220165518320473,0.08604322804546424,0.19824488322866896,0.766862377430809
RWTT_Train,RWT142,32,2022687,0.4396522036863388,0.019598125011821094,0.5030494494950795,0.0004087017994081066,0.5008227820773739,0.00028429768329740757,0.9658471622461118,0.03415283775388821,3.80158571247059,0.0018174283364697458,0.2630120231157861,0.0007573764024534579,0.24844029316285426,0.0006975588281470692,0.2430467284062708,0.0008076540658371147,0.2376801668586371,0.0009651586150062124,0.23274394237066143,0.0009591305749030605,0.22908010777735985,0.23051985343102735,0.1929012433656271,0.166605940540609,0.18089285488537665,0.34749879542598566,1.0857527306553951
RWTT_Train,RWT143,16,1444374,0.39549117062640793,0.034950791027618805,0.4557442214697897,0.000599446824351757,0.5423291389685762,0.0004940572494057105,0.9696622150417442,0.030337784958255832,3.678184459149777,0.00025284288870875565,0.27119153349478736,0.0001265748299227874,0.2598684714400233,0.0002769486084413086,0.25731155013704554,0.0005868792751921817,0.2562232742822236,0.0010228066299916017,0.2640441066905081,0.001579412146848053,0.43962664897213827,0.2846964626598838,0.16335683476844742,0.07708816784113456,0.03523188575839587,0.11232005359953043,0.45703363752272236
RWTT_Train,RWT145,32,1649777,0.31634487978744225,0.01159831225070361,0.49311765374781175,0.00016966869103141047,0.49409957551125716,0.0002620089962724059,0.9641165379581924,0.03588346204180756,3.629977869736334,9.425950579352784e-05,0.27462438862949357,4.468732307009056e-05,0.2618364973105642,7.372358807471314e-05,0.2581808985922617,0.00013483204054837438,0.2599582081755257,0.0002372120192506746,0.2676463200200955,0.0004327174868793718,0.46872876591193924,0.25695309391053955,0.1460529280371934,0.07985895533381505,0.04840625680651275,0.1282652121403278,0.6061468823899812
RWTT_Train,RWT146,16,1134888,0.4316570643785319,0.019138064236431218,0.49467635449142433,0.0005448998368449143,0.503802879344398,9.375079612061743e-05,0.967706940349643,0.03229305965035701,3.906880678974489,0.0008605240026514011,0.2574412629263857,0.00036809108752966133,0.2515513387891172,0.00041780555057654506,0.25412613102932174,0.0006026448542914623,0.2528778711784548,0.000788477487662168,0.2758839720516621,0.000513981393993348,0.19100011986218685,0.2930053430184267,0.22394826106388033,0.15526030936489477,0.13678596669061124,0.29204627605550604,0.8810105251634859
RWTT_Train,RWT147,16,1266692,0.4167307016119617,0.023474955998489283,0.49697856400766094,0.000516085074215189,0.5143296365620995,0.0002583355403772969,0.9680643083346435,0.03193569166535649,3.8202688577807393,0.0013005085453529754,0.26103898974652084,0.0005677708231261698,0.2509254330784864,0.0006154919126860905,0.2462697360491744,0.0007463992145863885,0.24499584006264377,0.000989819180630867,0.2443068318018378,0.001128260537588851,0.27873827678681007,0.244536154148574,0.18439892554733123,0.15205810130076283,0.1402685422165218,0.2923266435172846,0.9224667480167865
RWTT_Train,RWT148,16,1268216,0.415945617997651,0.02159560683906156,0.49889948836563697,0.00016295101960148162,0.5035726083618893,0.00021201901308670612,0.9829330820543756,0.017066917945624472,3.840219647126357,0.0009166353826452422,0.260998915011323,0.0004500373400920135,0.25183759663809696,0.0005866262303497895,0.24685996713012393,0.0009002521116146841,0.24079113616483624,0.001023338531563651,0.244803229061554,0.0014520671020518904,0.32909368973069225,0.2319274727180174,0.2040314037006095,0.1329518383591341,0.10199559549154673,0.23494743385068081,0.7671619794833727
RWTT_Train,RWT149,4,209223,0.40963479539096365,0.014799510333714239,0.4739412155882411,0.0014171554737772707,0.49365489843700233,0.00025376501093435366,0.8985502866845276,0.10144971331547234,4.000353689603916,0.0036199563103974284,0.24807980002198612,0.0015675350019674784,0.23622456843403206,0.0013614826993886132,0.21874235380474677,0.0013302850876172527,0.1853094705443699,0.0014242334914265932,0.16901408450704225,0.0008498498503133589,0.13007800753092405,0.2179931605039085,0.20361341898401097,0.20838852505415448,0.239926887927002,0.4483154129811565,1.1513440476852148
RWTT_Train,RWT15,16,1231645,0.3920355261331928,0.03570867052830298,0.4957772984910459,0.0007341092687991324,0.5398659359652943,0.0019205308831786172,0.9308026313447898,0.06919736865521023,3.7201498808504074,0.004149881461836103,0.26922936398069247,0.0016308107303495624,0.25678915544564906,0.0010912646568166117,0.2514856136230182,0.0011285757882805265,0.24904268235733631,0.0014883752300068767,0.2531408213013313,0.0019468182353954303,0.26720556522442823,0.20428314126575156,0.154899787727153,0.1497787436611397,0.22383276212152758,0.3736115057826673,1.4944227508539407
RWTT_Train,RWT150,16,1062842,0.506743305394598,0.02665262450888717,0.47002321578727735,0.00044705991784857457,0.522922970045777,0.0001717870065011673,0.9773079011939368,0.022692098806063196,3.7349954179454707,0.00015573143906676102,0.2676343238223555,7.419936052795692e-05,0.2565379869433615,0.0001312979852635606,0.2530250914721883,0.0002448053837033087,0.25319540727902945,0.0003678366257942595,0.2515508021390374,0.0006302615686982507,0.4351430313667496,0.25396050202842557,0.1690176936848247,0.09065030482175289,0.05122846809824712,0.14187877292,0.565121851481674
RWTT_Train,RWT151,64,3504073,0.39964116736241456,0.01221300866416497,0.506463187566873,0.0001443702765535626,0.47241076548106564,0.00013460732161474365,0.9776674747866558,0.02233252521334412,3.2871193037359667,0.0005204226892325555,0.2976918574470338,0.00023151057984253131,0.26327010719619914,0.00032752030598934447,0.2531479175314792,0.0004091230488828923,0.2495792638195653,0.0005105120463956669,0.2550861621808541,0.0005627570202216876,0.2756689916075516,0.25007656231096365,0.20041071772774222,0.16043725664677158,0.11340647170697107,0.27384372835374265,0.706858706495173
RWTT_Train,RWT152,64,3396917,0.3521311136158182,0.041821229398955884,0.5008995547467491,0.0001688156691265208,0.5006309626617802,6.55401522661192e-05,0.9944274744920385,0.005572525507961481,3.4560979853202185,0.00036651664377438515,0.2866081214230433,0.00016841481014879473,0.25934279938865057,0.0002669250092594353,0.2558219666365667,0.0004364560966116444,0.25111080148003656,0.0006792430070702297,0.26966707768187426,0.0009296534390305257,0.37475563404234763,0.2738118669779658,0.1759412425644501,0.10760101225580965,0.06789024415942678,0.17549125641523644,0.6309442888699333
RWTT_Train,RWT153,32,1957433,0.3026135525135366,0.020841097530511443,0.4409252939727243,0.0013987384959184834,0.5516716950630178,0.0005592324601803034,0.914120572195803,0.08587942780419702,3.5995868057808362,0.00047583270512893135,0.2759307725986024,0.00021758373770440037,0.2609828259114709,0.0003213773369926374,0.2557586850263548,0.0005665943693277898,0.2513868856096749,0.0008879266199060715,0.24153150171025048,0.0014522824139445215,0.4214688564088877,0.2576863931377999,0.16443212325328135,0.09326735447420692,0.06314527272582411,0.15641262720003102,0.6770351006716604
RWTT_Train,RWT154,4,216041,0.44015741022650534,0.02914158226213928,0.4737162509730761,0.0007788861248347323,0.5230036213169723,0.0007343329575911217,0.9506368002383373,0.04936319976166267,3.873375886984415,0.0003242765759257882,0.25969607620775687,0.0001575852991537259,0.25493271544425633,0.00027083029565588796,0.25442214919946865,0.0006313545009251525,0.2453970871118439,0.0012067628283595191,0.2553191489361702,0.0015708808076862338,0.4093592501315624,0.31447295306351913,0.16452604411570984,0.07057625645442864,0.04106549623477997,0.11164175268920862,0.5818599384241374
RWTT_Train,RWT155,16,1007844,0.536909553338086,0.017786978424578492,0.4905579909620277,0.0012652985316507492,0.5103313548681014,0.000711074517171173,0.8999980822340821,0.10000191776591798,3.7315536928334145,7.210982050309491e-05,0.26766146348045927,3.541603798341219e-05,0.25788753748688653,6.884570893825879e-05,0.2526305197792088,0.00014897619286626098,0.25268847795163585,0.00029388543170771853,0.2425129475343391,0.0005980086786692952,0.5222180957935442,0.25663890174533766,0.13009520853494785,0.06012032317874799,0.030927470747422397,0.09104779392617039,0.514426222485028
RWTT_Train,RWT156,16,1500736,0.2719794219949737,0.018753240536294125,0.45500035567913183,0.001078179049205319,0.5479109345223443,0.001289224340598305,0.8879104539574033,0.1120895460425967,3.68260107040812,0.0002726881193149392,0.2709137383257282,0.00013016173824196466,0.26010035172295054,0.0002098824190005497,0.25517026165732065,0.00036901711006675136,0.25448413874888826,0.0006270264696355758,0.24858016601135868,0.00098463233060918,0.42427880224561376,0.2701861712672849,0.15900974668422022,0.0904384901629951,0.0560867896398861,0.1465252798028812,0.6201650374613976
RWTT_Train,RWT157,16,1111757,0.39821051592831125,0.027175477543515847,0.4999333694464375,0.00020715933651793694,0.507659140946035,0.0001345165975747964,0.9875831657380272,0.012416834261972768,3.7681129959154744,0.0008609966938630061,0.2654770781744572,0.00039894952869115835,0.25861099252573305,0.0005562308815960385,0.25589560842678966,0.0008449131715910012,0.25491501126356747,0.0012406538022364318,0.25326370757180156,0.0017751334630254688,0.36859995489290986,0.2576172130531825,0.1754431221222492,0.11549930308727532,0.08284040684438315,0.19833970993165848,0.7172372874127737
RWTT_Train,RWT159,8,519012,0.4905886072452422,0.03436727502014422,0.47983740324569585,0.0004883444729943676,0.5280806473098656,0.00033231737223038404,0.976677750435763,0.02332224956423703,3.878365047436283,0.00023959685615700373,0.2584429647098718,0.000119695686476339,0.2533865135870578,0.00024667397634790995,0.2545604330940332,0.0005255917207708841,0.24687933425797504,0.0009644402743686761,0.20224719101123595,0.0018995560428819124,0.5057447911232316,0.2567761277374117,0.1399354738879348,0.06567538721012935,0.031868220041292625,0.09754360725142198,0.4852384035335764
RWTT_Train,RWT16,32,1894355,0.45850910114423205,0.017830774056559112,0.48903510197818867,0.00022406863018153977,0.5113951522182629,0.00014003357891573254,0.979988750471223,0.02001124952877701,3.5654816547056916,7.36895027964919e-05,0.2787692908668122,3.727846630954228e-05,0.2620642771659269,8.40180163156269e-05,0.25826450759792763,0.00017111536765752468,0.25642101729058253,0.00029377643710808116,0.25150027277686854,0.00048300677493141273,0.4517480410752823,0.2747641169142956,0.16004129993443733,0.07858062506681235,0.034865917009172374,0.11344654207598473,0.44369610167300133
RWTT_Train,RWT160,16,1500012,0.4538473720027289,0.016542019770699495,0.49073326932077255,0.00036692590208040055,0.5032579057197547,5.633731205889614e-05,0.9750512140282275,0.024948785971772497,3.66005205291691,0.00046066313165181645,0.2722918216654267,0.0002130092060330014,0.2590019121488783,0.0002926435400974292,0.25618459735128135,0.00042044660738559954,0.25172502859673074,0.0005869413833184896,0.25021987686895336,0.0009317819323396398,0.38112454702262216,0.24007523765179803,0.171974275552518,0.11969929099041024,0.08712664878265142,0.20682593977306166,0.7278794056485398
RWTT_Train,RWT161,32,1927992,0.33569457632196664,0.028852351399654502,0.4706026292965944,0.0002177929257710931,0.5332309221403051,0.00022552840058104318,0.9848673443856919,0.015132655614308075,3.5426132473578726,0.0003961064858443568,0.2796863264992801,0.00016274258181091442,0.2622799420658602,0.00015384146160719135,0.2504207028211836,0.0004931245761405395,0.23485896603326087,0.001404318464706319,0.23058427506612167,0.0018225513730709525,0.45150896788806877,0.34789822111698754,0.12216400135722734,0.03811184725707636,0.04031696238064011,0.07842880963771647,1.0578590459992547
RWTT_Train,RWT162,16,1558217,0.24401528549721196,0.015969819838929623,0.4871358326908729,0.0008479519661501178,0.5153280423335642,0.000832157354286267,0.9048092881695886,0.09519071183041139,3.7526095530981887,7.142293441598122e-05,0.26627228428389627,3.6081003187644026e-05,0.2565785351039985,7.687121082979674e-05,0.2545065143673032,0.0001704959217621958,0.25452129622794717,0.00034748762229038833,0.2568155452436195,0.0006376386544181882,0.5026419011301891,0.2739197786662097,0.13439962219305757,0.060596532669313155,0.028442165341230445,0.08903869801054361,0.469369518161126
RWTT_Train,RWT163,16,994656,0.5019367002555943,0.010488842203590087,0.4672452433569945,5.9052920774432804e-05,0.5263386345177735,0.0001163975456396904,0.9835478571487805,0.016452142851219587,3.755125390084612,5.245286582487125e-05,0.2664861017276325,2.5833880771966467e-05,0.2589545087564419,4.750654073828713e-05,0.25520476696921574,8.992697852127306e-05,0.25209796197979106,0.00015023985933238846,0.25430253623188404,0.00023933661172102728,0.43291899257440464,0.27175820731727834,0.16266252232261091,0.08593120630071692,0.046729071484989275,0.1326602777857062,0.5437962935311362
RWTT_Train,RWT164,32,1969711,0.454672856208102,0.03430182430617834,0.48142126071827573,0.0002611724082847988,0.5267392111100949,0.000360375368656074,0.9822025268504553,0.01779747314954469,3.6657469039874377,0.0002892153063874521,0.27223739929360197,0.00013173838837429464,0.259008744398382,0.0001969520662843461,0.25444242843154197,0.0003369269571173326,0.25354424290443983,0.0005798483415236386,0.24375,0.0011847953186268775,0.4875177125261196,0.23859508273487162,0.13863817390213456,0.08104152617982743,0.05420750465704677,0.1352490308368742,0.6688855357531495
RWTT_Train,RWT165,16,1149955,0.36304890869982764,0.04092986229392087,0.4510324156997955,0.0006125600390894104,0.5541577477754491,0.0011561529461533437,0.9585767681080951,0.04142323189190493,3.7669874038549334,0.0013853238868674841,0.2658677948267541,0.0006171189514766473,0.25637151006096764,0.0007823176498612531,0.2555306065168023,0.0012084208366818616,0.2522342603225323,0.0017451078154626736,0.24841646872525733,0.0025684447590014797,0.3710869251162498,0.2521318361887363,0.17459171389966402,0.11302865289734505,0.08916087189800498,0.20218952479535005,0.7888342434637587
RWTT_Train,RWT167,16,1096049,0.4654236607319332,0.02064015959821902,0.508267527390977,0.0002710242589363254,0.5049315239107998,0.0006601610191878104,0.9568323030639899,0.04316769693601011,3.7195672821196863,0.0006127886508926583,0.2685865321714631,0.00028157072871700935,0.25840738627099297,0.000406431254915673,0.2546699793613861,0.0006658196582069048,0.25225829763072316,0.0010076881107614253,0.2459586658481686,0.0015038905657560702,0.38906463545676717,0.26069437257917044,0.1722511521109149,0.10514596715519989,0.07284387269794758,0.17798983985314748,0.6927880799310823
RWTT_Train,RWT168,32,2425626,0.47521589797649416,0.016802538399016798,0.5010609102160875,0.00030803441252524877,0.5028518153785093,0.00017102008932140533,0.9722794938756647,0.027720506124335263,3.494317755498993,8.565903286849434e-05,0.28255262765158357,4.2438851136201025e-05,0.26264468525622037,0.00010089708568758113,0.25702746544598015,0.0002296445129950014,0.25050251799338624,0.00045414946692704617,0.2515099223468507,0.0006918816471466211,0.45548148782599246,0.2989769648384329,0.15118022696716002,0.06642285555024574,0.027938464818168945,0.09436132036841467,0.4206152323131429
RWTT_Train,RWT169,16,1572422,0.43804924108461096,0.0026407107234864557,0.47945750725366687,0.00017284692674057744,0.5216285462358816,0.00019397664652520685,0.8780317904730437,0.12196820952695628,3.633064151989733,0.00012692664097789175,0.27389593887645935,5.701295287840675e-05,0.2608711804588093,6.70463988728456e-05,0.2577346197664483,9.086054213973113e-05,0.257657906551093,0.00013227233878347053,0.26135906714917573,0.00017132000869201028,0.3304068737905224,0.2550997415892937,0.17523316691671784,0.1293053346168925,0.10995488308657347,0.23926021770346598,0.8503507099096044
RWTT_Train,RWT17,32,1936730,0.4606722544802832,0.02408734604666793,0.5078716077139184,0.00018750364050085233,0.4795491797018616,0.0003186995181583552,0.9794172384622891,0.020582761537710884,3.576625549250541,0.0002922444286117568,0.2777165634858757,0.0001350005900665327,0.2617585923526853,0.00019356921039789083,0.25687903970452447,0.0003243914487604435,0.2547143726151634,0.0005790482203462681,0.25271385149804604,0.0009733596426447076,0.4413590619607098,0.26256295018318726,0.14709168046455112,0.08777179716795905,0.0612145102235929,0.14898630739155194,0.6974280144503998
RWTT_Train,RWT170,8,615152,0.40735670485015607,0.028961781513904494,0.49326179059447167,0.0009931677357565005,0.5300528846942486,0.0014094395301819107,0.9233969683642455,0.07660303163575455,3.8274962935989802,0.0010127592986192108,0.2625871329362499,0.000462011639674199,0.25728807473488063,0.0006165663727068187,0.2566169393647738,0.0010025037451788542,0.25700890764181905,0.0016792260196400747,0.26121853338197737,0.0021504571062635983,0.3638204443353683,0.2840962299715252,0.16960643249125731,0.10431245107241142,0.07816444212943773,0.18247689320184915,0.7493299344982094
RWTT_Train,RWT171,16,875080,0.40225770131492694,0.030892585777519965,0.4272082013924556,0.0016713306019378593,0.5730602787061682,0.002920539487136553,0.8705948850860844,0.1294051149139156,3.7406568542304703,0.0002770805166457886,0.26711272112264023,0.0001404117550001589,0.25910286851055636,0.00035198733005833326,0.25706690443167557,0.0009142104914358715,0.2596827028068598,0.0016503402550896355,0.25352461043779373,0.0023976358638562035,0.4395633321629767,0.30256014796307046,0.1676040202650243,0.0645305344368463,0.02574196517208209,0.0902724996089284,0.3989113897278322
RWTT_Train,RWT172,16,1399206,0.5315418721424104,0.02861194124580191,0.49904811503320295,0.0004771364052635618,0.507954605335974,0.0002987662639761801,0.9735978361841439,0.02640216381585618,3.7309774257686144,0.00014544625990173875,0.2680284389861107,7.386700039266344e-05,0.2573921344329875,0.00016837212077136328,0.2549182111075428,0.0003354726050795421,0.25870687202828463,0.0005216827949478147,0.25322023248507697,0.000778708301564047,0.41462495670049454,0.27777115748244047,0.17862313022210277,0.08965010793410055,0.0393306476608616,0.12898075559496217,0.438712775335112
RWTT_Train,RWT173,16,1499175,0.36049672782252434,0.03130461684263955,0.4399437242195905,0.0016418394179257279,0.576496351388038,0.0015131623629627278,0.9084435084625598,0.09155649153744012,3.638414461287041,0.00015205090230877773,0.27310087214634715,6.907573776049693e-05,0.25982228778826943,9.452778221138358e-05,0.2568106187369569,0.0001475920020731883,0.2583549910318826,0.00024664432609838106,0.26282232927174837,0.0003506974695807316,0.38600227281715044,0.2714740729816215,0.16245012636673561,0.10404391802878132,0.07602960980571115,0.18007352783449246,0.7307453549056018
RWTT_Train,RWT174,32,2007198,0.4614124088151897,0.008223860537734384,0.4042428692469158,0.0006748395708812971,0.5867973881099839,0.0003563713627087739,0.8885788254812366,0.11142117451876346,3.5296916397884015,0.000142721542647744,0.28052788015930663,7.139996307546127e-05,0.2637179771788838,0.00014212035532797503,0.2581199113762938,0.00025300643175062555,0.2566464035064833,0.00037062615724943107,0.2616651418115279,0.0004752757452601581,0.3621345391199423,0.2823971851705794,0.19277728449248205,0.10828806201352997,0.0544029292034663,0.16269099121699626,0.502390828609242
RWTT_Train,RWT175,32,2917099,0.48309254912258,0.024634074928565786,0.48615715957098365,0.0003973565551288194,0.5083308301978267,0.0002214331234565714,0.9754962580201629,0.02450374197983702,3.4968672643609287,0.001488259817421407,0.2833455429520904,0.0006133472886711411,0.2600444983769828,0.0005217905587473365,0.25410465294804574,0.0005303303319471258,0.2515150960323709,0.0006230373399361937,0.2559510810220572,0.0007383306214888414,0.24392817686390597,0.2058378157773187,0.17520946205188315,0.172388109060651,0.20263643624624125,0.3750245453068922,1.1754664364637124
RWTT_Train,RWT176,32,1702624,0.47332193672366746,0.012487709888403697,0.5037374352026255,0.0004540068248309326,0.49955158535225136,0.0003743206324790249,0.9377947481067563,0.06220525189324365,3.711761375382938,0.0004051038533352372,0.26917452120961527,0.00018355397059694272,0.25850801762152986,0.00025339852851346975,0.25630723781388476,0.00037109717039507996,0.2547586116050846,0.0005066163453035501,0.2615046535677353,0.0007364621872892687,0.3590522457522964,0.24699399324980262,0.1809234400928456,0.12354104841142653,0.08948927249362881,0.21303032090505536,0.7243687312382544
RWTT_Train,RWT178,16,919128,0.45006561410894885,0.019692693142822876,0.5143544958085593,0.00021108780325906906,0.5169241348235257,0.000627995338887688,0.959132462262361,0.04086753773763896,3.756908722180153,0.00040851272060917057,0.2659879799113943,0.0001995551991522167,0.25786474801310555,0.0003222922228391404,0.25360870530757273,0.0005537916895151693,0.24818613960470354,0.0008592481241821453,0.24647177419354838,0.0014114721978648027,0.4217933625755111,0.25677101974360117,0.16549079694260518,0.09631129866312677,0.05963352207515571,0.15594482073828247,0.6191747271910341
RWTT_Train,RWT179,32,2079954,0.4884684168976942,0.00840971192816145,0.4694607440074373,0.00018611901834383882,0.5180854439559746,6.39355507340289e-05,0.9711245598645664,0.02887544013543363,3.553289159279484,3.0314509404972145e-05,0.2791292499737975,1.4511605327373633e-05,0.26251687978834815,2.8896575873356646e-05,0.2577963532815873,6.454357146143688e-05,0.2557583161538266,0.00017025161338215616,0.2609214847248482,0.00029884756593657287,0.517887675721606,0.2950374116851656,0.1118507360171349,0.050076300499438925,0.025147876076654623,0.07522417657609354,0.502191172787143
RWTT_Train,RWT18,16,1124836,0.4104705428012293,0.023204632952929127,0.4559204434507891,0.0010419798001083946,0.5247682869255209,0.0003675543883721044,0.9427348412650871,0.05726515873491288,3.7479792609767113,0.0017938118303915814,0.2662592591275528,0.0008172167546588023,0.25372456577339414,0.0009659933182222066,0.24837478615607317,0.0011628559212432444,0.2457878563102681,0.0013420506363849083,0.2461737443414529,0.0015844799023768388,0.26980908589648495,0.22852764171172804,0.1980139304192546,0.16449168826987054,0.13915765370266178,0.3036493419725323,0.8459859289325008
RWTT_Train,RWT180,32,2473007,0.31330207871964466,0.008762521792343408,0.4467876939209598,0.0005827303650223492,0.5584021376769968,0.0003374627913259598,0.9049653778692885,0.09503462213071151,3.4418277020647334,0.0001858717075087482,0.2862951863864518,8.508654069067651e-05,0.262955325489753,0.00013582366392462164,0.25590976232039747,0.00020894238272136962,0.25048274704055074,0.00030447277535034943,0.24912016088486677,0.00040201197953247604,0.3537787280203839,0.26794224218281293,0.18387355141675052,0.11952758998426555,0.07487788839578706,0.19440547838005262,0.6264485748072381
RWTT_Train,RWT181,16,1170225,0.4590650396861119,0.003453476682136719,0.4328694090084068,0.0005842788713272817,0.5719546124287052,0.000656359998427003,0.7357033809586347,0.26429661904136525,3.727997607297742,0.00031211094549042043,0.267480185434425,0.00014071632481157988,0.2587536580067218,0.00014887342990735404,0.2542565406887015,0.00016773837294637272,0.2569319671733113,0.00018354947439554574,0.25326025326025325,0.00019850401350223328,0.23648839791311138,0.21867225942566607,0.19983565262368552,0.1773608417757455,0.16764284826179165,0.3450036900375371,0.945207784217436
RWTT_Train,RWT183,32,1771904,0.44029115625968573,0.026557222869763836,0.44457130052100374,0.00020135616510097432,0.5492786231812372,0.00018723585467284032,0.985578761623398,0.014421238376602025,3.5614017463700063,0.0004491696879550085,0.2785794264249079,0.00019734484286525167,0.2628743800849243,0.00024711090056936386,0.2570688738353409,0.0004139524415942858,0.2565578439308091,0.0007648266497271498,0.26174339799018465,0.001276324223768172,0.4401787299403302,0.263773433922198,0.14276392832121637,0.08522361351561326,0.06806029430064221,0.15328390781625548,0.7986084078466507
RWTT_Train,RWT184,32,2183447,0.42737790951469934,0.016458259911666717,0.457735065855635,0.00036202101422647126,0.5452084565673737,0.00026066196487184445,0.9635451635732021,0.0364548364267979,3.519615543679329,0.0006902577271096625,0.28080370166988255,0.0002993223984676286,0.2631507698329854,0.0003508826307675024,0.25752589204365856,0.0004651368997967321,0.2589651022864019,0.0005538161748234101,0.26161710037174724,0.0005437265308016743,0.24570938868033917,0.2502688871122581,0.2101948255738329,0.1585634539063524,0.13526344472721735,0.2938268986335698,0.8530556152434972
RWTT_Train,RWT185,16,1167007,0.5012218838413554,0.03132821895146065,0.49734558431736464,0.00011753862956892513,0.5079408419562693,0.00019733262008619912,0.9900492888762166,0.0099507111237834,3.7983748169462563,0.00027486199372227043,0.26332404175810425,0.00012540839882318146,0.25638055196696397,0.00018727542789790354,0.25448683776305436,0.00036887165037122644,0.2522194513715711,0.0007509300256686523,0.25687166304132886,0.0015163767330234068,0.514224338669407,0.2546507654905458,0.12508948227386754,0.06350768972023205,0.04252772384594765,0.1060354135661797,0.6696468417178042
RWTT_Train,RWT186,16,1136812,0.49214040907519035,0.015414779073988416,0.45822810693587956,8.286023000989018e-05,0.5383788123414953,0.00010765336480533794,0.9877917320194781,0.012208267980521863,3.7233192471578413,4.0859544646108077e-05,0.2684040984789042,2.0023396137445876e-05,0.2591823023351086,3.730914429883306e-05,0.2581970840762237,7.813568679769201e-05,0.2525099172339488,0.0001553653703870315,0.25155159038013963,0.00028462705232016813,0.4946073243222896,0.26998435149808164,0.1357793739774906,0.06483352823976266,0.03479542196237548,0.09962895020213815,0.5366886996138414
RWTT_Train,RWT187,16,1098528,0.2611003372213227,0.024168438760933414,0.5395966829515592,0.0008797224910785384,0.4844213385512979,0.0005039728306391045,0.9458481504033309,0.05415184959666912,3.730411969471875,0.006677213264801775,0.2698310830493169,0.0026127666662499978,0.26173262667120983,0.0015793610457622352,0.2666082338686809,0.001282538227053108,0.28742022819570684,0.0011269849861971803,0.30967199327165684,0.001156144698695556,0.14903005373396053,0.145271291076135,0.16532250773561225,0.20358373980422484,0.3367924076500674,0.5403761474542922,1.6543187976306062
RWTT_Train,RWT188,4,389090,0.46831698662390037,0.011133517732840631,0.44805452965920256,0.00031485192829383557,0.5327731225549431,8.530492845998383e-05,0.9653053453480613,0.034694654651938626,3.893813770592922,0.0014447708370487606,0.25680690842735615,0.0006619604543488408,0.25195904764764165,0.0005968918184037181,0.2515888147442008,0.0005875922377444862,0.2455004736343543,0.0005878539322182829,0.2405144694533762,0.0006098397110186302,0.20033246857426532,0.19311013578579467,0.19302416909815412,0.19607908322806145,0.2174541433137245,0.4135332265417859,1.1090124440290325
RWTT_Train,RWT189,16,1409055,0.49748163574241583,0.013671041140335488,0.4841174523628754,0.00023160737354799288,0.5125754755394374,0.00012877490179918905,0.974316057275815,0.025683942724184998,3.6638073034764433,9.030711003628235e-05,0.2723818445695874,4.513060733632159e-05,0.2590326757877129,9.797865258266194e-05,0.25551967973284245,0.00019973196339008196,0.2498523796402,0.000357251124998993,0.24862139593508745,0.0005755448064749947,0.45118222240310746,0.2800570081072548,0.15657427556196438,0.07680761901241824,0.03537887491525513,0.11218649392767338,0.4606167378985552
RWTT_Train,RWT190,64,3913719,0.25645952259367544,0.024274782580582813,0.47771786550713025,0.0005072885610512279,0.5267078906779118,0.00036344128240245466,0.9653723563564625,0.03462764364353758,3.248105446507529,0.0008970418922763961,0.30232778592433435,0.0003800212527657566,0.2614834359623605,0.00046297231012125737,0.2519118017802543,0.0006251251255014534,0.2515524762637927,0.0008164705901111931,0.24997449760277465,0.0011014189077447058,0.32528536470148306,0.24113071947909012,0.18462008687427858,0.1367310073265856,0.11223282161856257,0.24896382894514818,0.8208293335431335
RWTT_Train,RWT191,32,2081948,0.29065921792436766,0.01662881224705666,0.4642090459437454,0.001384967381548502,0.5476918105053646,0.0017511346083264323,0.8413298457923489,0.15867015420765107,3.504463127801463,0.00020431815630084468,0.28203057905384765,9.645626441494705e-05,0.2646800857668864,0.00014709248833729452,0.25718569231660154,0.0003021666380979702,0.2156117087815862,0.0017151636532852308,0.22255743792063123,0.001799813764837537,0.4432282493421957,0.4223820254256134,0.07441258236285878,0.03622349565873632,0.0237536472105957,0.05997714286933202,0.6557524827084666
RWTT_Train,RWT192,32,1967773,0.36187033438007327,0.011771156870289678,0.47109082075995523,0.00028167136199269693,0.5320966657011658,0.00028742734287473537,0.953882745669132,0.046117254330868,3.5749204811733875,6.74379175258795e-05,0.27789384242999576,3.0787239232808194e-05,0.26189762120724464,5.344949361590394e-05,0.25585487452344047,0.00012124264728194524,0.25487145898149666,0.00023058433493305385,0.25880715280008565,0.0003716142783329234,0.460102022552484,0.28549042665301205,0.15011260461866438,0.06617673633910186,0.038118209836737735,0.10429494617583959,0.5760061910791878
RWTT_Train,RWT193,32,1767969,0.35058415259010334,0.023507936489521528,0.5261229121409405,0.0010253103947238662,0.4920900402532431,0.00021835087359795002,0.9497543035205587,0.05024569647944129,3.6257095005625097,0.0019925905793879224,0.2744109201009746,0.0008145399702094979,0.258666391837576,0.0007757701093512783,0.2502310904280751,0.001206199640386786,0.2397936437169607,0.0018734174316791996,0.23798140770252324,0.0019635140288361947,0.29600232751278555,0.28242014675533034,0.18183618540846153,0.11694836635261104,0.12279297397081167,0.23974134032342267,1.0499759663215693
RWTT_Train,RWT194,32,2430429,0.40344501358305807,0.024356716578010917,0.5209716673064314,6.724460162560453e-05,0.4827665480632981,0.00011931743579832177,0.9923986505492138,0.007601349450786117,3.512123991278906,0.0014017176735698993,0.28223535844906394,0.0005735117324162581,0.263458283585027,0.0005821066842224669,0.2575033200531209,0.0008194364048932285,0.25601684717208184,0.0011557273709551564,0.25407084102736277,0.0015299581218956308,0.32826504346836916,0.24797077137909984,0.17581679081421922,0.12489575581504159,0.12305163852327029,0.24794739433831187,0.9852347481326568
RWTT_Train,RWT195,16,895769,0.5800479462634649,0.008941861643712357,0.4677280069864222,0.00019265923975078647,0.5270500320296508,0.00013736924647006488,0.964405479185372,0.03559452081462799,3.88697085967476,0.0014003729815163215,0.2589852964324508,0.0005676151733780267,0.25878590117720085,0.000373136105182057,0.23360983409954028,0.00040758269164365514,0.2509090909090909,0.0004436707490924114,0.2463768115942029,0.00038366935017967167,0.1763450489034453,0.20392335199329903,0.18733628228692026,0.1715036780633027,0.2608916387530327,0.43239531681633536,1.5212014208624527
RWTT_Train,RWT196,16,1004013,0.4090775523276129,0.010265060281918481,0.5023611953114507,0.0005196700400816323,0.5013440245901183,9.115085606253848e-05,0.9438371120331623,0.05616288796683763,3.7727419864085423,0.0009713045272289993,0.2654059260188862,0.0004133976698449109,0.2565382349298798,0.0003576062155085279,0.256582796957285,0.0003502893707109504,0.24566704675028506,0.0003448522040804159,0.2524947783708517,0.00031794753193676716,0.17821242129638387,0.19329272947710152,0.19634030976280775,0.20044146638976176,0.23171307307394523,0.432154539463707,1.1560136594858836
RWTT_Train,RWT197,64,3630545,0.36401443384648097,0.027648162348324234,0.4583136725309828,0.0008378434920559563,0.5358336570945107,0.000782066860677888,0.9446526469549434,0.055347353045056585,3.255715051046055,0.00015368422263694882,0.30008469802743115,7.443853866679375e-05,0.26675239634648373,0.00015896711491500843,0.2606402196690512,0.0003167440257668146,0.26204338125602333,0.0005568546114473319,0.26379162678220563,0.000871265985464626,0.44041807427422736,0.2814856079726003,0.16011160333740646,0.0803566210454802,0.037628093370285685,0.11798471441576588,0.46826375824076716
RWTT_Train,RWT198,16,1442461,0.33387988117964434,0.01611341522900546,0.4533042267292828,0.004686251858419144,0.6372918920307687,0.005739105038189307,0.6071650622243215,0.39283493777567846,3.7261360965738417,0.0004763990178025385,0.2676169407699758,0.00022971393377167412,0.25445370401552225,0.00046103143053212453,0.24339787836214444,0.0009553060610645933,0.23987786514974066,0.0012893964119939573,0.25143853530950305,0.0013679531454644477,0.3178772210452657,0.2996226512796363,0.22198862362044555,0.10713187833806843,0.053379625716583994,0.16051150405465242,0.4982608962398448
RWTT_Train,RWT199,16,987774,0.3780353608233934,0.03902134432914234,0.4798769403908315,0.0005402227437275031,0.5211077704126847,0.0003905747758452538,0.9767021872545065,0.023297812745493453,3.7402887705082337,0.0006324953047231745,0.2672483786777137,0.00028915880396539987,0.25954519454051617,0.0003732041325059059,0.2555790702765818,0.0005178597166096543,0.25686711210096513,0.0007307449801805489,0.2567807914628724,0.00116182858735126,0.3781014112024556,0.2378110775060852,0.16853044570146733,0.12145424092961248,0.09410282466037939,0.21555706558999188,0.7748006487061715
RWTT_Train,RWT2,32,2300692,0.3098436969023765,0.017906450980947494,0.48595428401201374,0.000368544067979093,0.5207508707235378,0.00023121580315516033,0.9675914277683275,0.03240857223167253,3.4754786820660915,0.00019032455219957504,0.284067141538285,8.63268969992078e-05,0.26146085003312675,0.0001452045708860769,0.2486920492983298,0.00028498732045775837,0.23854009789156627,0.0005276372303425198,0.243661832889415,0.0007845104560755395,0.4290068565827611,0.2885366126764316,0.1558443403382179,0.07940462237929226,0.04720756802329718,0.12661219040258945,0.5945191426992836
RWTT_Train,RWT200,8,769905,0.296715485534185,0.01819721742999121,0.4870730086765152,0.0013346571563332965,0.5311950288900915,0.0010619496825548524,0.8836249737981006,0.11637502620189948,3.7843318331482454,0.0001406833551079172,0.2644754872354381,6.67409388380719e-05,0.2566827586545592,0.00010071483982283375,0.24832587150346305,0.00021441136578911784,0.2459357423530318,0.000444970296837759,0.24154135338345864,0.0008005215702108461,0.4919145465471991,0.2734309354565761,0.1317541883961224,0.06188851944236069,0.04101181015774167,0.10290032960010237,0.6626723425810445
RWTT_Train,RWT201,32,2963518,0.49014224505087506,0.01646731213069194,0.4973848189516518,0.0002233502571279411,0.5043774672534187,0.0001341094804969134,0.9787539622871204,0.021246037712879605,3.338355967468394,5.4009755156909834e-05,0.29320287577129617,2.607225351601881e-05,0.26584855543484265,6.18281776150954e-05,0.2602435508378824,0.0001260459148182454,0.26066271874376207,0.0001917740365210612,0.25143586470963625,0.00029874996287778657,0.4240774148273334,0.27222442759641025,0.17892295346505055,0.08776547944617145,0.03700972466503434,0.1247752041112058,0.42168885646814286
RWTT_Train,RWT202,32,2098065,0.5632490705801804,0.01154885232830094,0.4726900764574848,0.000652380155726412,0.519745756128328,0.0001820006201539437,0.9326201187637645,0.0673798812362355,3.570285000703029,5.01876370404019e-05,0.278238281464111,2.2375216599094883e-05,0.26220617306368005,3.854549580682497e-05,0.2589601871088289,8.088422641794346e-05,0.2601291689792623,0.00016710710079043424,0.2525458248472505,0.0003629579461100161,0.5402205096551932,0.24871940158226205,0.12038672382536289,0.057370468432625034,0.03330289650455682,0.09067336493718185,0.5804884884924237
RWTT_Train,RWT204,32,1895358,0.30879553386251596,0.03397434794703967,0.49230099273089495,0.00023200673359471957,0.5065506153993414,0.00011580166331925934,0.9898663594026996,0.010133640597300363,3.583571019300839,4.7076473633411694e-05,0.27708485679222605,2.299134502563468e-05,0.2619165040224687,5.020277064040399e-05,0.2580478655344888,0.00011306464954955087,0.2547964502042541,0.00024191804563458133,0.25718708536046,0.0003879549280570636,0.4753582167708839,0.29642033767550724,0.13853725343525986,0.061513072273874994,0.02817111984447402,0.08968419211834901,0.4579696445504719
RWTT_Train,RWT205,32,2012189,0.6016802539881815,0.01654241533254336,0.4973792909776455,9.792272908590305e-05,0.5041323486130781,4.06975343259508e-05,0.9916899485877564,0.008310051412243629,3.7506834596551317,0.0009489450758618112,0.26615293096225057,0.00040391668589754616,0.2546036784613948,0.000370334149007986,0.2518683123950335,0.00045820183795902746,0.24913373904434674,0.0007203898288072829,0.2321178120617111,0.0012319246097554604,0.3868178006910384,0.22619858959935973,0.1438729495525584,0.11628296074748617,0.12682769940955732,0.24311066015704352,1.0906817180633157
RWTT_Train,RWT206,32,1671126,0.47668852501772885,0.026621652465779105,0.4989589859301283,0.00022610371080880598,0.503045546850158,0.00016167282766521573,0.9856429197961586,0.014357080203841377,3.6267869687863152,7.780083521655066e-05,0.27474708669483927,3.763196162809132e-05,0.262135266815787,7.261953553580828e-05,0.2603941639801921,0.0001660828150853331,0.256126356094448,0.0003510307594055149,0.26672480378721813,0.0006066241937201988,0.49159600552592864,0.284468243975246,0.1345901619613109,0.05884940620917225,0.03049618232834212,0.08934558853751437,0.5182071373829596
RWTT_Train,RWT207,32,1672928,0.4191480893731505,0.009551919628125793,0.48234155160952563,0.00041263185669238034,0.519996329699175,0.00019507353798858817,0.9401842692700995,0.0598157307299005,3.5851429350217106,6.0014853064518105e-05,0.27756484439258594,2.9091766986652978e-05,0.26323905019102134,5.394385808812525e-05,0.25822602549208895,0.00010468622548809645,0.2597262704346724,0.00017633696604548292,0.25628202000487926,0.00029326271513192343,0.44614804318900136,0.26826592090879,0.1592618230699611,0.08206616622660612,0.04425804660564144,0.12632421283224757,0.5392971140315416
RWTT_Train,RWT208,16,1123728,0.41624585943692827,0.015893371094774372,0.48327335138737,0.00043677112298523557,0.514602322566798,0.0001665623940193539,0.9634270279305481,0.03657297206945185,3.7164527358933834,0.00021298654812286098,0.26878746458217645,0.00010149184267249845,0.2579557945200037,0.00015276027649958172,0.2563210719511256,0.0002365156284153634,0.2558209403635271,0.00033396419970946513,0.25112546486592285,0.00045154955336649876,0.3538009076616598,0.2616697018141151,0.18531619262084678,0.11969167963351139,0.07952151826986702,0.19921319790337838,0.6643863509423299
RWTT_Train,RWT209,32,1699286,0.396372696765589,0.005256277214907429,0.4407825787245642,9.659504614714653e-05,0.5444667775967291,8.450773591267557e-05,0.9666930061609021,0.03330699383909785,3.5918662308757914,4.265681639103305e-05,0.2763872591194184,2.0591680968479064e-05,0.26225511592403883,3.8320121050986806e-05,0.25846181325149586,7.085779899536014e-05,0.2591487356682896,0.00011075543025000924,0.2644848484848485,0.00016323513592174743,0.4042873695520202,0.2743099474664814,0.17549477326874557,0.0949081265693022,0.05099978314345057,0.14590790971275278,0.5373594968836559
RWTT_Train,RWT210,32,2122393,0.4210286483432614,0.018734120809743654,0.48964041274605274,0.00016025506975569925,0.5111935836706142,0.00011484619745272262,0.9855280102418305,0.0144719897581696,3.537823579327674,0.00016133620960598723,0.28010175306835255,7.514018752334885e-05,0.2621155081869043,0.00012114166131069652,0.25424838279084094,0.00023168441230973398,0.25051744156696454,0.00041334219000718964,0.24463476070528967,0.0006578592727809446,0.4388163260716131,0.27571444035835047,0.154542022624452,0.08080594277535173,0.05012126817023271,0.13092721094558446,0.620267104729842
RWTT_Train,RWT211,32,1721224,0.3925621337364668,0.01974133001890177,0.45737780119629035,0.00043221947825547447,0.5348201137166061,0.0005201055336714888,0.9539798546700319,0.04602014532996807,3.598455517701357,0.001260113314621084,0.2766287246749987,0.0005499818564147045,0.2615218213130592,0.0006171135170929578,0.2549529798186651,0.000705463031651674,0.25356726619838094,0.0008360962567440562,0.25093167701863356,0.0009947521492721556,0.2686046119131044,0.22576408679192866,0.19049028843464907,0.16663400716084756,0.14850700569947037,0.31514101286031787,0.8912166743737991
RWTT_Train,RWT212,32,2072056,0.2740460439179259,0.007541081234298225,0.47584400761528145,0.000267290060565778,0.5234886583994987,0.00017335365678389225,0.9447934224720816,0.055206577527918396,3.56456389209558,0.000217648199748551,0.2787825232522673,9.612045630118456e-05,0.2600471217149396,0.00012714762558876613,0.25367301969816997,0.00019139370470593796,0.2532409594289613,0.0002688246580737871,0.2478756476683938,0.0003061383725606554,0.30934791370475806,0.2716430038872189,0.19340026783240205,0.12848063566616585,0.09712817890945526,0.22560881457562112,0.7559752363136311
RWTT_Train,RWT213,16,1309432,0.6924866414882864,0.01796802143918813,0.4405967641110208,0.00047600194279018293,0.540601383842099,0.00018899286978568686,0.9643109412029351,0.03568905879706482,3.8620149805411814,0.0010042328822076898,0.2587854886698966,0.0004461676798260931,0.251639310397743,0.0006461272070070608,0.25171512002908375,0.001178486941287712,0.2449217294073798,0.0016780915757666954,0.26193646566482787,0.0015644661326149765,0.28376016428101525,0.3043693508546756,0.21375192539571056,0.11719343652412535,0.08092512294447327,0.19811855946859863,0.6905260682223794
RWTT_Train,RWT214,16,993570,0.4410039278955831,0.02783426607225356,0.43152703663774433,0.0025284718883634705,0.5748683628396768,0.0033807585903979365,0.8248779444113754,0.17512205558862465,3.7938484455045947,0.0012498582306283462,0.2634338798474189,0.0005822799570035309,0.2524642775273172,0.0008054422214089578,0.2518916464891041,0.0012557426835125031,0.23526584559927907,0.0019505564178878855,0.2377425944841675,0.0023458413957025055,0.3380241807923517,0.28106556413135786,0.18094633024121712,0.11606025350482058,0.08390367133025271,0.19996392483507328,0.7229320012364764
RWTT_Train,RWT215,16,1329327,0.536412960195113,0.005826103525914783,0.45127395136120996,0.0001672511243783481,0.5375372752778971,0.00016782569392043145,0.945614833590535,0.054385166409465016,3.756555008662278,0.00015033176318229508,0.2657991600260884,6.72522425188035e-05,0.25436272761749507,8.57061699233817e-05,0.25055910987482616,0.0001378024422211935,0.24632532528087392,0.00019730379919882354,0.22570758968811971,0.00029160188260329227,0.37400846254762615,0.2530617770172256,0.17674535942750724,0.1099267006019243,0.08625770040571681,0.1961844010076411,0.7846837932312766
RWTT_Train,RWT216,32,1653020,0.5115738916032263,0.01307884185485797,0.4984257642091094,0.0013782372062214887,0.49818181442831017,0.00052406889263934,0.8730200045592224,0.12697999544077768,3.6575213851012087,0.00023510015637971622,0.27257201969728134,0.00010330215560637222,0.2599901901382036,0.00012123682802655471,0.25804358775172226,0.00017293569706976043,0.2552600238189758,0.0002710545565473526,0.2501296008294453,0.0004530352537741769,0.40393152368836455,0.24167540851781477,0.1541914873854779,0.1080961719070125,0.09210540850133042,0.20020158040834293,0.8520691054680659
RWTT_Train,RWT217,32,2861321,0.5333552884372802,0.05090784884227628,0.42127991731994524,0.0015476685788891609,0.5718012194394488,0.0011380616355974316,0.9498870898015219,0.05011291019847806,3.4255170950760157,0.0002954014614089264,0.28740920714593016,0.00014954988069988044,0.2635845179177256,0.0002588312614230073,0.2575243121551549,0.0004475976185717444,0.25681630898212177,0.0007259547289958384,0.2569056919642857,0.0011373184265476225,0.418246805217307,0.2669685455256199,0.16460321895845767,0.09518473072589885,0.05499669957271664,0.1501814302986155,0.5777890965630749
RWTT_Train,RWT218,16,1093640,0.4456327062460675,0.013948085416649492,0.499145584233579,0.0002297028975129234,0.5055656255741021,0.0001298238320527334,0.9748716469323105,0.02512835306768949,3.7138674518122965,0.00010583801917534325,0.26927325262426394,4.988076590476621e-05,0.2590563961859227,8.283037739626245e-05,0.2556069682391957,0.00015536309118847465,0.2481025641025641,0.00025831178090486497,0.2579578338156263,0.0003965560020042214,0.42055184166917203,0.27394238048432873,0.1647642042902001,0.08784249282344721,0.052899080732851864,0.14074157355629907,0.6022037744212545
RWTT_Train,RWT219,16,1046230,0.4913524218477844,0.012181958124215964,0.45646730872167585,0.00014054835665666676,0.5356923271960736,8.121869420130157e-05,0.9821209315969348,0.01787906840306517,3.7176242317654817,6.778257534773931e-05,0.26909857297152634,3.252828932510377e-05,0.25984321887908957,5.621069492446986e-05,0.2554951063480781,0.00011162801907573263,0.2585201433845166,0.00023040162508151786,0.24482615894039736,0.0004189842829325517,0.493066016416644,0.27113955363608006,0.13136526816929073,0.06614945847713646,0.03827970330084879,0.10442916177798524,0.5786850592900858
RWTT_Train,RWT22,64,3747905,0.3223864958931045,0.04135485438670303,0.49957015720280024,0.00031423696249588406,0.5045403631722828,0.0005182362317474043,0.980267221415104,0.019732778584895964,3.166286231908226,0.00016681243819533458,0.3059583954235766,7.65281223061666e-05,0.2654104855398477,0.00014169755979988668,0.25670698249038104,0.00024293051753611822,0.25513260290804834,0.0003967131893303946,0.26087392765765316,0.0006438976063461722,0.42875999296382855,0.26416427486222344,0.16176312190464548,0.09435389127713016,0.05095871899217235,0.14531261026930253,0.540080735435698
RWTT_Train,RWT220,32,2120189,0.40766405053842764,0.02505431395177249,0.5024527876061707,0.0002558589144953105,0.4992629588433814,0.00018702106121798456,0.9826302464117092,0.017369753588290897,3.5333699024002105,0.0013313943961753886,0.2800448450586245,0.0005477520140271287,0.26293814884429084,0.00046047303096200383,0.256816915301789,0.0004407015493780078,0.25617299346535644,0.0004560277484034826,0.2528478239704021,0.0005428577254392103,0.22177263217605603,0.1863001471093289,0.18003896422502222,0.1881161699226212,0.22377208656697165,0.4118882564895929,1.1895420083186734
RWTT_Train,RWT221,4,265249,0.22856643412895208,0.010550564211853866,0.4591846950615935,0.0012707232725653606,0.536480509375612,0.0004122267192617768,0.8624311899420736,0.13756881005792646,3.935683075148257,0.0019740534356499735,0.25531481739799206,0.0008609107333066051,0.24851599184902987,0.0007800342192977892,0.24016636957813428,0.0008923912130512431,0.23849579416130628,0.0007726127793948031,0.24066390041493776,0.0008220646187517439,0.1991429063994077,0.1871633335146248,0.2161793315982444,0.18896115704119054,0.20855327144653252,0.39751442848772306,1.1036832897941624
RWTT_Train,RWT222,32,2224549,0.40840411595392784,0.01426236571207351,0.47981012923363586,0.0006281091975628983,0.5301180008331435,0.0006410701254168094,0.9182837689286358,0.08171623107136416,3.5373642028114465,0.00012014284217472909,0.2800347396258747,5.6652830722851266e-05,0.262490950331567,9.312577175792939e-05,0.25753582152532734,0.00015375247609708637,0.2542980623100304,0.00023310154832600056,0.25763376599122234,0.00038410899206127897,0.4171734872732183,0.25316716820946084,0.16698764662109453,0.10114213351471683,0.06152956438150949,0.1626716978962263,0.6083475030962892
RWTT_Train,RWT223,16,1402397,0.5084909811180625,0.03401446914005368,0.4954672974046781,0.0003845640234875769,0.49744884539772183,0.00014890797553390733,0.9845585009863842,0.015441499013615752,3.710368747223504,0.0003545504891884095,0.2691976665665999,0.00016213660724260235,0.2588431932443672,0.0002109529015637338,0.25759575926892414,0.00032517081195777197,0.2522246941045606,0.0005231410744058185,0.25153567490943457,0.0009374421295243286,0.4342334767671933,0.24232468375859154,0.1506226867479078,0.09771569784966692,0.07510345487664041,0.17281915272630735,0.7685915009498795
RWTT_Train,RWT224,32,2624401,0.34379387576403575,0.005808495860617366,0.4842009877675652,0.0002534326396719522,0.5067866061642287,7.852424526361146e-05,0.9459393470333315,0.05406065296666849,3.3963087195897272,0.00012732298919815692,0.2888011397648454,5.998469207049896e-05,0.2652962674653332,0.00010119483271952846,0.2592999661819412,0.0001510097108100116,0.2571971077312568,0.00020471344067081817,0.25898583146905296,0.00026788338686882805,0.3413457494353428,0.2608525434967886,0.19242149918650273,0.12894575664949934,0.07643445123186675,0.2053802078813661,0.5927643779673266
RWTT_Train,RWT225,16,1386910,0.41775316992592587,0.013839815748361878,0.4973163959603851,0.00036597937584034734,0.5032618309456516,0.0002892156632863241,0.9547985821650987,0.04520141783490129,3.834033931545666,0.001041366770249989,0.261041451860611,0.0004518123952606941,0.25614778436696395,0.0004373475010131015,0.24660326086956522,0.0004975362569538769,0.2501639774367047,0.0005293739902161521,0.2525782205908058,0.0005608614991006321,0.22643398367040948,0.21372167932432182,0.20086798053206548,0.1765682562655751,0.18240810020762807,0.35897635647320314,1.03307414404812
RWTT_Train,RWT227,32,2210840,0.32993972336837163,0.016042109963997256,0.47985634654704484,0.00027982392709988146,0.52034865824576,0.0002933790143076487,0.9655015259314753,0.03449847406852466,3.6362776139385935,0.0010884268605897119,0.2721544752220875,0.0004368138751436218,0.25089497914208314,0.0003549368148057296,0.2432085108074271,0.0003708741216244992,0.2397657633119978,0.00048809024841319133,0.24991480177212314,0.0005960737279640579,0.2653002948744602,0.21723904402170907,0.16506852963366803,0.1579751584613367,0.19441697300882596,0.3523921314701627,1.2306806646211288
RWTT_Train,RWT228,64,3448166,0.43033956070175927,0.01912174875128364,0.4776032303515355,0.00020471422447992937,0.518946436635415,0.00024286355541414117,0.9771286058730231,0.02287139412697687,3.477072159519002,0.0004485587521722952,0.2858771880472112,0.0002013307721646083,0.25789650946688414,0.00030312234111024445,0.25174453823823273,0.0005088796159000608,0.2466132283316927,0.0009750162388060561,0.23728061838687195,0.0011230038171377505,0.36093747469234666,0.31337373359570736,0.16355574280550234,0.09742461303650533,0.06470843586993819,0.16213304890644353,0.6641898166502517
RWTT_Train,RWT229,16,1529090,0.38630568970221313,0.014474682199437233,0.4756073429423427,0.00028110676245510224,0.5177484124134355,0.00023484935392381612,0.9655814445316482,0.034418555468351826,3.792764323878908,0.0007518866529931775,0.2648836889914917,0.000319701051144684,0.2556520365107856,0.00036873611575165895,0.24177426675809052,0.0005958558773122162,0.23822648292390652,0.0008171245284496783,0.23641851106639838,0.0010849160013744745,0.3404904025793428,0.25644663669519785,0.1870036088400137,0.115724266522722,0.10033508536272348,0.21605935188544548,0.86701854656407
RWTT_Train,RWT23,32,1722471,0.4989842257807684,0.012630361633086173,0.4525602858734238,0.00011965577497261015,0.5284929556570257,4.9357742551270345e-05,0.9867951743319419,0.013204825668058088,3.5969325463244375,8.334878970439568e-05,0.27676460155207255,3.7907877820198924e-05,0.2629893081668656,6.349940413605578e-05,0.25830328941071373,0.000126373498860448,0.25577445652173914,0.00025352879715540174,0.25823976819992756,0.00043197664030525585,0.4729915240810814,0.2776005945141793,0.13837228278645614,0.06952848172375611,0.04150711689452703,0.11103559861828315,0.5969800557336937
RWTT_Train,RWT230,32,2845059,0.391265044881491,0.03028101477657691,0.46831494120776573,0.0017155129247547751,0.5306634830764332,0.0010835775331465292,0.9153844754101957,0.08461552458980427,3.4012707645078715,0.0005845335538976437,0.2890702793861217,0.00026241331896153017,0.26464758968023716,0.00039801298413213917,0.2576636097991289,0.0006259969475462543,0.2571994079991441,0.0007684128621617703,0.25783416528008873,0.0009084009871577029,0.3065569701358525,0.2593153488029356,0.21125442427635371,0.13431695497386723,0.08855630181099104,0.22287325678485825,0.6593084382252457
RWTT_Train,RWT231,32,2822992,0.3342994202466116,0.02169313240308679,0.49160724943251266,0.0001808080095774267,0.508651830737348,8.681562970591639e-05,0.9878135507371877,0.012186449262812338,3.454261294399701,0.00010210168910239346,0.2860790962213141,4.6186225121936414e-05,0.26192825895029587,6.955551243324084e-05,0.25620588749745904,0.00012044125868286852,0.2502214185548749,0.00021971809869595615,0.237445616105007,0.0004774574606107685,0.5115477409773058,0.2354058870416782,0.12904071856133675,0.0745217494606278,0.04948390395905145,0.12400565341967926,0.6640196226900895
RWTT_Train,RWT232,32,1919554,0.5193634515550387,0.02512607084459495,0.5012247226750265,0.00100007278832287,0.5013941798163012,0.0005828971131943694,0.9407328059227413,0.05926719407725862,3.630109910948064,0.0004038142140046079,0.2741433687200256,0.00018513132366492562,0.2601224172562344,0.000273368931907447,0.2578003433539102,0.00040816316204380835,0.25829578622233557,0.0005756231852553901,0.2603400987383434,0.0007138019193642544,0.3310633640515161,0.266975673456338,0.18930723754354503,0.12678928953435006,0.08586443541425087,0.21265372494860094,0.6772215202845526
RWTT_Train,RWT234,32,2462356,0.40035657784497525,0.04545352308271983,0.46345287116858186,0.0004299987628807733,0.5376769127424836,0.00037946858182563714,0.9825029178350189,0.01749708216498109,3.5223395804668374,0.0010526736806942042,0.2807169231419015,0.00046827938001188274,0.26258309522948386,0.0006344240512254401,0.25816510930888575,0.0010676958020859558,0.25436424943446156,0.0018199548857887765,0.2582431412031211,0.0026348830819420883,0.39770396168198346,0.27470033608746913,0.16115586048995717,0.09575869240191079,0.07068114933867949,0.16643984174059026,0.7381173193345432
RWTT_Train,RWT235,16,1334796,0.6226121370297937,0.011135606328405545,0.4489633917092953,0.00039148617606907243,0.536221753298394,0.000355433378929626,0.9371413483692146,0.06285865163078545,3.7491961318433678,0.0001439820317996077,0.26694191471955264,6.600190797679124e-05,0.25616241899678094,9.503746313782432e-05,0.25045467493481166,0.00016931404968518332,0.24772528433945756,0.00028681200023286847,0.2292071340279004,0.0004733181918228726,0.4340442957995873,0.26301358117782503,0.15526510228046217,0.08715166557061711,0.06052535517150842,0.14767702074212555,0.6944830574978057
RWTT_Train,RWT236,32,2203518,0.34386466840395713,0.019840614649859492,0.4853503661711355,8.149609984400841e-05,0.5124386699724809,6.007839127897263e-05,0.9929149659166914,0.007085034083308661,3.503983175994024,0.0011995710995856633,0.2820757534088671,0.0005127731078997099,0.26225346266404315,0.00060610304097084,0.2549292664073715,0.0008831026512220193,0.2555408494765973,0.0011682339140877604,0.25557962143327995,0.001281927286912375,0.2879350798936572,0.26239828796961384,0.19835464540766382,0.13613746216922243,0.11517452455984273,0.2513119867290652,0.8460163919955975
RWTT_Train,RWT237,16,1459542,0.44671918374548075,0.03627610011894117,0.4506106891549312,0.0009712344659712768,0.523287966230345,0.00021706739484905757,0.9682818409469804,0.03171815905301951,3.6431401083353547,0.0008964613989909223,0.27340974086391484,0.00040782321044949185,0.25997799791005205,0.0005507567276349678,0.2547110704130319,0.0009296049449640945,0.24923368022705772,0.0014924430990052096,0.24354691770422107,0.002312997955125925,0.4062433993111353,0.2621252459279902,0.1632711659004016,0.09673215868265884,0.0716280301778141,0.16836018886047296,0.7404779460447919
RWTT_Train,RWT238,32,2491332,0.5555705104849398,0.03528513715524623,0.41670929782646565,0.0009937381959958802,0.5179770234400274,0.00013055337163625502,0.9691208676689379,0.030879132331062126,3.5525710744292613,0.00037808620772392863,0.2793573879354498,0.0001661475246581756,0.2597130344324197,0.00020902368173330535,0.25378278645444335,0.0002974913743600985,0.25470875479595395,0.00043773676342650624,0.2547072920232797,0.0006879173059871365,0.38253402476362175,0.24341473087416984,0.1654276927996892,0.11623296804492193,0.0923905835175972,0.20862355156251913,0.7948741658381288
RWTT_Train,RWT239,16,1138761,0.4468164861049344,0.01522156710067174,0.5013048983663736,6.866455213011546e-05,0.5000587587496196,0.00014364665525790077,0.9862438200463752,0.013756179953624798,3.69710237705717,0.00044021738872119403,0.2696360342512608,0.00019707949167871731,0.2598819088685593,0.0002648409181273782,0.25792949609634447,0.0004292977771077147,0.2521620833738218,0.0007258068716731332,0.2518304431599229,0.000933444618552629,0.3659893026446466,0.2845777302034609,0.1683210668825457,0.10384005757888687,0.07727184269045999,0.18111190026934687,0.7441429106658275
RWTT_Train,RWT24,32,1996120,0.49935583501405134,0.0037781590821193978,0.4182473471632975,0.0004120317285121189,0.5687281156345186,0.00017422739716060898,0.8656730180838227,0.1343269819161773,3.6007294150652265,0.00010266755221613691,0.2758486463739655,4.911524020869658e-05,0.262023111834327,8.518305958080184e-05,0.25794132120850866,0.00012679259133110046,0.25610640870616685,0.00015066015541010693,0.2563214772846501,0.00015337221422653455,0.2713960384872895,0.26659698135275645,0.2243627189601149,0.15073359299820763,0.08691066820163147,0.23764426119983914,0.5765845985152421
RWTT_Train,RWT240,32,2055902,0.4818605134073986,0.009813946553892922,0.4409798161890716,0.00023647343675128885,0.52827759601763,8.653666974350882e-05,0.9681353963209661,0.0318646036790339,3.524798361011371,9.514874860173361e-05,0.28098031910081317,4.753282187268812e-05,0.26339523740279885,0.00011122144428629257,0.25742170812658144,0.0002492009565686103,0.25084252450980393,0.00043606761860168534,0.23837150127226464,0.0007238726187433775,0.46168423672190134,0.27812289129370826,0.15893977813869217,0.0709367729664443,0.030316320879253983,0.10125309384569829,0.42737101804158356
RWTT_Train,RWT241,16,1544050,0.4073940414252933,0.04790202284564102,0.49797993860556505,0.000572110886723487,0.5300109064689511,0.0011865160413704334,0.9645871140207263,0.035412885979273716,3.7119393802014184,0.00026975510836256436,0.2691234092160228,0.00012179493708003091,0.2589257351879482,0.00014384895440421679,0.2559529341784858,0.00016495114816274676,0.25443915901085734,0.00022340896358965476,0.25288996717568146,0.0003698112790864301,0.3612089851279744,0.218212178941821,0.16111416874777035,0.1405028396116705,0.11896182757076369,0.2594646671824342,0.8466862869074885
RWTT_Train,RWT242,32,1812954,0.6255401565859655,0.023059803550048275,0.3429221232828328,0.0036925415173755527,0.5872329584949244,0.002141369124273318,0.79809066418587,0.20190933581412993,3.577517135018318,0.0002606255733318112,0.2775597174556001,0.00012144853516081255,0.2618267379169043,0.00020393275009721577,0.25322575748375736,0.0004050715631848587,0.2524353325540269,0.0007012912459034518,0.2602707195440513,0.0010884258207040686,0.4318858876157556,0.27827141404845507,0.16073184620044026,0.08092023830589089,0.048190613829458155,0.12911085213534904,0.5955322776891766
RWTT_Train,RWT243,32,1913640,0.3107916536353439,0.021193024200316005,0.4808955841121701,0.0006008449736876198,0.5264628802106348,0.00035942014102080533,0.9566536101680769,0.04334638983192308,3.563703726928785,0.00047175990614138055,0.2784781881649631,0.00020317458926185402,0.26230843280347227,0.0002205547999145753,0.2556479189618417,0.00033855218707740125,0.2524345198119543,0.0005738462490918484,0.2542955326460481,0.0009280980808892121,0.40989641463493226,0.2534403689630418,0.14952226548823871,0.09740847823852032,0.089732472675267,0.18714095091378732,0.9211977673600713
RWTT_Train,RWT244,32,2045955,0.23566382473767478,0.017861913549741863,0.5065692313417439,0.0001789371977206633,0.5102987205849524,0.001054649975583799,0.9353990664504729,0.0646009335495271,3.6098438137691202,0.00045441402151136223,0.2761766510016105,0.0002053236963763018,0.2606553460343866,0.0002633306321365282,0.2520606727230755,0.00034522717344627317,0.2577847214739791,0.00045829449469993226,0.25705329153605017,0.000603045030664949,0.3215861073857082,0.2443949209304339,0.18409945729913565,0.14042645016215052,0.10949306422257164,0.24991951438472215,0.7797182375267616
RWTT_Train,RWT245,16,1309726,0.4197250736024463,0.01957738054197633,0.4748086563712593,0.0005254530753848463,0.5222762879905026,0.00039793191116260784,0.9549585119022653,0.045041488097734714,3.68035757097286,9.053113642211035e-05,0.2715598529768822,4.407336685967925e-05,0.26147907183364305,8.637776363029412e-05,0.2583655913978495,0.0001862316227040004,0.256575661727984,0.00035474067181207026,0.2575831305758313,0.0005785062023317439,0.46283101838612967,0.28380851533828244,0.1489936862290825,0.06910610144850252,0.03526067859800287,0.10436678004650539,0.5102397307751319
RWTT_Train,RWT246,64,3416582,0.4098528617116876,0.02355905933817598,0.45445611288885096,0.0018900015769359735,0.536494592709533,0.0015513149286860983,0.8725456073081835,0.12745439269181644,3.2316994001607453,0.0003611610057235818,0.3012267816197592,0.00015856659321021114,0.2677070560045707,0.00023054851889672996,0.2604213926646462,0.00034540902087671634,0.2585644599303136,0.0005706548045807508,0.2660090556274256,0.0008003585838436849,0.3801207889700486,0.27102571138182396,0.1640479057555439,0.10949627662894794,0.07530931726363566,0.1848055938925836,0.6877797088830494
RWTT_Train,RWT247,16,1275204,0.3619060831637348,0.011294694407764705,0.4904649307414157,0.0001101740138736429,0.511355703643914,6.669314197987886e-05,0.9845821203266301,0.015417879673369975,3.664229409568979,0.0001289500727785129,0.27209293571852033,5.88652612287154e-05,0.2607515260509433,7.868642828211607e-05,0.25769834427570354,0.0001251092771515944,0.25687325755951107,0.0002021381352844719,0.25964267824344633,0.00044116037403107603,0.4869537608785956,0.223120504442283,0.1380958867023718,0.08685424720258585,0.06497560077416373,0.1518298479767496,0.7480992912483532
RWTT_Train,RWT248,64,3650802,0.3786191241771669,0.04623676772460955,0.46356326687113586,0.000704056051379881,0.5386794154002352,0.000569982091081056,0.9731842447373859,0.0268157552626142,3.43477460568938,0.0011615303355715259,0.2891504387255184,0.0004939554762940121,0.25773305255340173,0.000573565909264779,0.2505669475982372,0.000729688000340497,0.24527665317139002,0.000958788782857127,0.24382513007595238,0.0013803977788927335,0.3337199330922997,0.23179327970332206,0.17640670998993774,0.13866320258599896,0.11941687462844155,0.25808007721444054,0.8612008983016182
RWTT_Train,RWT249,32,1691270,0.3024873633353669,0.018016746595582653,0.4691478543250643,0.0009799120846445963,0.5122346752394237,0.00036907733542124177,0.9303414329837096,0.06965856701629035,3.686685153760192,0.0021689480584819124,0.2722338834130565,0.0009006278641706128,0.26476854878469924,0.0008112749439530366,0.2659694024035109,0.0008749710730438646,0.2758227184406131,0.0009638597087006836,0.2758582131275858,0.0010596655617620533,0.22984247717192824,0.2090620957102727,0.18978206534123454,0.17596631382039174,0.19534704795617275,0.3713133617765645,1.110138888034916
RWTT_Train,RWT25,32,1996193,0.5215260067243809,0.04127755470138156,0.46577173765163676,0.0009734417597868084,0.5011592506355315,8.594812307238797e-05,0.9749771767126166,0.02502282328738331,3.5516265210828815,0.0049932018021668755,0.2793878147052915,0.002122340326593201,0.2605592133574318,0.001891093013811569,0.25403772442315764,0.0016013394511626754,0.25647415754686315,0.0015292771491805294,0.26510350654837345,0.0016204765131114045,0.18489036705432524,0.17448485747990708,0.18270689917965163,0.21576670727930122,0.2421511690068147,0.45791787628611597,1.1222823579235506
RWTT_Train,RWT250,32,2047426,0.4142528091369329,0.036796368310421185,0.48957380093872793,0.0009885013867158843,0.5151249744897283,0.0009264372172209101,0.9505328350661665,0.04946716493383348,3.5658480453017596,0.0017159262723168444,0.2783871065425564,0.0007445949578422991,0.2603403295220684,0.0009775921364786047,0.25453540717578244,0.001196569744313026,0.24665078104315594,0.0016372676428835608,0.24066122799484757,0.002336804208093408,0.33901962653090706,0.2375320375147732,0.17359632716776144,0.14182742390683004,0.10802458487972834,0.2498520087865584,0.7616621800216322
RWTT_Train,RWT251,16,1227776,0.36227229515073617,0.025165019594382,0.46284583032456017,0.0006687788024581087,0.536922534553799,0.00045967309093258857,0.9570824303700078,0.042917569629992124,3.666476621142619,0.00025923902108966693,0.27226790554628855,0.00012655222782758855,0.26078424333800004,0.00022559940309740161,0.25663026521060844,0.00046359685536792567,0.25500625782227787,0.0008075708009381835,0.25766871165644173,0.0012578222869021913,0.4365708017248584,0.2802954246290789,0.16090734989563488,0.0783020887008188,0.043924335049609,0.1222264237504278,0.5609599408955446
RWTT_Train,RWT252,32,2154088,0.6038432759497676,0.007389363210949296,0.4378643362267809,0.0019428989182432854,0.5390924669344243,0.0003937794545787465,0.7597503205496299,0.24024967945037015,3.866786315136615,0.0003159268275971994,0.25909387174525833,0.0001452930673307056,0.25278304853335626,0.0002299486980180418,0.25227351663228925,0.0002915996346350964,0.2551206765755388,0.0003732959914390526,0.25859030837004404,0.00042791493692915616,0.2914847983719407,0.25427975844573075,0.19863027291569957,0.15663521904302172,0.09896995122360719,0.2556051702666289,0.6318499238439084
RWTT_Train,RWT253,16,1031201,0.5017840591584433,0.023771166854545445,0.47446502459507073,0.0003687154769316525,0.5219040202219136,0.0003293693254964314,0.9714709378033171,0.0285290621966829,3.729344715530726,0.001955772609279787,0.2682590493996806,0.0009045249780055941,0.2595100296787394,0.0010941296174076399,0.257215690644676,0.0011133753057033552,0.2643379366368806,0.0010385594549139243,0.2663388649866831,0.0010074557402041451,0.19531735791522675,0.20134749416442022,0.21585218526222508,0.21212098711706645,0.17536197554106142,0.3874829626581279,0.8267073330385821
RWTT_Train,RWT254,16,1426095,0.4261868272202745,0.04043189160113417,0.4660128550300775,0.00148384552220443,0.5228416130130159,0.0005503622067714597,0.9520980791486644,0.04790192085133565,3.6605022807035996,0.0015804014627134346,0.2723177628418864,0.0006708621017436097,0.2603701290842563,0.0006239494299396386,0.2542253869356673,0.0008287696288611403,0.2546098187193651,0.0012134895817753194,0.253170359052712,0.0017027861533424416,0.3378639887192124,0.2407785790147694,0.1644430875754567,0.12380300529498714,0.13311133939557424,0.2569143446905614,1.0751866570476865
RWTT_Train,RWT255,16,1501024,0.3904697710598174,0.027299724427199662,0.4920443097303373,8.678148803692443e-05,0.5015051645083288,1.1716576671816359e-05,0.9964049468998278,0.0035950531001721193,3.7725406122753533,0.0007461223707444835,0.2650923636131068,0.0003247960097124897,0.25533412078108114,0.0003881268299629763,0.24865157480314962,0.0006947338917034995,0.24434944385069074,0.0012966084580774782,0.2600032399157622,0.0019014373697878349,0.41284415251075834,0.2815224043235286,0.15084210992068367,0.08427092826130346,0.07052040498372597,0.15479133324502944,0.8368295738366559
RWTT_Train,RWT256,32,2813187,0.4576254942674789,0.007998246918388768,0.43570690717234367,0.0003337945678744403,0.5653209371764025,0.0003507071931303507,0.9211653145473053,0.07883468545269463,3.686083434908522,0.00011021348295793261,0.27053160703501045,5.52969016203874e-05,0.2564410503300677,9.382813218214079e-05,0.2557310187225234,0.00015694810091598517,0.25173311961530753,0.0002365481544213572,0.2577204711875199,0.0003255852501150255,0.3750089816121936,0.27245608472883115,0.1807727698649675,0.10807121109991302,0.06369095269409487,0.17176216379400788,0.5893424534237142
RWTT_Train,RWT257,32,2825107,0.38147384254896577,0.007583465783023852,0.4446997718115213,0.00030727290120885487,0.6205167036151162,0.0008535080421434582,0.8672520367190771,0.13274796328092286,3.333865230591266,7.224339845621512e-05,0.29302854723732585,3.248174676802045e-05,0.2666406551048093,4.521386591842017e-05,0.2603891544159286,6.632763329776353e-05,0.25770308123249297,0.00010638934728480191,0.2613421550094518,0.00015109831718704153,0.3763243121224769,0.2649724939328843,0.1651950957507648,0.11260930834249303,0.080898789851381,0.19350809819387402,0.7184023331830902
RWTT_Train,RWT258,16,1069800,0.5305215447894035,0.012079688749561446,0.4522427958350393,0.00010377059415056511,0.5451788659306197,7.516238543869846e-05,0.9854034993865775,0.01459650061342257,3.7338810992708917,0.001293167436510684,0.2676584408300617,0.0005755327538137402,0.25870552942121455,0.0006002259605790328,0.25686438618753205,0.000667321089994331,0.25777801135169226,0.0007115487835609072,0.2621814475025484,0.0006544953338983258,0.20394828926449451,0.22172680173457585,0.20794494268404398,0.18703732707015527,0.17934263924673038,0.3663799663168857,0.9588601486988811
RWTT_Train,RWT259,32,2297808,0.36598590491970556,0.02943303818466414,0.4878285193558017,0.00016428011978072976,0.5165374257331774,0.00016801968889190722,0.9888360142677692,0.011163985732230727,3.544958499578729,0.0012581935361585125,0.27951987285273616,0.000517345546846929,0.26203091160750014,0.0004069589807682892,0.25764417877811974,0.00036421157493242613,0.25532160236156914,0.00033511500901839945,0.25508084183903895,0.00037217335506870903,0.18647786458572924,0.1679097399673913,0.18248860598380431,0.20390724019897974,0.2592165492640954,0.4631237894630751,1.2712474015691786
RWTT_Train,RWT260,64,3460566,0.3792437487587596,0.011572374556614834,0.4286845393069196,0.0007791407814509432,0.5612223410454927,0.0002325730642141477,0.9196037238993177,0.08039627610068231,3.175264393165742,0.00020670947698745522,0.3043814219985979,9.068153523003275e-05,0.26986458210706593,0.00011205350737161799,0.26169276394248864,0.00014622824633596767,0.2595311071678228,0.0001995839700453798,0.2565523671397493,0.0002723203741757176,0.3317469993643471,0.24313782391123953,0.17813864310044522,0.1365061830254334,0.11047035059853476,0.24697653362396815,0.8092699403802995
RWTT_Train,RWT261,64,3278269,0.35847611110093375,0.0016869253746360224,0.4185021127918433,0.0004393654064488439,0.6852221440321654,0.0026802090997830597,0.3509675265676712,0.6490324734323287,3.2352854509498763,0.00015550573126303012,0.3002279556680675,5.7490434751675896e-05,0.26864507004474575,3.655522463761937e-05,0.26144821639284743,3.185704623010018e-05,0.26104818527680135,3.7783619019424045e-05,0.264601573755957,5.805098000502576e-05,0.2618006929337728,0.17039811627597867,0.1436702149927772,0.16485825286067413,0.25927272293679726,0.4241309757974714,1.5727009017614375
RWTT_Train,RWT262,16,928332,0.17751954354480173,0.0059954745758774575,0.4886328734995512,0.0004303948284649639,0.5087202127611221,0.00035165904703393647,0.884610757282755,0.11538924271724503,3.742010401451205,0.0001236239067791259,0.2674441902250488,5.5664288745006266e-05,0.25746645883428587,7.233820391977081e-05,0.251896813353566,0.0001213652181113437,0.25263942367407777,0.00020512572594293363,0.24041297935103245,0.0003276435424063571,0.41890813393419823,0.26226317309828,0.15517130803232795,0.09248789643044325,0.07116948850475051,0.16365738493519377,0.769500564414658
RWTT_Train,RWT263,16,1286204,0.42695955697816307,0.014521735365157995,0.46955468355859475,0.0005591463425778653,0.518584739669557,0.0005241438226756823,0.9305806861294524,0.06941931387054762,3.7237358925955757,0.0011336805020781048,0.2679365015191991,0.0004863240435292706,0.25936608622225577,0.0004397607269456928,0.25557432621415704,0.0004635862651996308,0.2595429872176501,0.00047401503637851613,0.25586102209478834,0.0005339341865310843,0.22269339134061825,0.19770229863607514,0.1933526643928929,0.1834155035065367,0.20283614212387707,0.38625164563041375,1.1058832990998944
RWTT_Train,RWT264,16,1327883,0.4609516489619377,0.01308392386780724,0.4882090868831168,0.00016080900452714042,0.5095773835230115,9.007365265101264e-05,0.9811858794720362,0.01881412052796378,3.677638767873374,7.686351689036071e-05,0.2711270495969901,3.951181131590422e-05,0.25910700645788487,9.07848614479745e-05,0.2530953529506352,0.0001973234328711664,0.24798814061838204,0.0003544366047229547,0.24235695986336464,0.0005710579812124887,0.4557108659358227,0.28284450506182374,0.15746637893445115,0.07244736819276833,0.031530881875134135,0.10397825006790247,0.4352246694626174
RWTT_Train,RWT265,32,2499087,0.3117667425429505,0.014625689573338096,0.46061432278836634,0.0010808210648407812,0.5460542040509693,0.0010546811292045377,0.8725924609847303,0.12740753901526966,3.4406357201650044,0.000729929501722393,0.28631456207807093,0.0003180398898111521,0.2647929841724608,0.0003571924278985225,0.25924440268966464,0.00043062790299016246,0.25516104075898854,0.0005154269312663951,0.24926194845607597,0.0007538506802946617,0.3173923930035973,0.2170092717422467,0.18130648972916563,0.15038808402900603,0.1339037614959844,0.28429184552499037,0.8903881072795488
RWTT_Train,RWT266,16,1363396,0.5260436997544092,0.00896270648933789,0.4831970659366252,0.0003413820849942628,0.5165304944186648,0.00019298050687721613,0.9437339470417506,0.05626605295824936,3.7022083092513105,0.00013158559488053422,0.26960472232572197,5.859289365250261e-05,0.25951770780623434,7.307054687581628e-05,0.2563500466491252,0.0001216295387715935,0.2568087020528339,0.00020436442793520098,0.2576433121019108,0.0003695494776538773,0.4467437159973227,0.2470535867972451,0.147036419780181,0.08833406516632437,0.07083221225892679,0.15916627742525116,0.8018674576513227
RWTT_Train,RWT267,16,1129517,0.45684225522247335,0.03073869731748763,0.4918191864725908,0.00022374337667485644,0.5229564425550042,0.0002967659394235156,0.983348607589448,0.016651392410552045,3.7952806376530854,0.0002819856853416659,0.2639871732784898,0.00012834485482425968,0.25749719965926393,0.00018762861120352913,0.25612138577754623,0.0003856391647483172,0.2554792779049072,0.0007411755362646533,0.26293789808917195,0.00144481142488448,0.500350335595243,0.25667531548946226,0.13355008285314288,0.06497736449617385,0.044446901565978116,0.10942426606215197,0.6840366935564975
RWTT_Train,RWT268,16,1019640,0.46865864463508033,0.03263536501119699,0.49982220379209097,0.00016470944614388472,0.5036881637312383,0.0001644130115360798,0.990015847872936,0.009984152127064064,3.7865776156290454,0.00010115900023249797,0.26398042446353615,5.252049552560892e-05,0.25699478015343746,0.00012072112656278143,0.2545754185098447,0.0002730081787593364,0.25621805792163543,0.0005846835023754257,0.25443262411347517,0.0011648596417012879,0.530496121865157,0.2662744243381041,0.12433238725463296,0.054978374368961996,0.023918692173143956,0.07889706654210596,0.4350563734865037
RWTT_Train,RWT269,32,2212740,0.4634874538709814,0.01544951341339268,0.4983677188727982,0.00013561958438892963,0.5050935056916755,5.760703972157444e-05,0.9876475205975905,0.012352479402409473,3.518543525222123,6.899902214459498e-05,0.28147229227112086,3.415796433784985e-05,0.2634801107855337,7.957379472350976e-05,0.25526806498397336,0.00018451709859691818,0.2542134160897589,0.0003491966112431411,0.256362099727674,0.0005598722800955907,0.46373233604882375,0.2892333948815375,0.15283225874067324,0.065909570856236,0.028292439472729438,0.09420201032896544,0.4292614730331318
RWTT_Train,RWT27,32,1806828,0.48105385979210863,0.008913224130738112,0.46015225083872496,6.510751808699866e-05,0.5297696779670862,6.614120697667758e-05,0.9854885157868009,0.014511484213199189,3.5739229190603643,5.648625306514359e-05,0.27775693093089104,2.7041929861274257e-05,0.26276105439974173,5.047024237490431e-05,0.256785142831143,0.0001020150903297551,0.2575157994211801,0.00019370451766324105,0.26422018348623855,0.00030997166252974556,0.45370330875092535,0.2835239191433538,0.14931875916461507,0.07387293332582572,0.03958107961528006,0.11345401294110578,0.5357994847815614
RWTT_Train,RWT270,16,1486551,0.5056289205487203,0.02361497142249358,0.3730809286968975,0.010880277046233094,0.5139004958246348,0.0005247864496994437,0.6743274664774347,0.3256725335225653,3.7594068417430684,0.0014500333131755958,0.2658664250335172,0.0006489421024910476,0.25718073801186164,0.0006749572327093351,0.25224312305694385,0.0009517324926644943,0.24766956589570577,0.0014121088145047317,0.24425196850393702,0.0019368687766257474,0.3443561378830288,0.2510589997121892,0.16920863686113316,0.12000072937151486,0.11537549617213401,0.23537622554364884,0.9614566242754957
RWTT_Train,RWT271,32,1600823,0.4140185083057769,0.011216741633219895,0.4806386070704196,0.0007073048274650606,0.5042834323100149,0.000189352600111381,0.9259780493422054,0.07402195065779457,3.623357485493399,0.00116614675500492,0.2748236375914139,0.00049394616317186,0.2618242321750041,0.000453549285674693,0.25869014133416673,0.0004608196175183096,0.2573662661923619,0.00047410153678065285,0.26300691094014866,0.00047071380000396384,0.20003727773605345,0.20147695008576888,0.19583258832640085,0.19274294576605408,0.2099102380857228,0.40265318385177684,1.089068330108983
RWTT_Train,RWT272,16,1240432,0.4925460397573098,0.0301270296449484,0.4778279946049703,0.0006387673383236869,0.5219945818716889,0.0004875687317508759,0.9639611272480278,0.036038872751972185,3.842063087698479,0.00033097457028227506,0.2608615385607595,0.0001460531281679186,0.2556979550715277,0.00021519835987888675,0.2531454332297949,0.00041534848480839624,0.24946287896872762,0.000648335555735901,0.25722488038277513,0.0011771455139852796,0.4523861842595648,0.2491604008974173,0.15962165590244257,0.0827024048666116,0.05612935407396379,0.1388317589405754,0.6786907123740025
RWTT_Train,RWT274,32,2844056,0.39739040642147844,0.03169297469211654,0.4694410451433951,0.0017134232751772616,0.5298875991962166,0.002968585565406856,0.8712849220570766,0.1287150779429233,3.4153940710028214,0.000848664364266029,0.28814341208471284,0.0003777196524026779,0.26331794175932527,0.0005148139380869396,0.25442100580199084,0.000761210469875012,0.2539115863099033,0.00120368290743992,0.25667144906743183,0.0017419031870912333,0.37872975594871233,0.26170830684086743,0.16550463746655306,0.11193237292150968,0.08212492682235739,0.19405729974386707,0.7337012937262203
RWTT_Train,RWT275,16,1077112,0.4940916833525444,0.02417031039677814,0.48188121760308755,0.0008119501745687541,0.510972094041153,0.0004814635273396872,0.9492056347729924,0.05079436522700761,3.7675060717919773,0.0013655065680391804,0.26575602165791484,0.0006338204695344717,0.25633277321492826,0.0007180654610342758,0.24993526405451447,0.0008024965595889966,0.2520857189595943,0.0008893692014633644,0.2563270603504218,0.0009832889740866017,0.24417160284965708,0.22084932219254536,0.19927699425105413,0.17831095353691526,0.15739112716982817,0.33570208070674346,0.8826778391785332
RWTT_Train,RWT276,32,2220370,0.39354205633983497,0.01260765661906696,0.4215668143721329,0.0012803865148440507,0.5700475353136017,0.001017269971309298,0.845849834221286,0.154150165778714,3.4712160585848304,0.00012109564127854237,0.28402608574246635,5.913900144352166e-05,0.2637324127913891,0.00011872104759462664,0.25626349047925395,0.0002420613485895838,0.25400028154474213,0.0004161431551711742,0.2542028450027711,0.0006321191120714922,0.43054498370766947,0.2834408018072511,0.16487129940309708,0.08086253132717326,0.04028038375480908,0.12114291508198233,0.4981340936735325
RWTT_Train,RWT277,16,1418591,0.41547222676805995,0.02997438380350273,0.5393362447778375,0.0022266242816872395,0.48818262344017976,0.0004648717811615022,0.917605278845674,0.08239472115432601,3.6446840562219838,0.0008565868611061255,0.27263531208079,0.00038182952735449724,0.26122278013641603,0.0005224722288088218,0.25717113728595464,0.0009173824827084079,0.26075744746362867,0.0015772492613202614,0.26199261992619927,0.002064083037006943,0.37782844385553815,0.2887139825736221,0.1679259940843562,0.09563804635244808,0.06989353313403547,0.16553157948648353,0.7308130581888072
RWTT_Train,RWT278,32,2109670,0.36720420714065855,0.008862247018390335,0.4435765440315597,0.0011540994224473466,0.5259446272621208,0.0009089258227213404,0.8111694431588806,0.1888305568411194,3.5125256556712663,0.0003305877799678057,0.2818583001132879,0.00016604590478385293,0.2633831572008045,0.0003413212089055923,0.2589726399131628,0.0005609234922208263,0.25412362237727754,0.0006405275362218496,0.253031920054332,0.0006306831863954153,0.26958017877782625,0.27378806261460537,0.23976198918162916,0.1458948557727117,0.0709749136532275,0.21686976942593916,0.48647989181879514
RWTT_Train,RWT279,32,2448836,0.43129950534643796,0.046103682482995456,0.4815619586290952,0.0004598049868922427,0.524115740172872,0.0006477117907256469,0.9765412276120287,0.023458772387971345,3.495209152429971,0.00023100993862774525,0.2832909186241953,0.00010307185840304282,0.26359132403965213,0.00015971510021292384,0.2591571786374424,0.00028221351180286904,0.2577125975944292,0.0004516858977650661,0.24588553181036601,0.000964615952416015,0.49182420388966924,0.2302989666717499,0.14389087742299028,0.08143318780353591,0.05255276421205453,0.13398595201559044,0.6453482373653637
RWTT_Train,RWT28,32,2143412,0.3338398091892992,0.012781124100032445,0.5043900608588957,0.0002742636106278229,0.5031591680635644,9.229739187499586e-05,0.9721197306108179,0.027880269389182047,3.696366354205351,5.9771484449743885e-05,0.26970083213120016,2.944202626173361e-05,0.25688140049820096,5.625341073944065e-05,0.25516841977669735,0.0001038138034792442,0.25662408951757626,0.00020040828364237837,0.2580213903743315,0.00032768458153312083,0.45663826645771016,0.2792749381068175,0.1446676405504052,0.0783908105844014,0.041028344300665605,0.119419154885067,0.5233820647445842
RWTT_Train,RWT280,32,1912048,0.5176999320634045,0.024861584936354764,0.4985473502470166,0.00028553240136064417,0.504343380320424,0.0001194913683149057,0.9839699987288407,0.016030001271159274,3.6536886103277744,0.0020087194892818437,0.2727813318494096,0.0008488287948816458,0.2576849556436228,0.0007066331150399164,0.253294246322572,0.000633443901267966,0.25000734365361454,0.0005665875958288423,0.2601339443073669,0.0005352629813096773,0.1626565197011229,0.17217549066788,0.1924918853047652,0.21473273364940246,0.2579433706768293,0.4726761043262318,1.20122985579822
RWTT_Train,RWT281,32,2124103,0.25150410436226733,0.007123633321476988,0.4660771002030032,0.0006766708162030677,0.5189205286054978,0.0004344312416220686,0.8650713099272292,0.1349286900727707,3.5689323916966362,0.00021401544998755933,0.27807738136992416,9.339657582636878e-05,0.26140875115336104,0.00012221583510616506,0.25615750785272495,0.00018974929498908122,0.2546268203883495,0.0002968611912192281,0.2537980339588919,0.00040416456288969605,0.3653011060687004,0.2683157591202579,0.17150347581112646,0.11046386507561427,0.08441579392430097,0.19487965899991525,0.7641937376219546
RWTT_Train,RWT282,32,2144415,0.5228711728217704,0.038364026580449184,0.47244538259879965,0.00017616195444508653,0.5174983170225982,0.00014624355601078332,0.9916661864888888,0.008333813511111184,3.46383046192085,0.00032481012412329603,0.28480914375249194,0.0001556060861815118,0.26533322199463283,0.000265190173430882,0.25836151358823095,0.0004648510595086689,0.25826406802331137,0.0007796730528918099,0.2641265143808379,0.0012335439162371625,0.42552661786793033,0.26895810750853644,0.16035626827818378,0.09148071350072412,0.053678292844625344,0.14515900634534948,0.5867716897966745
RWTT_Train,RWT283,32,2312675,0.3253716798046047,0.03361886884059809,0.4841044896510868,0.0010133095499382516,0.5138778008625399,0.0009316156503399453,0.9453116504374438,0.05468834956255624,3.4815397753683506,0.0006304302234878163,0.2837510674867848,0.0002847440206643556,0.2646748671185449,0.00042639714269060013,0.25848370047096486,0.0006934276953268205,0.2588484241006794,0.0010124068368924197,0.26228379657516565,0.0014508472058250687,0.3751069381434695,0.2617510839304873,0.17928113902939008,0.11024215781346715,0.07361868108318599,0.18386083889665314,0.6677906396548486
RWTT_Train,RWT284,32,1799655,0.4894814454164552,0.0304641160003995,0.5015030097303795,0.0001904112802852409,0.5011035330181928,8.008767092032576e-05,0.9911988827050056,0.00880111729499446,3.561933815092337,0.00231182405429949,0.278807882621947,0.0009046883329057185,0.26221206238864153,0.0005540102260216723,0.258887106949311,0.0004883294148539015,0.25971051936232054,0.0006162185496091684,0.26418720325570877,0.0009711042306593073,0.2747617025691596,0.17435127198484365,0.13816665318074575,0.156750210880137,0.255970161385114,0.412720372265251,1.6329812888152864
RWTT_Train,RWT286,32,1873062,0.42501310475973647,0.017416609919307352,0.49481679112987187,0.0001694487154849933,0.5042964289824053,0.00017830231698739984,0.9804242306595581,0.019575769340441897,3.685469034127007,0.0005212943514970887,0.2702713524699129,0.0002290250289733709,0.25824370104793226,0.0002830715012303179,0.25345745494599636,0.00044891579439508154,0.2564056133997284,0.0007251767104252177,0.2503531073446328,0.0011432455071375143,0.4040544109086015,0.25629739780840816,0.158659190628294,0.10004525533715648,0.08094374531753996,0.18098900065469642,0.8090713052283821
RWTT_Train,RWT288,32,1933576,0.4749647853409471,0.040866524651518354,0.4955525150028007,0.0003473364839586268,0.5068233827831264,0.0001185084532995262,0.9887292951772925,0.01127070482270752,3.5605479174338117,0.00013395672375471205,0.2784865968547396,6.575457019050139e-05,0.2617837411207577,0.00013267267946737624,0.25749127436792374,0.0003128570007274276,0.25084717745268204,0.0006250720971697504,0.26205381658429433,0.0007669840032338044,0.40296734260686456,0.32840794706563253,0.1643725992557036,0.06970517879915097,0.03454693227264829,0.10425211107179927,0.49561500117791935
RWTT_Train,RWT289,32,2451555,0.4689378751805441,0.044677831275611424,0.45314323192951494,0.00037154558221755285,0.5477778969690273,0.000336261779082192,0.9844045961992016,0.01559540380079835,3.534301290405477,0.0002809615450797686,0.28062433843009843,0.0001296708557252737,0.2630260797771983,0.00020822756886798233,0.2567351743270352,0.0003581148872581111,0.25397679574660437,0.0006027942216148777,0.2608695652173913,0.0009378989833156178,0.41932143366982794,0.26950081161392975,0.16010812530441457,0.09309561505081891,0.05797401436100881,0.15106962941182775,0.6227362516415197
RWTT_Train,RWT29,32,1880570,0.3864503929315563,0.03191310961527216,0.38217210883391517,0.004467993384055929,0.6294583109376374,0.00397143023972546,0.7908576501558113,0.20914234984418867,3.541444349319621,8.858113237035381e-05,0.2801597388025971,4.389506973095045e-05,0.2626048665679687,8.89797099439256e-05,0.2574517910318309,0.0001872687201812165,0.260471645143178,0.000386573303186488,0.2626643673205432,0.0006778745044097014,0.4895845443786764,0.27919668504766393,0.13525198314714282,0.06426424134328329,0.03170254608323347,0.09596678742651675,0.49331549584296036
RWTT_Train,RWT290,64,3447757,0.3785933055982223,0.04312603075501842,0.42314123650962177,0.001647767797634897,0.5617579240443665,0.0005206016277075065,0.9521272074095688,0.04787279259043121,3.1595863629600345,4.867010913754534e-05,0.30544815078324833,2.257627520318317e-05,0.26993735703074034,4.9410762083711345e-05,0.2626304199469526,0.00011945367100594343,0.26075891721024924,0.00027007328701285116,0.2595027737826176,0.0005798057376064482,0.5567989535596076,0.2593567359542575,0.11471373030825152,0.047450135171769034,0.021680445006114248,0.06913058017788327,0.4569100789203496
RWTT_Train,RWT291,32,2021927,0.24744904227013517,0.018042834687154896,0.4922484797374514,0.0003555465329505847,0.5055394313987656,0.00012742427491335695,0.973929834900091,0.026070165099908955,3.579570380137364,0.0001873455065239304,0.2777068608312763,8.965821156194487e-05,0.26201640952942373,0.00016686253071775643,0.2579882139434351,0.00030288841512929917,0.25500579618505637,0.0004997927702678538,0.2571546647380928,0.0006044186952689451,0.36331522159102075,0.3004247262713436,0.18206579730477845,0.10030083086027769,0.053893423972579554,0.15419425483285723,0.5373178218997492
RWTT_Train,RWT292,32,2028191,0.403789556637708,0.015058218526202205,0.4685066836098232,0.00012486251477719645,0.5348416148898792,0.00016619306278820023,0.9810378278739609,0.018962172126039158,3.586112944983978,0.00011446795147506318,0.2766115222875952,5.4371380255857135e-05,0.2615909208389704,8.909896733423946e-05,0.2565311601411848,0.00018125732905026402,0.24986719082022948,0.00036285791214564164,0.23429361114063996,0.0006953428529357777,0.5028046513166355,0.26238372225093193,0.13106775707396268,0.06442774958284106,0.03931611977562875,0.10374386935846983,0.6102358072444571
RWTT_Train,RWT293,32,2823736,0.48014962198191596,0.009183036942885636,0.47370923090802003,0.0003956861262934819,0.5178588562200932,7.105048821637316e-05,0.9516323764766321,0.048367623523367834,3.3617590312975434,2.8777256918074698e-05,0.29157116670963573,1.2888527460920172e-05,0.2664334645095467,2.3217334764537558e-05,0.2601613785557987,4.919785964849704e-05,0.25817869596453413,9.925103989730428e-05,0.26489751594950456,0.00020564436434477427,0.5270241540305806,0.2543599748293389,0.12608398214061375,0.05950124746725709,0.03303064153220968,0.09253188899946677,0.5551251938101985
RWTT_Train,RWT294,16,1386463,0.48879286784671905,0.006793183174294226,0.44892996041987543,0.0006921250623869168,0.5260066766253632,0.0001758992371846957,0.8866987609286597,0.1133012390713403,3.6617955185244755,1.698567803202974e-05,0.2725445972954201,8.342136626921035e-06,0.2608363127294091,1.786154542770381e-05,0.25557257794507066,4.5606397787609306e-05,0.25601429138547044,0.0001185741925619541,0.25817956272290277,0.00023524695196439017,0.5527013491864412,0.2785843372695654,0.10715002842018029,0.04196483811590965,0.019599447007903496,0.061564285123813144,0.46704450411004883
RWTT_Train,RWT295,8,440931,0.36073861241280963,0.03613153361658328,0.4608361101539,0.0033977936693582456,0.5188070764973391,0.0008523665640353117,0.8947503230254915,0.10524967697450847,3.8976846717513625,0.007995479602805512,0.25787481488033276,0.0033369059326419943,0.24852908843058794,0.0025474678702993307,0.24756714674970806,0.002455015323641219,0.25485991995425955,0.0022377194500942635,0.24733595064498037,0.0018795099974097166,0.1508844463873733,0.1796410026352887,0.19708521289624953,0.20450717465162035,0.26788216342946813,0.4723893380810884,1.3098912734274852
RWTT_Train,RWT297,16,1136742,0.5483634480184651,0.01681226247927209,0.503474688205038,0.0005028423359674239,0.5026134023099279,0.00031321885612317635,0.9537073854948388,0.04629261450516116,3.8781165823027566,0.0006837063725936837,0.2589417827440176,0.0003077092588485129,0.25412264311194155,0.00036713167316538946,0.24788438657237202,0.00041833499976040464,0.2428001294358753,0.0005132959312224233,0.24744557974233675,0.0007936256040514001,0.3306639063402191,0.2138646193621977,0.17429917138944906,0.15296531836972568,0.12820698453840843,0.2811723029081341,0.8381441355780075
RWTT_Train,RWT298,16,878857,0.21843697626687758,0.017436674453296247,0.49492883138074745,0.0001832403784663983,0.5048859086826101,0.0001573022198266827,0.9808438746455742,0.0191561253544258,3.746049698642669,0.00012715709988996214,0.26647338531752035,6.0030139642786964e-05,0.2592915214866434,9.437972951293742e-05,0.2550556616823661,0.00016884138623046016,0.251485020661157,0.0003024899508330558,0.25365853658536586,0.00044611211615915497,0.4162063099914192,0.28221207558683864,0.1575228463683898,0.0880528403863254,0.056005927667026986,0.14405876805335238,0.636049074865786
RWTT_Train,RWT299,16,866747,0.4735262187032694,0.03331766138063255,0.5014869726668554,0.00021491678972596073,0.5032560076321405,0.00012851220230458704,0.9897974489765948,0.010202551023405169,3.823514820357036,0.00013786097567765356,0.2616011362023751,6.938991640341724e-05,0.2550784592179658,0.00014557038892766818,0.2545429396407144,0.0003144849672295547,0.2554680070642576,0.000595406233981318,0.26216431800053175,0.0012622098001279958,0.5287714214130633,0.24943064190166675,0.13174565996726487,0.06098309604404115,0.029069180673963902,0.09005227671800506,0.4766760390940227
RWTT_Train,RWT3,32,2740721,0.23755110447787126,0.019601086917543184,0.4745624100173293,0.0006994666239842351,0.5313718819316721,0.0004949330607241231,0.9425644752847938,0.057435524715206215,3.5754423744700756,0.0006978737057433263,0.2781114896408646,0.000294185295532299,0.2582436180345462,0.0003015916253335302,0.2510719365982524,0.00041659107969549837,0.2435806640901641,0.0005764900759012609,0.23807941518524672,0.00068889536744476,0.3024450997044709,0.25309590791895675,0.18289559864778934,0.13240749394551152,0.1291558997832715,0.261563393728783,0.9754425216779792
RWTT_Train,RWT30,32,2072470,0.3255143689187037,0.009989132448400356,0.4834509941978092,0.0001866341933011717,0.5111606747239743,6.337903950698331e-05,0.9755826081010847,0.024417391898915373,3.6239492007121936,0.0005249057541915347,0.27489034823182,0.00022966620042093216,0.25990430084500316,0.00026728159006925677,0.2548423697220196,0.0003289376789126645,0.2525838766099539,0.00039880502229419623,0.24950162627216452,0.0004605410777842468,0.27328059011260897,0.23664701606376026,0.1951884149748687,0.15860229235530188,0.13628168649346034,0.2948839788487622,0.8592668143040534
RWTT_Train,RWT300,64,3322833,0.5063822232874574,0.01898563635234357,0.38007543556958495,0.002414689558703831,0.4953204744158735,0.0019276231172202785,0.813857931931251,0.18614206806874897,3.221689443917284,0.0001947082032009564,0.30087970114658186,9.135704580587096e-05,0.26853895834354397,0.0001543522468389092,0.2617607401723791,0.0002162254331756159,0.26169301478435336,0.000292401823651986,0.26518405741938994,0.000462660860677758,0.3801658547660179,0.24026495143971802,0.17767123526494633,0.12683038234228194,0.07506757618703586,0.2018979585293178,0.5918737671581573
RWTT_Train,RWT301,32,2603097,0.3966113284381992,0.0196377539478807,0.5011111984052652,9.36353956600966e-05,0.5022674409645791,3.7712771023989955e-05,0.9933558860729786,0.006644113927021322,3.4845347676248712,0.00039602373099781963,0.28336208754418296,0.00017392097062102405,0.2634896877656351,0.00020252960432564428,0.26025571763010985,0.00023772856033349064,0.25560476058677,0.0002920834041740936,0.2557815763013381,0.00045064106796987376,0.33210986064466785,0.21525729799522694,0.17519929863314454,0.1492586527278203,0.12817488999914028,0.27743354272696064,0.8587434474091954
RWTT_Train,RWT302,16,1406119,0.42764199915645756,0.016831436380100484,0.4709164490429984,0.0002659108173843905,0.535357619624602,0.0003308737515200222,0.9657575738424129,0.034242426157587096,3.8203324185221876,0.0017410918742926066,0.26386813633838957,0.0007687811671356755,0.25721370239603264,0.0008420812756456747,0.24694553303853972,0.0010970758849376853,0.248270887257606,0.0009821405751882267,0.23243889933344727,0.0009370483023642203,0.20251189578204862,0.21225709422237565,0.23709654744045833,0.18198792431864175,0.16614653823647574,0.3481344625551175,0.9129536416139931
RWTT_Train,RWT303,32,2311328,0.3830448404061762,0.014155260765664895,0.4899249525066808,0.00042690238135967284,0.5130740656215784,0.00018804163456265233,0.9583659113048368,0.04163408869516315,3.732164366113334,0.0006778310435395884,0.26749513699483585,0.00029534208440901833,0.25476936414408613,0.0003511261444777888,0.253383783234719,0.0004317926765697461,0.24899779514932852,0.0005273084018654576,0.2574964781646206,0.0006065803481702625,0.27420402894725454,0.23836922631173194,0.19519143991804594,0.15872621619700142,0.1335090886259661,0.29223530482296756,0.8411281502500045
RWTT_Train,RWT304,64,3227184,0.41902454450423277,0.023953703362737916,0.49595210631516096,0.00012420084410277865,0.504437188727642,9.434706802929904e-05,0.9909587274413582,0.009041272558641856,3.2904030262916524,0.00029740748010909004,0.2967909483933981,0.00013213816071126422,0.2668942022282337,0.00019619973381626612,0.25960075264737065,0.0002931153722920856,0.2581447213766915,0.00044000316520039076,0.26396590975424666,0.0005383523633674456,0.3365104410724682,0.2750348457071883,0.18321900288158935,0.12263948940770085,0.08259622093105327,0.20523571033875412,0.6734879713700671
RWTT_Train,RWT305,32,1858119,0.37676893979088316,0.024678793976455116,0.4867634379418558,0.0029132340342940266,0.532122838349208,0.0064431190838393215,0.7250973209508769,0.27490267904912313,3.7049446241064214,0.0007748081696464568,0.2691845893616071,0.00034777071645350006,0.2524766232753605,0.0006062850746508852,0.24198823277875883,0.0009151523200284181,0.24617952158120357,0.0011517516550607178,0.24671008906021533,0.0014253190282199452,0.32056447517658804,0.259037210286462,0.20582432239252801,0.1363578629870563,0.07821612915736573,0.214573992144422,0.5736092326761557
RWTT_Train,RWT306,64,3419889,0.5102833368855091,0.01006249431786771,0.38637086105632695,0.0005445592239715358,0.5391027007762272,0.00011133113494055102,0.9388069771060744,0.061193022893925544,3.203592865148547,0.00030347142926776243,0.3026794144488315,0.00013762759416655437,0.2689961647329321,0.00021443644736283797,0.2611745185781085,0.00027650379501533074,0.258281424033662,0.0003460508570127616,0.26007560027684606,0.000471414576902489,0.3260053461650541,0.23931043917314923,0.19121537565133387,0.14829288630034573,0.09517595271011706,0.24346883901046282,0.6418106430092133
RWTT_Train,RWT307,16,1246890,0.4746478680745757,0.010092740139253126,0.4569464291628071,0.0014718103114300107,0.5133012936122704,0.00022277212758153864,0.856236865686845,0.14376313431315504,3.807437705010065,0.0011553509681093998,0.26346670516244414,0.0005076474786914008,0.2562813152559708,0.0005657980380541845,0.25345638540478904,0.0006934977893771669,0.25212053048409017,0.0007360064138096564,0.24442379182156135,0.0007247888996496851,0.22455005967723804,0.2280254074305898,0.21485562219005092,0.1752923965471034,0.1572765141550178,0.3325689107021212,0.8972238228984194
RWTT_Train,RWT308,32,1708194,0.4303987138486125,0.020904322026188776,0.45943651036606525,0.0007383529600488437,0.5262045184746805,0.00021809274416384472,0.9562483021635799,0.04375169783642011,3.6752886381757577,0.0006210705357443567,0.2714240888330014,0.0002805020346635136,0.26071886896224483,0.00034586652608139526,0.25613620006452625,0.00037954883296895434,0.25725082359020734,0.0003860971774819661,0.24883866917765224,0.0004115800438123067,0.2281998628668838,0.21407093050132245,0.21044021190274081,0.1917651135146215,0.15552388121443148,0.34728899472905295,0.8110123805317345
RWTT_Train,RWT309,32,1757803,0.43481338820084425,0.014377527370637105,0.406353963205392,0.0005971569038781821,0.5389929318542375,0.00020379851915786062,0.9472308639853052,0.052769136014694774,3.6119519650381755,0.0016787066858875615,0.27612650564369273,0.0006992057411795762,0.25876433939873417,0.000672628968334104,0.25261548750776286,0.000793534214779832,0.2525844679778114,0.0008669368487149402,0.2615423009732967,0.0007905032170064866,0.20678595741279696,0.2267800591081984,0.20757882929869612,0.17595149799296547,0.18290365618734294,0.3588551541803084,1.0395117874737017
RWTT_Train,RWT31,32,1774533,0.4550089475603897,0.023919626421129575,0.46534421129059944,0.00033016942422309237,0.5238739282844387,0.00018640102781741774,0.9788604399153584,0.021139560084641597,3.555684791435268,0.002222489983598271,0.2793027799426666,0.0008800512383027523,0.2632679084482035,0.0006270879928539084,0.2589282977223261,0.0005995850836190451,0.25916059906470135,0.0006470972678848002,0.26199177706715393,0.0007792779798436568,0.22056496457499383,0.18315285387150415,0.16970511954496859,0.17748947680643504,0.24908758520209842,0.42657706200853346,1.4033935401913784
RWTT_Train,RWT310,32,1705620,0.4410598415043518,0.01874613894631086,0.48386090524968894,5.819424878450441e-05,0.519588696406397,3.692387675252595e-05,0.9949516040689688,0.0050483959310312345,3.609055944465942,6.072665753219505e-05,0.27582404052485315,2.820227838999385e-05,0.2624332821058941,4.66126812993456e-05,0.25776352237935557,0.0001051293782881969,0.2589869281045752,0.00020624785545440296,0.26013103615627275,0.00031574861574620405,0.4498222807645184,0.29382513846984487,0.1497695773113491,0.06640543004462347,0.04017757340966406,0.10658300345428755,0.6050344585174031
RWTT_Train,RWT311,16,980027,0.5349415818095594,0.03609803711363335,0.4361243428167259,0.0011948346354681838,0.5609954405057658,0.0006870477628331817,0.9504505954071333,0.04954940459286669,3.72001587711359,0.0015168114458273328,0.26815587733807333,0.0006632338452289926,0.25796042617960424,0.0006342692155991972,0.25641668633467074,0.0007229716095137146,0.2545015244779382,0.0009673111511607537,0.26243218806509944,0.001245309105119801,0.29418407257722895,0.2285115661066833,0.1707903134812443,0.14983581199897017,0.15667823583587334,0.30651404783484354,1.045666144465852
RWTT_Train,RWT312,16,1592510,0.558550642653895,0.013386253314175367,0.4883225421184022,0.00016127163323761962,0.5108880317577298,8.863188194263572e-05,0.9816734642826732,0.018326535717326783,3.709935887372764,0.00032653232250276856,0.2687286108093513,0.00014196823664230633,0.25803768170803804,0.0001891027541722166,0.25522512406273773,0.00031385804523982396,0.2552512063582174,0.0004953358760350845,0.25618571031415066,0.0007117077475461451,0.38429711359032265,0.26746392472800035,0.16947228870084055,0.10210882606087039,0.07665784691996601,0.17876667298083637,0.7507465307089886
RWTT_Train,RWT313,16,1306917,0.447822136326323,0.015507914354297797,0.44496891491396284,0.001391959173401569,0.5305046335435883,0.000286504869496218,0.9023375370827589,0.0976624629172411,3.683430546851866,0.000857421838971996,0.27097130116143564,0.0003498491918286598,0.2598429421382121,0.0002574193435469066,0.2549011084546838,0.00032329439770392845,0.2531974761255116,0.0005622557966387467,0.2505472301734299,0.0008698387274332487,0.36816116733314336,0.23797601084188638,0.13683506964810063,0.10895330711937445,0.14807444505749526,0.25702775217686974,1.3590633361432327
RWTT_Train,RWT314,8,763729,0.3672754305390946,0.018976858022441728,0.4556932488551703,0.0015118806903029747,0.4862448735344691,0.0006904588400042377,0.8960140239108653,0.10398597608913475,3.794631341745567,0.0029453162355144377,0.26366289613200494,0.001181801380297044,0.25342285478752724,0.0008612570446744518,0.24855480002351513,0.0009997150871492134,0.2522863450015768,0.0011978656547984735,0.2603125,0.0013519731028866645,0.24174268439560526,0.21418714493505528,0.17875637339398812,0.15399906217785256,0.2113147350974988,0.36531379727535135,1.3721819607800774
RWTT_Train,RWT315,16,1059062,0.44606512462883363,0.02971001983223756,0.4954239047160586,0.00013698970773132202,0.5066703983706264,8.899222116071082e-05,0.9924511652993868,0.007548834700613197,3.810760843085674,0.000630286419297832,0.26268905880864385,0.0002807803604316968,0.25232203706632544,0.00033006099600686533,0.2441272419049247,0.0004949347519737913,0.24572562292116473,0.0007797324312637751,0.2412728568036096,0.0010942113222262879,0.36721952832427796,0.2616797777647296,0.1661011017518264,0.11076913646376688,0.09423045569539926,0.20499959215916613,0.8506923381696895
RWTT_Train,RWT316,32,2015869,0.418060872586798,0.011923980209209373,0.47818077140666565,0.00019494511752973787,0.5058798742066578,4.4510113121121186e-05,0.9803135198246581,0.019686480175341862,3.5928544960014763,0.0003593146387357007,0.2767292914370924,0.0001607430973028312,0.26175315945146543,0.0002190961320820767,0.2580212164170416,0.00035114588658497484,0.2554411296315957,0.0005203242656768941,0.25571487946799665,0.0006957639832352321,0.3573383498455873,0.2672340318868392,0.18034548308160644,0.11252587397771412,0.08255626120825298,0.1950821351859671,0.7336646967487971
RWTT_Train,RWT317,16,1486334,0.4870270777948047,0.01978875974614072,0.4704416543512124,0.0004082949254772539,0.5188670847027067,0.00029827975869628487,0.9655250961346374,0.034474903865362526,3.694329807432246,0.0017335936549654905,0.26969712056644063,0.000743446513620831,0.2577533303397695,0.0007512574370964197,0.2538253825382538,0.0008890976492401293,0.24799816975520475,0.000971798022254847,0.22140221402214022,0.0010086896957095498,0.23112347102365705,0.22267039406947606,0.20372106074386173,0.17213740482589263,0.17034766933711248,0.34248507416300505,0.9896028670201554
RWTT_Train,RWT318,16,1438380,0.4225128755772627,0.02012911801701242,0.4683237818008955,0.00011158374315767272,0.524365978504017,2.8111662333518694e-05,0.9931078646500296,0.0068921353499703875,3.7045064586548757,0.0005350614002696061,0.26962485574048584,0.00024196819734909996,0.2590485865974942,0.0003472688842626223,0.25322251530383716,0.0005141009159402597,0.25204402515723273,0.000703774190253262,0.2621646912039925,0.0009121850729497636,0.3354488257368734,0.2588073766006224,0.18905653433325662,0.12770537788362418,0.08898188544562355,0.2166872633292477,0.6967747711197511
RWTT_Train,RWT319,32,3067653,0.3703016273966569,0.027759186646892198,0.42657031557807196,0.0019245536995353973,0.5804329157163917,0.0010052569068273454,0.9045322145202381,0.09546778547976183,3.357822413421596,0.00026166670115967993,0.2916089270852994,0.00012213636369680196,0.26525479148850545,0.00023743948373061144,0.2578291927429041,0.00042676598796332515,0.25778453390869416,0.0006199088377669024,0.26491661911102654,0.0008449784590218658,0.3753409401751157,0.27536461256022543,0.1895702138281036,0.10547104261250236,0.054253190824052985,0.15972423343655534,0.5143894426395089
RWTT_Train,RWT32,32,2291280,0.5362941509498086,0.07029361740815138,0.47484242448435965,0.0047863580911028936,0.5975288515794756,0.002359232084201246,0.9077264553927233,0.09227354460727666,3.462349429140044,3.546325708304149e-05,0.28497390105094095,1.750984564797035e-05,0.2653934804082977,3.838135018121864e-05,0.254561717352415,0.00031209971152465515,0.2324938226826559,0.0016250957685468898,0.24132215288611544,0.0018096057562335844,0.47587486722346245,0.4273539860374088,0.0820733512096019,0.010093203924903421,0.004604591604623329,0.014697795529526748,0.4562071309450323
RWTT_Train,RWT320,16,935073,0.32822500753060013,0.019441768625034855,0.4597021750446162,0.0010704699139579277,0.5330325207911267,0.0011638481022843705,0.8969224448481604,0.10307755515183954,3.7508536766648164,0.0013436156871417318,0.2668283652720162,0.0005767047513510389,0.255450814415801,0.0004426673441752113,0.25285552905736164,0.0004030115851418751,0.24720774385703648,0.0006509667017929854,0.2477409638554217,0.0009502929916558727,0.31428739241888726,0.21529215626597892,0.13328674558373457,0.14640196921519777,0.19073173651620148,0.3371337057313993,1.3027948841032524
RWTT_Train,RWT321,16,1033873,0.34269233835998664,0.01811172675464505,0.512747907475103,0.0001544302027660649,0.4985433472457005,5.871575717067423e-05,0.9883684889245026,0.011631511075497451,3.7905700216564315,0.0007055944307352675,0.2645895579050812,0.00032062650719856615,0.25689448441247004,0.0003951335937873569,0.2534365483678174,0.0005924615425113479,0.2540707467714767,0.0007933483430919726,0.2459668508287293,0.0010195173748254566,0.32665454592188614,0.2541897265997612,0.18982536337682068,0.1266012604044041,0.10272910369712794,0.229330364101532,0.8114382382053622
RWTT_Train,RWT322,16,892893,0.38140257471512323,0.05221811143898242,0.4628097565694751,0.0010549841643071878,0.5277634846526398,0.0003552882616056352,0.9737028729139836,0.026297127086016427,3.7871032699326794,0.0005573682477270026,0.2645692149003296,0.0002545932976874568,0.25527024281215077,0.00035646087475000633,0.2550287713712419,0.0006129676307971092,0.2554782495610898,0.0009898499405537051,0.2585899720030542,0.0013752842055861788,0.3831776119468626,0.27578905862984954,0.17078322576201838,0.09931607313193869,0.07093403052933075,0.17025010366126944,0.7142250825311712
RWTT_Train,RWT325,8,484881,0.4496500190808857,0.016334369137992077,0.45189384560941726,0.00034392334777172406,0.5405702458630287,0.00017041800267159068,0.9694729545743962,0.03052704542560382,3.877025496977609,0.003958551576415446,0.259407978452445,0.0016406746861430095,0.2501073285525751,0.0011463428562524954,0.24682920626847643,0.0009031605802657969,0.25074050225370254,0.000722145575553424,0.24807395993836673,0.000594763817118139,0.11878438619193975,0.14422467618991014,0.1803764319077926,0.22894404236836832,0.3276704633419893,0.5566145057103576,1.4312251148897392
RWTT_Train,RWT326,32,2866717,0.4936862884124201,0.011389335513695198,0.4684438527103322,0.00010494347793782444,0.5154163015358868,9.392279987102681e-05,0.9828389010316811,0.01716109896831889,3.5957877948887176,0.00012290619580936378,0.2766244453149718,5.496143475433671e-05,0.2561613812792874,0.00012022551635923847,0.2508553340848787,0.00016622775125122317,0.24237607441422349,0.0002614986003024368,0.24799611367500607,0.00037523328942098565,0.3836166198973402,0.2673409102659858,0.16994155333746824,0.12291155265651135,0.05618936384269449,0.17910091649920584,0.45715282760865694
RWTT_Train,RWT327,32,2303594,0.2975469098100005,0.015268180142920224,0.46985461689557656,0.0007541370410960035,0.5382849634944552,0.0005993655090930083,0.918570064464645,0.08142993553535506,3.4801636052186278,0.0002360286087308627,0.2837201347112382,0.00010757514192434757,0.26299160311884157,0.00013677189192110026,0.2554149576751898,0.00018003460269636656,0.25294975171973944,0.0002678837105847731,0.25024763619991,0.0004390972478052979,0.3881136337477501,0.2367797130511472,0.1591307716048414,0.12089129739112042,0.0950845842051409,0.21597588159626133,0.7865296035124275
RWTT_Train,RWT328,16,1034656,0.45683046029738833,0.014151208724633685,0.4981106748977746,0.000173401904720899,0.5078246343162559,0.00018306554826519328,0.9754290453810931,0.0245709546189069,3.8267578789472054,0.001272543322334926,0.26133130238456065,0.0005471093458668332,0.2543640989984763,0.0005085230489555098,0.2504616368844236,0.0005628427130166303,0.24660397074190177,0.0006704057000584253,0.2375235404896422,0.0008579284111584381,0.272634389769536,0.21304300750064942,0.17886140335685957,0.16159958025929713,0.1738616191136579,0.33546119937295504,1.0758791503955984
RWTT_Train,RWT329,8,546669,0.39238651525843593,0.015926762515043158,0.4575827609774545,0.000553584092937015,0.5333730631565504,0.00023178971943704774,0.9530057799321795,0.04699422006782052,3.8612359581392033,0.0008555588173895447,0.2595665750207164,0.00038524126254590454,0.25402933113455534,0.0004185114491466252,0.24956999389668758,0.0005294962240276009,0.2484437527790129,0.0007700764238455539,0.24026845637583893,0.0008880943031319515,0.29688054611872006,0.25742841549390155,0.1770049955311539,0.139903957430438,0.12878208542578656,0.26868604285622455,0.9205035210660044
RWTT_Train,RWT33,16,866505,0.4032312270241418,0.013684956124201092,0.44012654585906674,0.0010082098115675175,0.5496418925702281,0.00039464524885751695,0.9070206378341686,0.09297936216583141,3.7969013450585973,0.0006457576612056385,0.2640631040790301,0.0002703550772961599,0.25866650350506093,0.000242243738426313,0.2560064880208157,0.00034031917665668646,0.2592397043294615,0.0005733655924970661,0.2525458248472505,0.0009193451108718292,0.39193974414549737,0.24444004864726113,0.1450865506862133,0.10327454590977282,0.11525911061125546,0.21853365652102827,1.1160456780120158
RWTT_Train,RWT330,16,1077049,0.4933504382772157,0.014000706535591795,0.43381483843862023,0.00023495033824230682,0.5497307132730318,0.0002288370254494021,0.9679361499323055,0.03206385006769456,3.749513717574595,0.00010376360841087821,0.26647348449327746,4.984881483220182e-05,0.25856343966132994,7.807813274978983e-05,0.25486127019633736,0.0001585188504854939,0.2507798868503146,0.00028894666850864286,0.24330592452034577,0.0005191815345578467,0.47432291834081236,0.2639809352399153,0.14482241522388517,0.0713319818202343,0.0455417493751529,0.1168737311953872,0.6384478352210082
RWTT_Train,RWT331,32,1649064,0.46485280250482763,0.025290522723937447,0.4908467261784515,0.0024822165016575026,0.541747680276444,0.0060863834182988685,0.7469337876803598,0.2530662123196402,3.6376890163147095,0.0018290380301479176,0.27405485778599253,0.0008078892901973981,0.26143419171825977,0.0009171375137791723,0.2591598886171086,0.0010956595053473678,0.2598301763553233,0.0013116451753925713,0.25980392156862747,0.0015182786213016602,0.2686928655163486,0.2321245229777235,0.19390109825139734,0.1623076971462563,0.1429738161082743,0.3052815132545306,0.8808813052127766
RWTT_Train,RWT332,32,2363387,0.30066692196826306,0.016864905619955947,0.45684113227264017,0.001724933426723363,0.5567374306002721,0.0009081853339835133,0.8649545867160637,0.13504541328393627,3.4740649753933655,0.0002657863439624055,0.2842797222799313,0.00012555964756926765,0.26373531508655784,0.00022096242687512184,0.2556689278418005,0.00041508952183687,0.25110919806635323,0.0006881416883532125,0.25377988748241914,0.0008603441154307886,0.3724276367769098,0.2978842746343823,0.17968485736798095,0.09565069718223985,0.05435253403848711,0.15000323122072698,0.5682398104734268
RWTT_Train,RWT333,64,3665190,0.5963700567827652,0.024648946767807323,0.4564953047197393,0.001968566571369512,0.535107182500102,0.0010604256744812246,0.8905629409633413,0.10943705903665872,3.095485909325301,6.609010535565283e-05,0.31062782556975216,2.8765212771429913e-05,0.2711324450378126,5.6151989887068356e-05,0.2630237101011704,0.00012558498869275658,0.2599517193812198,0.0003177288218796112,0.25632521557850846,0.0007222169998945946,0.5775665939837298,0.25409198826703455,0.10043199507259828,0.04490549730789526,0.02300392536874208,0.06790942267663734,0.5122741478847299
RWTT_Train,RWT334,32,3156907,0.4609795311366392,0.0321794020410025,0.4820862330904999,0.00031078995979050283,0.49590287514417686,8.381175718402689e-05,0.9878859927718312,0.012114007228168747,3.3581603765964596,0.0004813276223979189,0.29202095595467337,0.00021901926814919497,0.26166444114925647,0.00036492221588117893,0.23818110967399594,0.0009728734917644828,0.2295361587329214,0.0012477868651701919,0.2321807703973309,0.001405152980883786,0.33378499232092396,0.296403690470076,0.23109979866647373,0.08668490953136146,0.05202660901116478,0.13871151854252622,0.600180692261578
RWTT_Train,RWT335,16,955628,0.1495534455157975,0.013004891533591249,0.4832982462041625,0.0006614869063273077,0.5106740601581973,0.0004633760274964094,0.9203904826217755,0.07960951737822451,3.755461330141017,0.00011416238073700003,0.26632852951148356,5.1916982323426136e-05,0.2578749052103838,6.45128341452975e-05,0.2521483422720624,0.00012997814008965005,0.24859508127379298,0.0002606982218943915,0.23626640738940205,0.000517256252382157,0.5049543372657268,0.2544980312113804,0.1268868675549819,0.06297852420526136,0.05068223976264965,0.11366076396791101,0.804754325418371
RWTT_Train,RWT336,16,1057250,0.5568915289110244,0.0061229491316903695,0.45572212028061804,0.00018359697036157696,0.5416923819638876,0.00017271120443246302,0.9450078677323945,0.0549921322676055,3.760696145660913,0.00020494511886531594,0.2659796642232206,8.935090905243733e-05,0.2568854971604548,9.555853361507061e-05,0.2524433123840638,0.0001375584021631529,0.24989032682605836,0.00019662504006232737,0.24950625411454905,0.0002460155017189039,0.3215433342827772,0.25698978537281036,0.17978943188990373,0.12489542042301978,0.11678202803148904,0.2416774484545088,0.9350385117080295
RWTT_Train,RWT337,32,1725892,0.46094547758264837,0.026266771266008265,0.4419578385246785,0.002776123422166682,0.5592924116443214,0.002561437885388873,0.8311129875901799,0.16888701240982013,3.5953060794070546,0.00018950699230397723,0.2766708461479629,9.038796073083816e-05,0.26149728588661036,0.00017832933490367098,0.25879743084586676,0.00036868157642785693,0.25836298932384344,0.0006595590265294834,0.26386393580069467,0.0009637977837635786,0.426316647696942,0.2917427264154012,0.16307891175738914,0.0788804098981071,0.039981304232160585,0.11886171413026769,0.5068597422833627
RWTT_Train,RWT338,32,1735247,0.47242346218734227,0.029860814835898142,0.4790115233840709,0.00016504394802430156,0.5378437929608236,0.00038340644794848666,0.9819643654066993,0.01803563459330072,3.6005294923431648,0.0018160290028769982,0.27602352863886237,0.0008189359968760403,0.261125459058937,0.00102703959084327,0.2531282231692399,0.001370582932378817,0.24940775135032692,0.0016984492645658157,0.24772036474164133,0.0018061694710172016,0.26872814126282984,0.252701156353254,0.20392006939265253,0.15280650275592034,0.12184413023534324,0.2746506329912636,0.7973752951467408
RWTT_Train,RWT34,32,2206133,0.4510557981185902,0.020119556289676793,0.47100125512672997,0.00027837702449806656,0.5182170083126834,8.492836350243449e-05,0.9822629575047885,0.017737042495211488,3.509192782121477,0.00017350138250171195,0.28208770731411026,7.712141541265189e-05,0.26389511555896217,0.00011566507255439776,0.2593711182015247,0.0002110809130866581,0.2581228284345948,0.0003774364509861771,0.25429740791268757,0.0005758955407044322,0.42432640611483474,0.27809948413179286,0.1555268254724482,0.08522334534833374,0.05682393893259043,0.14204728428092417,0.6667649421685303
RWTT_Train,RWT340,16,1426988,0.47320917066396245,0.03699814354095887,0.48312698610430593,0.0006411901610657578,0.4959840159833047,0.00013274241132643638,0.9795104571411515,0.020489542858848495,3.6316801542830075,0.001310237752050335,0.2739371319170168,0.0005788101217767248,0.26170808764277764,0.0005543301010239762,0.2584968182751239,0.0005622988754332357,0.2601626016260163,0.0005674239619088831,0.2569767441860465,0.0007049135183953343,0.2375224346377703,0.19119497269851113,0.1894680615446493,0.18678296238088923,0.19503156873818003,0.38181453111906927,1.0441614494820475
RWTT_Train,RWT341,16,1293212,0.3780400947984684,0.014768242918961366,0.5011666989468326,9.942413715002818e-05,0.5034919955892467,7.493980316441995e-05,0.9883310896179933,0.011668910382006703,3.7691453528114494,0.0027850747241406114,0.2649743429538235,0.0011500851105334308,0.2575379084128077,0.0008339461501411698,0.25488951841359775,0.000682062276725499,0.24793278207522007,0.0005866560824337536,0.2488793258024027,0.0005148260747982927,0.1366465113180848,0.15571182372515885,0.18103479054110774,0.22134821374108946,0.3052586606745592,0.5266068744156487,1.3790879786887262
RWTT_Train,RWT342,32,2638025,0.47251159644944507,0.04249594339363158,0.49484229869226326,0.0005521486558412725,0.5090604552373222,0.00017452693313851908,0.9831876085696672,0.016812391430332717,3.4604804730811876,0.002647052377656982,0.2849946456155647,0.0011495442803928582,0.2626615573080366,0.0013825060434740268,0.2544423344727181,0.002015270170722165,0.2485969032360785,0.0026608183806774276,0.2506604755423905,0.0027985208357987844,0.27966583421480884,0.26590475318503354,0.20139289522293838,0.13815859471520409,0.11487792266201517,0.25303651737721927,0.8314931322138952
RWTT_Train,RWT343,16,1317504,0.3188791057552936,0.014888234985837176,0.4694430088153576,0.0008151738611181236,0.5587062299114955,0.0008529893521912468,0.8992435919187205,0.1007564080812795,3.8029637860682017,0.00040148776585441923,0.26292292091712816,0.00017086725421140115,0.25542000334871046,0.00016067525475247914,0.24754176179389226,0.00021010182179413461,0.24595927312574195,0.0003695744066618946,0.24967514386485984,0.0007223535336799257,0.4421925778610252,0.22623694904729943,0.12861495356595357,0.09835821628161044,0.10459730324411136,0.20295551952572177,1.0634322906450207
RWTT_Train,RWT344,8,686134,0.3441931249123696,0.023434120957321045,0.47316819464236826,0.0005488001309615631,0.538594253291974,0.0005733050832290587,0.954304655513704,0.04569534448629595,3.8171056965549,0.0004650986657706754,0.26262217001343763,0.00021844183556575262,0.25695084187042855,0.0002992674246174409,0.25355823848297016,0.00044081622830427795,0.2527257240204429,0.0006265995942728649,0.25716211661611055,0.0007355622376382636,0.31695878680973005,0.2700060403506839,0.18995072038768393,0.12895637511650596,0.09412807733539612,0.2230844524519021,0.7299218611748033
RWTT_Train,RWT345,32,1762740,0.49445782555099504,0.021215903325486063,0.39970039293773024,0.003237188321245199,0.5608931211124697,0.0024367329896779477,0.7889937406568068,0.21100625934319317,3.5899270453952368,0.000434274038381011,0.27659439282026843,0.00020194563727920185,0.25797023570238986,0.00032010109438703155,0.2518107444127305,0.0005067358211055776,0.24864233392270776,0.0007521250963162151,0.24266666666666667,0.0010287711665887941,0.3661525868539442,0.2676907738064845,0.18035364692868305,0.11392800223320997,0.07187499017767815,0.18580299241088813,0.6308808086580019
RWTT_Train,RWT346,4,255908,0.2408520099900845,0.03274059535995691,0.4876795068355991,0.0012079839935555114,0.5105679669500843,0.0011409818304627395,0.9330579880522705,0.06694201194772952,3.9228394579301935,0.003445312166886418,0.257108023195836,0.0015114138697534365,0.25369323363122376,0.0015403892459388965,0.24778336927869637,0.0017277946816656434,0.2545938104448743,0.0019673339700830342,0.2630579297245964,0.003002728854185415,0.3079829104538106,0.20178486682081515,0.1772158794771889,0.1579941400751989,0.15502220317298637,0.3130163432481853,0.9811895751272925
RWTT_Train,RWT347,16,1266436,0.456759579750591,0.013704100452174711,0.5048974940264586,1.8054349979312878e-05,0.4947266404179052,1.3080165046419623e-05,0.9977332375383398,0.0022667624616601978,3.7393425329033603,0.00018860086027813142,0.2670794260428478,9.06113735933095e-05,0.25594919568707336,0.00015197945172268134,0.24839440003696345,0.0002595328585469084,0.23958333333333334,0.0006010724540562532,0.23020186335403728,0.0009721799641410003,0.4684355588251939,0.2896209768723798,0.12505340997676484,0.07322983606287876,0.04366021826278273,0.11689005432566149,0.5962080568539563
RWTT_Train,RWT348,16,1006689,0.43203176897966816,0.019910766845627703,0.45830880684981845,0.00028565275498543263,0.5319083327036968,0.0001419457806869362,0.9789757668497037,0.02102423315029636,3.7098865687416867,0.00019535982212077438,0.26985196023796826,9.122460474520944e-05,0.256941658046728,0.00015468421935291917,0.24889684813753582,0.00029998904532520725,0.24463247568065388,0.0005204089683756742,0.2548235294117647,0.0008250680268227233,0.43622660016037235,0.2751485060470832,0.158608983833146,0.0817840092127138,0.04823190074668458,0.13001590995939838,0.5897473260480198
RWTT_Train,RWT349,32,2095254,0.2766067149947515,0.025320621631821874,0.5030072435599521,0.0007390605185803034,0.4972708005750823,0.00029169184497904177,0.9608843028928962,0.039115697107103865,3.6133289806391016,0.0008683052183879646,0.2746110972703071,0.00038489939982445974,0.2576505961277764,0.0005167020565782486,0.2499409768831747,0.000763585851421977,0.24726742773864466,0.0010474914082345293,0.2409954158480681,0.0013102816032823316,0.3257008519280624,0.2603782600584975,0.18980695577602816,0.1284382682309974,0.0956756640064145,0.2241139322374119,0.7449155561202438
RWTT_Train,RWT35,32,1606047,0.3891803207771039,0.016327544842662106,0.45673260470962423,0.0009233136485191085,0.540753666608796,0.0007685759970934014,0.9061075059423516,0.09389249405764845,3.7595836236423965,0.002089708681764703,0.26630478435562593,0.0008651959864546685,0.25761401736739475,0.0006065523827195001,0.25296557482687576,0.0005370359428346918,0.245156429391504,0.0006155255460375194,0.24396312015220253,0.0008877526839347123,0.2527724587256202,0.17526041711384568,0.15291183924411533,0.17270546166793338,0.24634982324848548,0.41905528491641886,1.4264159388436168
RWTT_Train,RWT350,16,1351551,0.5635189099825926,0.03260561038728127,0.4476037591988799,0.0006554733399511403,0.5417160470843748,0.00046665859467331927,0.9667297050625399,0.03327029493746012,3.813205716987372,0.0011921270671485806,0.2619679168599631,0.0005569193107346194,0.25202576942521526,0.0007217567650169498,0.24467405556240404,0.0009363417988052569,0.24073649979388997,0.0011143725732420443,0.2423896499238965,0.001352054130250487,0.2888113076442431,0.238040321670619,0.20001129634122625,0.1541739420351502,0.11896313230876139,0.2731370743439116,0.7716163363173196
RWTT_Train,RWT351,16,1310500,0.35001597374751114,0.004329531753907254,0.4687048442938549,0.00017893377769917507,0.5219096222127267,0.00011121784826917391,0.937192313388334,0.06280768661166604,3.756553987027852,0.000371016944796696,0.2657535291873331,0.00015678006857074587,0.25574697791943035,0.000140079399627977,0.2479875152971292,0.0001514437211767851,0.23764034770010867,0.00017823600560233226,0.2246142122309011,0.00022331972551582486,0.2627727027753067,0.20972422752096162,0.17819866041861943,0.16482665093002474,0.1844777583550875,0.34930440928511225,1.119222876362424
RWTT_Train,RWT352,32,2631191,0.34808344995427243,0.040052864144793546,0.5006679537315168,0.0007463203043431843,0.5054081690822217,0.0006317605014254379,0.9667378862004468,0.033262113799553183,3.3701346652523516,0.00045310954820097175,0.2906083214787524,0.0001930173181796033,0.26663972609547426,0.00019944154885983314,0.26048017264634477,0.00026407946908929526,0.25811553814867816,0.00042842491139664105,0.2584622118470966,0.0007582447221769592,0.41137231101459026,0.23243438528850835,0.14327166192317553,0.10820349745560283,0.104718144318123,0.21292164177372583,0.9677889049851655
RWTT_Train,RWT353,16,1183631,0.680706769818211,0.014030688465453023,0.4029961141539541,0.00023827193783307332,0.5094047480516739,9.832374384194376e-05,0.9765720731748525,0.023427926825147476,3.6806555421410896,0.0005690270703933047,0.2708656667491811,0.0002616794721579008,0.2590882862088863,0.00033277665643008934,0.25389755011135856,0.00046876325766252556,0.24599336178283546,0.0006384759784309156,0.24865073245952196,0.0006964286808484055,0.2904056118975855,0.2662397633771493,0.1954708133369131,0.13876540583894872,0.10911840554940345,0.2478838113883522,0.7863516478743008
RWTT_Train,RWT354,32,2864916,0.2123187468494786,0.004923624756039011,0.48315847470352413,0.0003453828667889236,0.5098252936095601,0.0003499519452116462,0.8762520349931673,0.1237479650068327,3.362316382050992,0.00015538247016369413,0.29171884969751294,7.190789290683993e-05,0.26479569249177387,0.00011375038983977389,0.2548767978744075,0.00017158640053429518,0.2502792305646663,0.00024776658559950634,0.2569951122759793,0.00032996849036320033,0.3529151161840549,0.2649967372555163,0.18351883967317745,0.12166080464864416,0.07690850223860708,0.19856930688725127,0.6321551337813232
RWTT_Train,RWT355,32,1869979,0.4323826705467604,0.030035299839684698,0.49219455498964043,0.0003698471075412324,0.5116664832819139,0.0003615905996875446,0.9762263481425851,0.023773651857414924,3.5512099333735834,0.00100287936087754,0.279434154073388,0.0004420466397300985,0.2635301682563498,0.0005848148332839492,0.2586852959972114,0.0009346692516846675,0.25750940430071306,0.0014299034682551343,0.25029979287038046,0.002106422941700279,0.3831352634507471,0.26008378050461833,0.17000610033921296,0.10637141325440064,0.08040344245102102,0.18677485570542163,0.7558745342484644
RWTT_Train,RWT356,16,1237887,0.43098819168091523,0.03371563397848312,0.4804990381538323,0.0070607359202361775,0.518538898569356,0.004694477877543901,0.7414780156371625,0.25852198436283746,3.769277809686991,0.0002787591274314132,0.26534328254517575,0.00012841946942140426,0.25728464219932107,0.0002170331606647642,0.25378362067945426,0.0003924159915689038,0.25486081969506225,0.0006976980037439664,0.25960482985729966,0.0011822732889564822,0.45162169102595523,0.2665166803814017,0.1499006831613352,0.0829054364533956,0.04905550897791224,0.13196094543130785,0.5917043691759378
RWTT_Train,RWT357,16,966936,0.44278954896059103,0.020155885118295497,0.4910086679986344,0.00024250048519203204,0.5122366522259897,0.00021642708689800783,0.9777379703137405,0.022262029686259403,3.753690006370639,0.001301069371698598,0.2663785400481521,0.0005583590774880267,0.2581851217722492,0.0005085275016280547,0.2556051788694907,0.0005729381693470896,0.25308859865866573,0.0007006890858702741,0.2608089260808926,0.0009458136637504513,0.28780261988554423,0.2132134080607648,0.1743399492841608,0.15474036045541817,0.16990366231411191,0.32464402276953014,1.0979918995539786
RWTT_Train,RWT358,64,4232450,0.3030166841871769,0.011851769858167605,0.4737928244064445,0.0007442899343731157,0.49596679684959466,8.298629536790392e-05,0.9347524865825709,0.06524751341742908,3.1863072215856065,0.0003474384583607015,0.3074023319826578,0.0001561151867383463,0.2622190282576197,0.00021013277416541897,0.25351443880362523,0.00027707504581230257,0.2486530234709215,0.00043111651903433905,0.24332744350413837,0.0004966952278689956,0.316137891243743,0.27439818134070393,0.17635345738104793,0.13374586341581385,0.09936460661869122,0.23311047003450508,0.7429359240051273
RWTT_Train,RWT359,32,2753266,0.39021955704285766,0.01882007301514496,0.4385189181666956,0.0004845595988827167,0.5615230879125296,0.0002990570358579192,0.9600270842511931,0.03997291574880696,3.4116333111294006,0.0006496652513390274,0.28948201880966096,0.00028450620411162524,0.26600302877841364,0.00038751365842584296,0.2556530352341871,0.0006091106339976169,0.2498846884743824,0.000852201615330525,0.24800649734199645,0.0011368248334678013,0.34763616929458885,0.26059960716767316,0.18626342532789802,0.11850001847123387,0.08700077973860616,0.20550079820984002,0.7341836808213307
RWTT_Train,RWT36,32,1638334,0.38032627728690477,0.008904860218482274,0.48948707883483494,5.16801164642533e-05,0.5139853353372276,5.21583412551041e-05,0.9884735341416548,0.011526465858345165,3.650935645600958,7.127709338696693e-05,0.27318178100436175,3.605521846919277e-05,0.26000808824679433,8.319611791535562e-05,0.25622583139984534,0.00017124404613662144,0.25988530033202534,0.0002532945303139748,0.2553877919731578,0.00031010665356964967,0.3631665306669496,0.29663373794841935,0.20054424958940786,0.09743114235210082,0.042224339443122434,0.13965548179522325,0.4333762124078389
RWTT_Train,RWT360,16,1410608,0.451999359886645,0.018587184973511417,0.4839856146997403,0.0005809451960882006,0.5042997646515966,0.00022706266167288325,0.9583397873488391,0.0416602126511609,3.8224382677540465,0.0018982092978264233,0.26202956455656,0.0007719227472188873,0.25340551537926687,0.000540827541305603,0.25030961735565427,0.0005299661245511145,0.25468116869268503,0.0005723876003953587,0.2592530564394574,0.0005907236624388178,0.19652612396019079,0.1904259532183969,0.17631287674890025,0.1799263296562433,0.2568087164162688,0.4367350460725122,1.4272992557949271
RWTT_Train,RWT361,8,657783,0.5756799250292577,0.01834587961511014,0.47188751145747293,0.00024166207561501785,0.52094773241414,0.00012073870349915694,0.9806288567694305,0.01937114323056952,3.87421991751079,0.0037887212435354623,0.2596205739582811,0.0015350793064564307,0.2550798130863012,0.0010254989308361437,0.2512798145129818,0.000996536056445206,0.25497898775808514,0.0010886756353936198,0.25618058043711933,0.001035780556147009,0.18230532540797184,0.19161526521839364,0.17539799233809447,0.18049568046252834,0.27018573657301176,0.4506814170355401,1.4969097093107635
RWTT_Train,RWT362,16,1215676,0.40595174309859083,0.02872623388936274,0.4904355837458912,0.0002727703890825217,0.5170402141656703,0.0002789960493992938,0.9811542307431064,0.018845769256893664,3.781362797324287,0.0017985124873328559,0.2646313655941221,0.000804311410530428,0.25230800793270874,0.0009562480461801189,0.24769308479838362,0.0015049071446869438,0.23362347674707784,0.0023713286232464686,0.22269533744943582,0.0023966945579268354,0.2983379107703141,0.2951803870331955,0.18732919134993398,0.11903270833240673,0.10011980251414977,0.21915251084655651,0.8411116903646231
RWTT_Train,RWT363,32,3034653,0.5007606254494145,0.018758131025378544,0.48432072058266873,0.0007789774132476446,0.5190071665046574,0.0009407882711429116,0.916018441309447,0.08398155869055302,3.4033584729456714,0.00035515072022379373,0.2895283249847676,0.0001610580849914548,0.2622038246427913,0.00024595928426168555,0.25419638245137316,0.000411619834845703,0.24690493673263778,0.0006467914493534104,0.2410955114461581,0.0009651445404276194,0.3970851578787386,0.2661065509082451,0.16935093165766502,0.10119394259798689,0.06626341695736435,0.16745735955535124,0.6548160419108184
RWTT_Train,RWT364,64,3998972,0.39669456990150026,0.019577156573674898,0.4623317293436237,0.0008089605851958059,0.5509336147870745,0.0007861117095765979,0.924662051185857,0.07533794881414302,3.2128662066151,0.00042565868762477476,0.30465054519011386,0.00017278214070879147,0.26101524350954497,0.00020718312996119315,0.2584687665098493,0.0002636907991543516,0.23943010791935856,0.0006064521101155789,0.24335586157833222,0.0006742427475608278,0.3503741120838613,0.3151463184021277,0.13702843664633502,0.10766390215025537,0.08978723071742058,0.19745113286767593,0.8339585406454415
RWTT_Train,RWT365,16,1186616,0.40247923727277923,0.021176797313405882,0.4923840907880161,0.00031403949364899875,0.5023537189492857,0.00035236831664325896,0.9694912991697698,0.030508700830230186,3.7349218281229986,0.005440614952600556,0.26708640368914627,0.002170073006512417,0.2563381703788546,0.001299880754728907,0.25269260595019755,0.0010617685167499703,0.25101076525890204,0.0009890140528496958,0.25732582961381717,0.0010119697008223571,0.1549081951518169,0.15139423816961112,0.16253119482243478,0.198980445228749,0.3321859266273882,0.5311663718561372,1.6694400610346682
RWTT_Train,RWT366,16,1283722,0.5617700470883016,0.007335553187995447,0.4498685616190973,0.00019752431269243198,0.5472594740093075,0.00018297009258194663,0.9506879136403645,0.04931208635963541,3.764224653001195,0.00031259876874028137,0.2651243805122916,0.00014175828585351877,0.2556310343003884,0.000164740960971381,0.2504626277254807,0.00024496991362402186,0.23959432793355054,0.00037538560094839873,0.24707910361999616,0.0003831717978650204,0.29249162557496505,0.2865480843073697,0.18699614285832594,0.12575390919108123,0.10821023806825798,0.2339641472593392,0.8604920416735046
RWTT_Train,RWT367,16,1488306,0.3602141672846886,0.0037842714315271253,0.4488850772490613,0.0001284596306123098,0.5402848440928936,8.406491219759005e-05,0.9468262718000879,0.053173728199912104,3.704554036602688,5.6004282854462774e-05,0.2692430185727935,2.6987764185980142e-05,0.2589414947244432,4.984239091716982e-05,0.2554596094909504,9.330472614995776e-05,0.25404610102991665,0.00015428947181033594,0.25942975942975943,0.000211980151840179,0.39518712073133333,0.287636420648737,0.17394471018978874,0.09291941149175312,0.050312336938387776,0.1432317484301409,0.5414620705260618
RWTT_Train,RWT368,32,2018252,0.44533680940872344,0.017098285534592583,0.4976407647106208,0.00019078272575592803,0.5059994104876195,0.00033741829317013305,0.9700336753259191,0.029966324674080908,3.566805334517196,0.0003425910390811153,0.2781832992113968,0.00015078122227554937,0.26280092048361015,0.00020930735388289626,0.25778729633746306,0.0003566860957926614,0.25507414028814807,0.0005661232126503614,0.24551638837353124,0.0007300139783895457,0.36266564463722106,0.2812459020481657,0.17719906288527534,0.10398237385907376,0.07490701657026426,0.17888939042933805,0.7203818665631251
RWTT_Train,RWT369,32,1902908,0.4410916421314788,0.026259760224908307,0.48191795809765736,0.0006867118108829506,0.5214770867802169,0.0007453129870745312,0.9482870173672436,0.05171298263275638,3.5605221061659313,0.001493870996893528,0.27849953860092025,0.0006486483071052522,0.26200140010831025,0.0007947799216044672,0.2553691033489377,0.0011568168079568238,0.2517062440069942,0.0015025839995331555,0.25098039215686274,0.0017689957136978586,0.30126847939879703,0.25589728296291037,0.1970114670021455,0.13535484375931578,0.11046792687683141,0.2458227706361472,0.816135749624612
RWTT_Train,RWT37,32,1926963,0.3941189935197224,0.023712329047763936,0.48106339966459666,0.00024277153330659607,0.5145387197366363,0.0001642063696327134,0.9831264677807235,0.016873532219276444,3.565987515069049,0.00013881289300938116,0.27796745448667154,6.376821589135586e-05,0.2614570050762369,0.00011638083783946729,0.25478239137420117,0.0002390911359969892,0.2532440234298366,0.0004302007174928403,0.25630810092961487,0.000543484305214856,0.3901747921301402,0.30884696008958074,0.1716467861034276,0.08355139012522945,0.045780071551622004,0.12933146167685144,0.5479271078913874
RWTT_Train,RWT370,32,1749075,0.22470752443094041,0.010768923118763062,0.4723257853975364,0.00022644498810939218,0.5306587736946563,0.00021588467267286138,0.960545920292755,0.03945407970724506,3.5691322556208283,0.00010291228571072695,0.2787404771093292,4.799045007721179e-05,0.2638727647896164,7.950479721117194e-05,0.26099123188856416,0.00015457594009217344,0.26024541339051704,0.0002734473037850571,0.2598992904554818,0.0004393874090069891,0.44163715275058774,0.27484740389781337,0.15536739712304096,0.07991187628636927,0.04823616994218856,0.12814804622855783,0.6036170364631559
RWTT_Train,RWT371,32,3054210,0.3388366864137366,0.03449350696838295,0.48330407215213717,0.00034079909227374694,0.5228515019659342,0.00033814812164545405,0.9806966209864073,0.019303379013592668,3.2830047704643754,0.0004178872641912019,0.2969085295379165,0.0001861963710364386,0.26803635998725217,0.0002927522405579338,0.2605025076009726,0.0005169201259340778,0.2586942101772008,0.0008597774350553993,0.2590964590964591,0.0013720851267715439,0.42509273527370806,0.26637205991313606,0.1601496772786853,0.09069907418142242,0.05768645335304822,0.14838552753447062,0.6360203108320585
RWTT_Train,RWT372,32,1827558,0.33570071314064215,0.005394619048073035,0.4816353517065342,0.00010453950816916024,0.5248634915929591,8.593360493197588e-05,0.9658961557652985,0.03410384423470147,3.57707717073822,0.00010280628164822994,0.2776885877219765,4.913859520320054e-05,0.26237063835489033,8.509652300175853e-05,0.2574745965107284,0.00013273923018622882,0.2556369045882799,0.00016649138499393065,0.2534230944774076,0.0002328043931408119,0.3494144249791026,0.24988571206404075,0.19922734774011028,0.1277207541113532,0.07375176110539322,0.20147251521674642,0.5774453934173678
RWTT_Train,RWT373,32,2952122,0.4228933796760752,0.03231933415960617,0.4925503504139244,0.0008938714053663144,0.4941019817409799,0.00036820436415216373,0.962417427613011,0.037582572386989,3.4038864247480287,0.0003866313332931092,0.2890442874650844,0.00017160965485577744,0.2618581637747365,0.0003115453630058442,0.2508928491510101,0.0006329604435690197,0.24018908312522297,0.0010955750380741971,0.23676197549201633,0.0016073546941467723,0.4208786784766711,0.28687145150713816,0.16573787726345537,0.08157676780670867,0.04493522494602676,0.12651199275273542,0.5508336031711641
RWTT_Train,RWT374,32,1654432,0.347417069816681,0.015428670635374675,0.4707149312117564,0.0002371967174467915,0.5181643410630997,6.252951388918682e-05,0.9809436248413624,0.019056375158637597,3.646555434130868,6.345923633085785e-05,0.27340440707142993,3.0377245143941765e-05,0.260790265492595,5.311448838886891e-05,0.258114832617007,0.00010385338440683774,0.2561744613767735,0.00017822028157716475,0.26,0.0003103179257150077,0.45912942978519544,0.26368498071177754,0.15365578721921735,0.07858529187807851,0.044944510405731185,0.12352980228380972,0.5719201307473736
RWTT_Train,RWT375,32,2601344,0.45428306158395043,0.01574911843899862,0.502441060233489,0.000267737852755523,0.5021151784313925,0.00016639617145564056,0.9731738706296461,0.026826129370353863,3.4345015499680165,0.0001562560520796601,0.28693936672735326,7.156989683941899e-05,0.265237906402225,0.00011864816327947148,0.2558073754552205,0.00022574544274057604,0.25295685655049854,0.0003992207202142296,0.24494574974631175,0.0006169722059841654,0.43079945281538706,0.2787549684616892,0.15762624679839046,0.08284581270044901,0.04997351922408432,0.13281933192453332,0.6032111653581916
RWTT_Train,RWT376,8,496685,0.3702753767044166,0.014099138608053785,0.4563990100405217,0.0002737398754387166,0.5449718226272138,0.0002808066373793938,0.9621565150169464,0.037843484983053524,3.91272134250078,0.0021746968298661812,0.25671401391223814,0.0009278163340570263,0.2519175568208555,0.0008283219165978251,0.25120637589116157,0.0006860716330928736,0.24910149956624117,0.0005831842055605847,0.23333333333333334,0.0005538554712652169,0.1547406689285083,0.1629347704570612,0.1916803009910658,0.23142334798948686,0.2592209116338779,0.4906442596233647,1.120115640387563
RWTT_Train,RWT377,64,4207164,0.3490673285209356,0.0259913414471446,0.48672550108975804,0.0004163610171776244,0.5163174643713745,0.0003103360714255543,0.9728012560641051,0.027198743935894994,3.1683666241677293,0.0005198408642899253,0.30906591708809067,0.00023796880452046996,0.2628280900198494,0.0003552355837346281,0.2533320848683113,0.0005327463766767532,0.25237649722212596,0.000730386942982315,0.2519908466819222,0.00114537634386905,0.38157410203301034,0.24332329142025266,0.17748072184299724,0.11834424519004223,0.07927763951369744,0.19762188470373968,0.6698901107222411
RWTT_Train,RWT378,32,2403612,0.6058881149572434,0.008204471180622508,0.422303752690431,0.00022458353285417787,0.5590442301134174,0.00026881220829721997,0.9432739376689876,0.05672606233101243,3.4843219288304437,0.00020323685078590655,0.2832715929193231,9.781219919576773e-05,0.263497705158803,0.00019028747650155558,0.2582813571225524,0.00033554088310393964,0.2562907333074367,0.0004852064206028558,0.257494105759515,0.0005759222511847045,0.3418404376861874,0.2879957752037513,0.19916133142262388,0.11294572161378477,0.05805673407365267,0.1710024556874374,0.5140233135361807
RWTT_Train,RWT379,32,1631732,0.4069978245682962,0.0353091921327402,0.48585828483075083,0.0005727359584568048,0.5175771015164661,0.0005035148821022628,0.9704208399675427,0.02957916003245729,3.6612348106184105,0.0009693778495550483,0.27306261077186694,0.0004385334137183595,0.25990371775161875,0.0005287264811594376,0.25454215743843045,0.0006859271795508088,0.2538589408691522,0.0008545630944636944,0.26032339970600027,0.001167068750369563,0.3175853765888373,0.23254563374114356,0.18665604880704884,0.14387824074489072,0.1193347001180795,0.26321294086297026,0.8294145070182699
RWTT_Train,RWT38,16,1201490,0.4597227197438754,0.01591681930399333,0.5018726531093191,0.00042291389360904486,0.5146955052705249,0.00016682049357102935,0.9642727126319879,0.03572728736801217,3.7526720988106432,0.0015275123540443138,0.26640005326719324,0.0006563967346461567,0.25279229685356963,0.0006547991893433797,0.24934188572911645,0.0008127814997216042,0.24763320941759603,0.0009287079124421863,0.2524019215372298,0.0009590528479273431,0.2390616744963679,0.2314976376393339,0.20260083346088578,0.16322081833299734,0.16361903607041509,0.32683985440341246,1.0024397484431509
RWTT_Train,RWT381,32,1891209,0.4410284262129574,0.019369938256048408,0.506443803275489,0.00016050574704473686,0.48878301248496075,0.00018098157766052725,0.9826756657804246,0.01732433421957537,3.5986250065434335,0.00041202001948640514,0.2763639555437818,0.00018812010292796548,0.26043599879080553,0.00024220625997760088,0.2549074346165148,0.0003403067986787975,0.2574211770130843,0.0004935327475164218,0.26388266905508284,0.0007836443009475876,0.3826742815825087,0.2410051210286541,0.16618082916519825,0.11827573609562161,0.09186403212801722,0.21013976822363883,0.7766938102481857
RWTT_Train,RWT382,32,3195917,0.558446566895619,0.017098002969083537,0.495342452119045,0.00025698898524012526,0.5023394489170548,0.00017711532889325143,0.9752394673885589,0.024760532611441115,3.288538469553496,0.00013109456428216407,0.2966244117103166,5.808248470195586e-05,0.2663981679073658,9.539199411479292e-05,0.2574779640614234,0.00018502888965017875,0.25146099901574803,0.00035431368847535646,0.24603999755366643,0.0006090232853739151,0.46781718585426335,0.2721637031503964,0.1421287108993568,0.07327472579707744,0.04461567429890602,0.11789040009598348,0.6088821734039913
RWTT_Train,RWT383,32,2715233,0.47579800065111827,0.00621836144841692,0.4360548378879974,0.0002924136691424828,0.5323065122818968,0.0002017185709102809,0.9263861892486314,0.07361381075136862,3.4346643547717637,0.0005283749518703491,0.2865930842767453,0.0002389291221456973,0.2643468561375643,0.00031113494365815934,0.2574062010830992,0.00036723489544159585,0.25650613786591125,0.0003662721482657325,0.2604182005595641,0.00033245988765515306,0.2057261823802337,0.22664920964262422,0.22724495760633998,0.19253030678478636,0.14784934358601556,0.340379650370802,0.7679276372383496
RWTT_Train,RWT384,64,4586363,0.4208650416855562,0.019149377695179604,0.47218654539605576,0.0009239241269962672,0.5016161529230582,0.00036648323782600967,0.9368678603500854,0.06313213964991461,2.9279910901077826,0.000561114889837487,0.3269089254383048,0.00024341133034633307,0.26800762744251905,0.0003658794277315735,0.2563994724137073,0.0005352417380688967,0.2506964058663095,0.0007764849087733858,0.24383444964961865,0.0010792494658271223,0.359717822554332,0.25880528040493195,0.1783980429499519,0.12194896104040226,0.0811298930503818,0.20307885409078408,0.6652774435979253
RWTT_Train,RWT385,16,1380054,0.44064190518319063,0.02435879448871464,0.4139664191571781,0.0021839082746635263,0.6102205377158157,0.00522322162670269,0.7668215220055379,0.2331784779944621,3.6837370131893388,0.00021646198781081151,0.2709596870847083,0.00010663328267738217,0.2600129967722008,0.00020485371803663518,0.25756718674469553,0.0003952130667068001,0.2538034580521503,0.0006919711942425182,0.2654185022026432,0.0010663276015808391,0.4325874617960066,0.28071866667387335,0.16032991844331393,0.08310499493173318,0.04325895815507296,0.12636395308680612,0.520533792109706
RWTT_Train,RWT386,16,1344381,0.41620929151284486,0.018292435064791973,0.46339150923763134,0.00048041521455882696,0.5301554150929221,0.0002621171369941444,0.9609911414444884,0.03900885855551157,3.665331479692141,0.00045400621615609017,0.27214755340933855,0.00020658660763154383,0.2606608904802252,0.0002731965610720981,0.2578957302239745,0.0004391470623088662,0.2561902825777597,0.0006939605431914367,0.2574194572290113,0.0008863728915290079,0.3546536140551876,0.27766599927259805,0.17571057761129766,0.1093108201498934,0.0826589889110234,0.1919698090609168,0.7561830457193217
RWTT_Train,RWT387,16,1425897,0.3059025428740694,0.01339521012705426,0.46786721757959066,0.0007488298273398142,0.526288670268864,0.0003091679140770909,0.9267984138161559,0.07320158618384405,3.672054853891971,0.000313739680561106,0.27128046415694823,0.00014812185102103785,0.2592640466576012,0.00023460991057774915,0.25361957562220805,0.000378194037972684,0.24867308826420287,0.0005039687386440426,0.24284584980237153,0.0006231822874612715,0.33006193338445877,0.2669217331574386,0.20030648797202388,0.12425866754317728,0.07845117794290137,0.20270984548607865,0.6313537678620385
RWTT_Train,RWT388,16,1169212,0.4313295790770072,0.03236992434969335,0.4835538203809848,0.00037221480250096417,0.5314198363596526,0.0008275233773513135,0.9642612379914051,0.03573876200859492,3.7035080036811117,0.000262813658496676,0.26977058052774006,0.00012448354166189543,0.2595182915423611,0.00019222675799737031,0.25537217342438645,0.0003600442733423202,0.2506218905472637,0.0006132725003667218,0.2546287459438824,0.0009979152014052393,0.4361627530589729,0.2680454428979951,0.15736597785359605,0.08401731115195915,0.054408515037476804,0.13842582618943594,0.6475869590621633
RWTT_Train,RWT389,8,461425,0.4900715499789241,0.012879300082280443,0.45237036141450687,0.00037329287592821614,0.5291768292299831,0.00010042316035796528,0.9645236677556687,0.03547633224433135,3.8739253399794116,0.0013598382544055686,0.2586530855501978,0.0006483190485784493,0.2541956782210157,0.0006844518456876208,0.2496538994000923,0.0007398853435549773,0.2499339846844468,0.0007633822665096636,0.24722662440570523,0.0007432468846783248,0.2076523115369967,0.2132778427933667,0.20671314610088207,0.19122583736669255,0.1811308622020619,0.37235669956875445,0.9472091465063237
RWTT_Train,RWT39,8,672669,0.5001506797431616,0.02619486142596711,0.5042010865057709,0.0003683646584916045,0.4990509600867356,0.00022079333118507627,0.9780033765457707,0.021996623454229213,3.8070938306953344,0.001963643132952489,0.263303348303549,0.0008326005523885259,0.2582827073782154,0.0006803314997861276,0.2559130852970751,0.0006444704471414209,0.2608695652173913,0.0007410952061668425,0.27210216110019647,0.0008306699170825266,0.22274941787440372,0.19872938981944005,0.17281884655484162,0.18243521574878963,0.223267130002525,0.40570234575131464,1.2238159671428803
RWTT_Train,RWT393,16,1071517,0.39759174829042515,0.01515848128045219,0.44665757185703386,0.0009579322372231247,0.5455544380354251,0.00033826126373037724,0.9212264284665023,0.0787735715334977,3.7715015254074364,0.0007582261743542068,0.2653686315756073,0.00032728098030864155,0.2591094683608408,0.00032603422527643884,0.25663368486773347,0.00045943210029154846,0.25772159932303784,0.0006489284540676841,0.25815719269443876,0.000846373922782206,0.3245236961503686,0.24881751999037013,0.17615925928652054,0.12501074171853763,0.12548878285420315,0.2504995245727408,1.00382400047463
RWTT_Train,RWT394,16,1578098,0.4080580236064303,0.0239498010868662,0.47584673076417994,0.000707685069308045,0.5048427847158471,0.0005306036894355826,0.9508383221461529,0.04916167785384709,3.6629144704574745,0.002935210639282895,0.2717011237578401,0.0012393320367103952,0.2593925428725357,0.0010828162134730807,0.2544955943175688,0.0010662786779726263,0.24931990814343755,0.0010938250675539278,0.2586084738557461,0.0011144202359925956,0.19912194065607544,0.19544204524930045,0.19052012228492465,0.1934750095493202,0.22144088226037928,0.4149158918096995,1.1445451419085217
RWTT_Train,RWT395,8,654908,0.47910455685618236,0.009305353192980342,0.40546116043001623,0.0006134173166400247,0.6026303384447768,0.0005774319729409672,0.8865447487737113,0.11345525122628876,3.7850079705851813,0.0006120693576647428,0.2642600182010298,0.00029125770977886525,0.2548911975778027,0.0004023850439633531,0.24933693015664316,0.0005198727703543599,0.24320392762978452,0.0006191435042663714,0.2508411214953271,0.0006038100689154418,0.24782176371123096,0.2541150655093361,0.21337137866229178,0.16515089167879418,0.11954090043834693,0.28469179211714113,0.723828368246687
RWTT_Train,RWT396,32,1843899,0.2639751280813493,0.0182781492028401,0.45117302724324215,0.0009934699850797646,0.5511462993022954,0.0007491053659685609,0.9129614242302793,0.08703857576972071,3.585436078657237,0.0002835405689144175,0.27722776572903396,0.0001341003293856344,0.2612484838999961,0.00027571293483869415,0.2558089033659066,0.0005824294294744918,0.25127334465195245,0.000988106565091923,0.23345759552656103,0.0015711263759618018,0.44238692237889243,0.2782242275359918,0.1639964593238927,0.07763334545807885,0.037759045303144265,0.11539239076122311,0.4863766346837873
RWTT_Train,RWT397,32,2008713,0.41881209925625584,0.02380455895070452,0.4943205276389811,0.00020562028318180103,0.5054066586485046,5.471958858710435e-05,0.9891817591385099,0.010818240861490034,3.555736434224302,0.0007130944072594829,0.27896319683299703,0.00031477758907102956,0.25973441930769137,0.0003577851505360006,0.25114054856263396,0.0004298240142991453,0.24928868461370102,0.00047389383555277066,0.24517120280948201,0.0006368361313246814,0.28775532955134353,0.214129616889331,0.19421660424080653,0.16166573917046495,0.14223271014805405,0.303898449318519,0.8797950071417411
RWTT_Train,RWT398,16,1129736,0.5245231217717972,0.045195816773523745,0.5064462951121798,0.0008462366654410358,0.4981024186250425,0.000936106106801754,0.9620601830834514,0.03793981691654855,3.679325081257922,0.0007801877054679865,0.2710650983946692,0.0003614563436610689,0.2609034980015152,0.000498436939653919,0.2583701515701466,0.0008261111871085637,0.2593130843385167,0.001263013418788953,0.2619092097889034,0.002174884085973983,0.4244585662462496,0.2464944538176855,0.16122696942860562,0.09727682966374042,0.07054318084371891,0.16782001050745934,0.7251796865457841
RWTT_Train,RWT399,16,1060946,0.5828424059504953,0.005789448981909362,0.45317594804312883,0.00019944431583332478,0.5439924953841331,0.0001800078308227815,0.9384895074912077,0.061510492508792244,3.7708083163516335,0.00014886155304750034,0.26601353886060175,6.807082694832639e-05,0.25590129895899033,9.174842438324524e-05,0.2508930796710144,0.00016084308671195438,0.2509933774834437,0.0002745426794527397,0.2510993843447669,0.00030168340150077394,0.33636670416386516,0.30610572467838487,0.1793345563451693,0.1022963642298386,0.0758966505827422,0.17819301481258076,0.741929111109152
RWTT_Train,RWT4,32,2274133,0.3765383754703399,0.023956385611461628,0.4990798959582859,8.024767774678088e-05,0.49490456781969033,0.0001150719998929961,0.9919127997256609,0.00808720027433906,3.55077825263518,0.00034389701103483707,0.27963052292895796,0.00015577486138836723,0.2615577190104998,0.0002401234378846856,0.25629325012475274,0.0004023282822361229,0.25128433695371694,0.0006821545388430953,0.2508401792382375,0.00098957068886509,0.4006437231577605,0.27618131507563526,0.16288912226332314,0.09721786351806276,0.06306797598521839,0.16028583950328118,0.6487282655980252
RWTT_Train,RWT40,16,1587472,0.36036107249419863,0.015321725524760937,0.47941738839132186,0.0005471818128626738,0.5048532611351767,0.0005973850331986164,0.930490311948461,0.06950968805153904,3.7782461674914583,0.0008421827223843685,0.264717739903444,0.0003606469225971687,0.2485912543547374,0.00034136747573368555,0.2396952118392587,0.00047993043993993414,0.23103035143769968,0.0005756686845569641,0.2257562662057044,0.0007237289882171282,0.29166831463036097,0.23199888044256856,0.1934156360130379,0.13757370222538826,0.14534346668864434,0.28291716891403257,1.0564771052721023
RWTT_Train,RWT400,16,1419568,0.48818799932618484,0.01694432742046989,0.4881943100971905,0.000157807626270684,0.510944579922448,9.673718746738835e-05,0.9851999125133454,0.014800087486654592,3.663408868049998,0.0005872389369571548,0.2719975372789468,0.00025367211839699325,0.2600649022710615,0.00028711008335075743,0.25526808476736773,0.0004211785525428197,0.25252604065072365,0.0006372452937314047,0.25351459910397034,0.000853845416838916,0.34807480767116167,0.2597765692484328,0.1716957669156379,0.11704201377896449,0.1034108423858032,0.2204528561647677,0.883536082872737
RWTT_Train,RWT401,32,2685744,0.32883148118799344,0.023688144788314394,0.48021265613152947,0.00031047047797730376,0.5413209403617487,0.0008079223997644047,0.9549153979971959,0.045084602002804106,3.498125659035262,0.0016925487152613682,0.28254107614128526,0.000735926788729764,0.26099418449118583,0.0009150943206497472,0.25565637133869556,0.0012226944299003732,0.25242430825746054,0.0014803551284945822,0.25177998591659495,0.0015555680316469078,0.26322557279165254,0.2504984151805299,0.20689833881385844,0.15484776095353275,0.12452991226042638,0.2793776732139591,0.8042086723991815
RWTT_Train,RWT402,16,1087250,0.47824054676533967,0.008958052636290709,0.48367536812701295,0.0005228220417265728,0.5052472878705659,0.0002321699822009915,0.922270302429496,0.07772969757050391,3.826205564497586,0.0011998745455195814,0.260755116118648,0.00050765823944833,0.24732809887621426,0.00045215719270813364,0.24300118370199233,0.0005179981662075467,0.24631727214038382,0.0005846217395216157,0.2594710507505361,0.0005873091976744492,0.2216474795183642,0.22063324659259823,0.19548985166528807,0.1706418058949073,0.19158761632884225,0.36222942222374954,1.122747238427814
RWTT_Train,RWT403,64,3211995,0.36735516462509865,0.04423964920152007,0.5006739967027327,0.00014299819112228995,0.5025056396060047,0.00011524170003140988,0.9941965810868943,0.005803418913105633,3.4631840958656537,0.00010804448529352364,0.2857930974363285,5.084207123616163e-05,0.26052381025005283,0.00010406438078472111,0.25491319328293305,0.0002044632929340692,0.2574184341321785,0.0003027690417753237,0.26400305868858726,0.0005026832341257981,0.4315536838463583,0.2599272990673775,0.17553178878246228,0.08933929726726843,0.04364793103653362,0.13298722830380205,0.48856362621653476
RWTT_Train,RWT404,16,1449316,0.4305601135578575,0.015864791178641646,0.4900613815230537,0.00016624609194013096,0.5090862595005939,7.894203949415646e-05,0.9847803571491284,0.015219642850871653,3.6588087070038555,8.963115388310104e-05,0.27253752804771353,4.518140545360724e-05,0.25993118865397613,9.131298097176478e-05,0.2534795609276232,0.0001797940810796563,0.2504899135446686,0.0003149509178190423,0.23592575548396993,0.0005053617133806646,0.4446253958020736,0.2770989031930013,0.15818573577356973,0.08033863514281711,0.0397513300885383,0.12008996523135543,0.4947971796866203
RWTT_Train,RWT406,32,2766854,0.4567414813329103,0.022301788014646245,0.4922064171742093,0.0008268380867589298,0.5108920991160285,0.000754501510011607,0.9337884207420718,0.06621157925792824,3.6085648176593343,0.0007949050135856742,0.2763033394606293,0.00033984139875536945,0.2595661688626812,0.0004523247871184391,0.2536434921082868,0.0007010103301831872,0.2502781530636573,0.0010679338895122435,0.2385488608398825,0.0016731737083935994,0.3951491358069705,0.25221120283134973,0.16555580856550417,0.10682438281051275,0.08025946998566284,0.1870838527961756,0.7513216353239196
RWTT_Train,RWT407,32,2831160,0.4190727633363306,0.01832485360366956,0.4832582918537575,0.0002910715945240727,0.5158152253367944,0.0002603575226240995,0.9707871976011448,0.029212802398855146,3.4658458017208496,0.000727543254667118,0.28545967024117325,0.00028950339725934427,0.2611886926459634,0.00029676674200416835,0.25640964905631775,0.00046427447510713883,0.2490715935334873,0.0007063146420960464,0.24627253171129737,0.0011028956433554904,0.3856608982203564,0.2469843279715905,0.16234764564473902,0.10377348842819378,0.10123363973512023,0.20500712816331404,0.9755250716580565
RWTT_Train,RWT408,32,2472800,0.7006118915256773,0.027199509528300136,0.394854986228199,0.000920722331097773,0.5217728271959667,0.00012144036473132891,0.9630984069371539,0.036901593062846134,3.4150372047880944,0.00022607694676474852,0.2882327725655128,0.00011198497478336052,0.2654017863406394,0.0002447287760416641,0.2584913540174347,0.0004966465660719008,0.2549849684029695,0.0009178914663708119,0.25264677574590955,0.0015358702322283973,0.4644129321602868,0.27754992469883505,0.1501748540709327,0.07400052822210428,0.03386176084784115,0.10786228906994541,0.45758809648235044
RWTT_Train,RWT409,16,999323,0.27170779467897316,0.022369582026004767,0.4977071431907794,0.0004896815374651753,0.501884386953546,0.00011842449731547244,0.9735349338379058,0.02646506616209419,3.74779725874417,0.004374510965575475,0.26907816591832673,0.0017790685985438605,0.26520290372486016,0.0013281067695840873,0.2811448283598833,0.0013360111756707345,0.3241059404459075,0.0013409309500112486,0.3610341643582641,0.0012696548079091617,0.17999656830427188,0.19010125258571886,0.1894037854532293,0.18828319270532892,0.25221520095145106,0.44049839365677995,1.3395523908826978
RWTT_Train,RWT41,16,930801,0.45765588702840104,0.027294009588035545,0.46149816438724983,0.0002055811405801411,0.5127559336950201,5.520169571265887e-05,0.9905358446444854,0.00946415535551459,3.808554137780256,0.00024509347679977213,0.26280268285057706,0.00010892933135732987,0.25464297248351503,0.00011880734610007155,0.25381281104511155,0.00014260790901862047,0.2518026565464896,0.00018886068062483758,0.25772418990203466,0.0003986476682269362,0.4161888046942314,0.1971708533316817,0.148882885627758,0.12403505978651452,0.11372239655981443,0.23775745634632894,0.9168568689816418
RWTT_Train,RWT410,32,2337350,0.5295352066681803,0.010369970541865281,0.42214778956560495,0.000346371415577057,0.5623329265277278,8.353825321577579e-05,0.9601931076634936,0.039806892336506326,3.600023103086829,0.0016266050118441601,0.2766581812736646,0.0006770396523507022,0.2457167511795462,0.00069622950689736,0.23000528660977268,0.0008500046643578891,0.22459366278115253,0.0009729526812727269,0.20041423001949318,0.0009135815186796183,0.2222929911671723,0.2367392042877805,0.20682344758817955,0.16940681971187557,0.16473753724499207,0.33414435695686767,0.9724374586877617
RWTT_Train,RWT412,32,2698023,0.38722527461991296,0.023604015274573398,0.49855551940412113,0.00022789833166481088,0.49980080430866747,0.0001850238883206734,0.9828070410692856,0.017192958930714344,3.712568795744143,0.0004580685611483736,0.2689306206804019,0.00020529120776646822,0.2543933757912625,0.00024534680237549614,0.24726545781572518,0.00042004517493597935,0.23592822243158565,0.0006278101374434682,0.2473068350668648,0.0007475968185357828,0.33284364009714335,0.2795124407375606,0.18701171749868933,0.10923283882988587,0.09139936283672093,0.20063220166660678,0.8367388764752516
RWTT_Train,RWT413,32,2960436,0.4605925503646927,0.027892097214283817,0.47832223456288064,0.00016620818272786164,0.5264955406620949,0.00010105678703781207,0.9905088414993625,0.00949115850063758,3.3580999555470883,0.00014103525452039415,0.29211271582969534,6.463281867199733e-05,0.265552781571288,0.00010681479910410489,0.2586905876461495,0.00018200987877778094,0.2562660965879442,0.00032975974056223133,0.2570940620073568,0.000613738394136561,0.47321464154003223,0.25425676300408995,0.14033624157364982,0.08235809809541204,0.04983425578681607,0.1321923538822281,0.6050923581198169
RWTT_Train,RWT414,16,1223714,0.40660018965733874,0.008036724765416142,0.48619346675175434,0.0001050433894089764,0.5170240135117852,6.369556693736067e-05,0.9794357805886328,0.020564219411367168,3.70840081914565,0.0030185501785272104,0.26846387309453024,0.0011919120903969788,0.2573244491253276,0.0006774311876599574,0.2523983581153814,0.00048163611142810407,0.2513474246613863,0.000385613039261705,0.2567592765243334,0.00030402238951370605,0.09998714328690884,0.12682074590503897,0.15840089594237067,0.22279414794390784,0.39199706692177366,0.6147912148656816,1.759458542961665
RWTT_Train,RWT415,32,2437155,0.36071102809081573,0.034517264278558446,0.4942383232699214,0.00019313655590955103,0.5038784220527673,0.00010496963015488303,0.9914375121652849,0.008562487834715136,3.694030950021644,0.001905971448122785,0.2702803063407949,0.0007431599841595137,0.2487858937476754,0.0005581161923267983,0.23203094966408142,0.0006876819230344341,0.23997370151216305,0.0007645936350415673,0.24986301369863015,0.0009947298296549105,0.2653828995001462,0.2039851120952921,0.18346591931602846,0.14889921761876845,0.19826685146976472,0.34716606908853315,1.331550659838884
RWTT_Train,RWT416,16,884405,0.42596286504797787,0.008912218610150291,0.4800315994389825,0.0037230388744008136,0.5191012513054014,0.004397931456447235,0.5232266630178021,0.4767733369821979,3.8250077735878922,0.0007201855612038567,0.2620304046223167,0.00030467510901956363,0.25478875123521516,0.0003062614123940173,0.2523499026166483,0.00042755839992038167,0.24630872483221478,0.0006382491200885068,0.25313351498637604,0.0009111863025179249,0.35209073716047107,0.24662530874641153,0.1652124837600456,0.11834221624671022,0.1177292540863615,0.23607147033307177,0.9948204268959198
RWTT_Train,RWT417,64,3847799,0.4761942051740471,0.01598093943436718,0.47586972880437955,0.00015461665084609555,0.5185342260311,0.00014569621105986474,0.981554682868301,0.018445317131698977,3.291830472433721,7.277995789358095e-05,0.2989433699629321,3.3887686616702645e-05,0.26319642102664237,7.341144622130339e-05,0.25606114656413914,0.00015735296978177334,0.25840406594257115,0.0002802503231085874,0.2524960063897764,0.00037645983514190143,0.4085904655855105,0.3041695270260781,0.17078295526576742,0.0796770709405473,0.03677998118209682,0.11645705212264411,0.46161311840317243
RWTT_Train,RWT418,8,645563,0.41384517878658134,0.02157578419172368,0.48236592088499475,0.000782963226533262,0.514744615699908,0.0003669207570211608,0.9494015324572365,0.050598467542763516,3.9354331025786795,0.004365513412180452,0.254091389996019,0.0018388771946252767,0.2472566328521264,0.0015326842328084182,0.24276344987425416,0.0014522778599059202,0.2411131423928499,0.0013863882628680445,0.2337826453243471,0.0013002388848505114,0.17312358641017492,0.18459416267364046,0.19336719928962334,0.20407310864928288,0.2448419429772785,0.44891505162656137,1.1997756323595794
RWTT_Train,RWT419,32,1636543,0.419741006123471,0.07417270367387516,0.4669441340056552,0.0009534216186498079,0.5332072819063511,0.0005217080637064941,0.9805000405575425,0.019499959442457564,3.661757741776415,0.0006616162128709733,0.27256906784606333,0.00030018197681419155,0.25940937653422885,0.0004056191952987845,0.2563971827334399,0.000640169482667537,0.24978934241127101,0.0010646636015476392,0.24895425718526515,0.0015694477174982985,0.39432547566085213,0.26749790796998874,0.1608432908863126,0.1019122716482199,0.07542105383462658,0.17733332548284647,0.7400586074164304
RWTT_Train,RWT42,16,1483563,0.6141536084941255,0.0370439537309975,0.5214514683509065,0.002035686606837561,0.5025268974890517,0.001357608023303758,0.9160849274452028,0.08391507255479722,3.725962429637299,0.0011102339853914193,0.26874962505805283,0.00047345245317047344,0.2577205817806058,0.0004998374484211704,0.25814802199406356,0.0006365703735083724,0.2588780818819272,0.0008322435283720411,0.25702635794378914,0.001216077057851864,0.3324267180742281,0.22750201805791698,0.1740128215743803,0.13663552114267954,0.12942292115079507,0.2660584422934746,0.9472128482288815
RWTT_Train,RWT420,32,2043893,0.4489466660791766,0.010961188360669533,0.4764464631609486,0.00016931338190773193,0.5333886511671306,0.0001841591096577444,0.9687597802371908,0.031240219762809256,3.618489813312145,0.001421084592849598,0.2764875656406671,0.0006088541026150759,0.26022498234860053,0.0006223149022310767,0.2528968556196279,0.0006490887190580864,0.2515192255982791,0.0006110578595841629,0.2609578789822536,0.0005667868678536042,0.18533939816335376,0.19981601967455623,0.21225211692081894,0.20349707445477586,0.1990953907864953,0.4025924652412711,0.9783697938652245
RWTT_Train,RWT421,8,493871,0.5392631449563777,0.015421975446164027,0.4288342598553489,0.00037407029395764013,0.5476346466754191,0.00013007278687471313,0.9683448870496738,0.031655112950326206,3.8841316862095567,0.0006877787685253802,0.25747411773519807,0.00031515819366794323,0.25096925895925576,0.0003492766966159066,0.2508382164008398,0.0004849639998002658,0.24572142410993128,0.0006564670050049788,0.23284189120488052,0.0008314818236903797,0.31527197485933983,0.24891181406628554,0.1838832234168576,0.13243482993495706,0.11949815772255992,0.251932987657517,0.9023166925290671
RWTT_Train,RWT422,16,830369,0.5163931820247905,0.028180884214035973,0.4660519666864914,0.0018057544815835436,0.542346962596594,0.002240016469903905,0.8744588623700644,0.12554113762993552,3.734999741078966,0.0006875489648323827,0.267862841700497,0.00029896603188508177,0.2586849499831404,0.0003519969196821517,0.25838576245264,0.0005973526572327409,0.25311091679558756,0.0010660997386750767,0.2551155992559128,0.0017456684119487513,0.42995871892960463,0.2625807253854228,0.1471281610499375,0.08669696009722377,0.0736354345378112,0.16033239463503496,0.8493427503713497
RWTT_Train,RWT423,16,833683,0.45200921763814167,0.035682734606430455,0.49749621016668877,0.0001515237527302815,0.5050114991043879,0.00014725395682002596,0.9916963548689528,0.008303645131047172,3.903769178452721,0.0030841481503459493,0.2593839624893395,0.0012588871501488935,0.2542960729546253,0.0010331136370277248,0.25004546281142026,0.0010248732816769508,0.2544727272727273,0.0011851308478180102,0.25750214346956274,0.0017574934075852435,0.28077224667903505,0.18933319995076733,0.16373089800269766,0.16504735419837088,0.20111630116912899,0.36616365536749984,1.218536959564991
RWTT_Train,RWT424,32,3123663,0.28007499110412065,0.015370753953751398,0.4771509652634747,0.004562066056552655,0.5252415543357765,0.002467371878617619,0.6861884947223698,0.31381150527763024,3.2559139702330246,0.0011955013849397835,0.299056908507736,0.0005052008661853861,0.26775699483917514,0.0004809329363228194,0.26044073786811445,0.0005152954809876765,0.25433277558601847,0.0006617613664019799,0.25138821825205215,0.0009436460888850799,0.3037321134726698,0.21300165475100416,0.165858564293126,0.15479826484581158,0.1626094026373884,0.3174076674832,1.050460112064933
RWTT_Train,RWT425,16,1148344,0.38743219291533293,0.023296635101127006,0.49170243326005647,0.0004835430113332706,0.508422725211902,0.00034873732621659714,0.965506931313797,0.034493068686203096,3.7056213120807007,0.00012923042683270057,0.2700680283956724,6.378327193832995e-05,0.2606608175254973,0.00012563835728736155,0.25709125545838024,0.00028140918385378033,0.25236972525621904,0.0005373822308402192,0.2505243088655863,0.0008835177424388473,0.4670420066163658,0.2840690835690452,0.14875752188580446,0.06641450157356027,0.03371688635522431,0.1001313879287846,0.5076735585808726
RWTT_Train,RWT426,16,1571103,0.43809404549848174,0.015065447969449114,0.47210441651135693,0.00040136055562098316,0.5187746979980702,0.00011992324712911673,0.9665559265169449,0.03344407348305508,3.6691038079616676,0.00023901938620912258,0.27192615633729933,0.0001045850849281775,0.26004391139074584,0.00014535946359769784,0.25484036472632027,0.0002555977366357352,0.24696241876236225,0.0004218843023957965,0.23927345537757438,0.0007737331175067214,0.45482685441197546,0.24799805752505333,0.150249112928583,0.08544727644616897,0.061478698688219265,0.1469259751343882,0.7194927825107487
RWTT_Train,RWT427,16,847332,0.46451645361499916,0.018473520402837895,0.4949431187423502,0.00035005738625068505,0.5044235510992094,5.432068993127537e-05,0.9785792853674168,0.02142071463258318,3.8971784377316094,0.003669889909689587,0.2573796339569378,0.0014413543954853113,0.25301028034811957,0.0006596485760497235,0.25658777048823805,0.0004412358622621577,0.24756321514338184,0.00040800745134093674,0.25905848787446506,0.0005927159640594673,0.16729389769639924,0.11515997705968825,0.12453868577405473,0.18618560674732548,0.40682183272253225,0.5930074394698578,2.1850337404149323
RWTT_Train,RWT428,32,2631768,0.40076564455487307,0.020075560009283233,0.4857448428972162,0.0009474481860566042,0.5100119197467589,0.0006345634629251751,0.9269534150021824,0.07304658499781753,3.519712223873837,0.0010381378051846698,0.2810859467855829,0.0004105032959258203,0.2618806547590885,0.0002497004844684589,0.257532507084712,0.00020785364781842854,0.2580826201118438,0.0002609152416803263,0.2601739670705188,0.00041240213504479634,0.26755473991378115,0.16927436522543265,0.13484951690696156,0.1619985506889937,0.2663228272648309,0.42832137795382463,1.6439827772047169
RWTT_Train,RWT429,16,881077,0.23940155390037107,0.013830623968323193,0.45402679542798186,0.0006146810314002216,0.5382168439263251,0.0004996714213120756,0.9254363191136379,0.07456368088636217,3.7485668108462713,0.00017544915413379608,0.2667269716494699,7.835238957887648e-05,0.25739233299433634,0.0001060960450185407,0.2539139347649986,0.00018901772403735309,0.2511231199947913,0.0002976381423013695,0.24967591392273789,0.0004385600627829345,0.39521865991360394,0.2682235746526329,0.17033774375150193,0.09561093289772463,0.07060908878453666,0.16622002168226127,0.7385043388298225
RWTT_Train,RWT430,64,3820094,0.206266395809965,0.005205304253045072,0.4372850962840148,0.0006677342744498271,0.5586539156879301,0.001038695930015654,0.7531111452623576,0.2468888547376425,3.3800550457658893,0.0001906787031712665,0.29304776269903304,8.845036415200724e-05,0.26019544963241537,0.0001847875725035158,0.25500118442328884,0.0002984887875247443,0.2550856927447258,0.0002994118046558109,0.2537077109832691,0.0002464700730440906,0.22053344312977777,0.2679039908534224,0.26707810500258533,0.16534193830706478,0.07914252270714983,0.24448446101421462,0.47865970072378305
RWTT_Train,RWT431,16,836817,0.3700032435887399,0.03241478742330514,0.4654988486460607,0.0019781833435344176,0.5057779597089894,0.0008627250232672856,0.9194198751964812,0.08058012480351884,3.820252217629422,0.003066792689993654,0.26858918975116425,0.0013318684546588073,0.2563134009610251,0.001422935481750916,0.25702581193910673,0.001626999371791294,0.26183561828864726,0.001762273561135332,0.2489037915914367,0.0020988938173474854,0.25462832480262954,0.21379107461612226,0.19738022050953571,0.17262411038894113,0.1615762696827715,0.33420038007171265,0.9360005929572779
RWTT_Train,RWT432,32,1868052,0.3977258356833893,0.04682002568102525,0.43587351861094825,0.0032834225716430188,0.5529725131365498,0.0029758330273915723,0.8820772352585341,0.11792276474146589,3.6009404449126685,0.000863690193272793,0.2756716622449482,0.0003587605508913935,0.2615477824878779,0.00041759649836442997,0.2579646444772773,0.0005758656194578005,0.25727442797524824,0.0008047579209921591,0.2569638662042734,0.001186948524130049,0.3549562456987901,0.24066237458874198,0.1722122688172726,0.12488198288551747,0.10728712800967784,0.23216911089519532,0.8591081397869116
RWTT_Train,RWT433,16,977897,0.30711493223341063,0.02281746224876878,0.479667902191142,0.0003364022691018653,0.5129871840105846,0.00011786407232378115,0.9804799054928368,0.019520094507163178,3.763934238472968,0.0001710564587160112,0.2656496543091962,8.283545738426065e-05,0.25822817944552656,0.00014297492123919282,0.25352553591127275,0.0002805375568462273,0.24342917622155583,0.0004634081835238972,0.24903381642512076,0.0007694376563097731,0.44241053943259856,0.26645000120418977,0.1613032203943438,0.08220758564654768,0.047628653322320254,0.12983623896886792,0.5793705404158215
RWTT_Train,RWT434,32,1790076,0.36603011335831276,0.10535710410199264,0.4951435424560799,0.00020663920211688724,0.5061641576987196,0.00012795398759835042,0.9968342528477733,0.0031657471522267664,3.7583018821547243,0.0005552104835457175,0.26567698801615125,0.0002511252448895147,0.25605258399182473,0.00038786998587497963,0.25313285266148766,0.0007256163713089815,0.2542416869424169,0.001199818044749615,0.25494449406660713,0.0028412074899285497,0.525600852971032,0.2219568229233031,0.1342332740715592,0.0717528713198198,0.04645617871428585,0.11820905003410566,0.6474469642785373
RWTT_Train,RWT436,64,4068034,0.35177948772517514,0.013674174230741423,0.4701132514605659,0.000558683787393266,0.5106149675470069,0.00013034842715853312,0.9520279669323006,0.047972033067699364,3.1126150863045883,0.0007922663764141967,0.3110200160568963,0.00032036442056991116,0.2680242483639468,0.00033091476124394437,0.26008876044999485,0.0003333400696906651,0.25914965986394556,0.0002981774596444155,0.2603578772367327,0.0003283361752844996,0.2037921130213767,0.1850731632103239,0.20689793653742608,0.2053925930197417,0.19884419421113161,0.4042367872308733,0.9681176486827806
RWTT_Train,RWT437,32,2563180,0.47465073421060777,0.011571238641701925,0.4776603274043745,0.00018324172387670923,0.5202800308791964,0.00011459809549912991,0.9749062389003035,0.025093761099696528,3.3882403888919232,0.002935380376289563,0.2894884479435701,0.0011266563166017667,0.26548797794102785,0.0006746668234249918,0.2589253534353664,0.0005284018850916187,0.2558864469582606,0.0005237972730601838,0.2607263254673613,0.0005509655673280042,0.16183508036854882,0.1538549390547604,0.15520745144820658,0.19816984230155446,0.3309326868269298,0.5291025291284842,1.6699447452925278
RWTT_Train,RWT439,16,874830,0.5129959100535706,0.04958715917205758,0.5091586346882495,0.002172547988411544,0.49672346448935445,0.001069473236149865,0.938631998448174,0.06136800155182598,3.735445743744499,0.0019610590366227697,0.26812752191854416,0.0008164595115495791,0.26071127102819674,0.0006010410117428725,0.25723583085325574,0.0005598967412987211,0.2581526921365457,0.0006427632478551252,0.26175818763851266,0.0009999601632628924,0.27622288117978216,0.17755298937077735,0.15466245229215628,0.16602789398039255,0.22553378317689168,0.39156167715728424,1.3584089864051798
RWTT_Train,RWT44,16,1597090,0.40216163572989116,0.027809287473881006,0.48744635343519344,0.0006385545798414383,0.5148479117743314,0.0007882811030778814,0.9511961392669316,0.048803860733068416,3.5989030048400528,0.0010539682361547073,0.27615663487968745,0.00048192018977781173,0.26180429750117334,0.0006237450625978378,0.2567118162607822,0.0008870889780328155,0.25382902638148575,0.001162195231789527,0.2614300903774588,0.001413985712160523,0.30947817340372935,0.25436894756395856,0.1941566129043107,0.13651869391765062,0.10547757221035074,0.24199626612800135,0.772623654559542
RWTT_Train,RWT440,16,1404644,0.2866228303469057,0.02561149637615434,0.4337418417259728,0.0016894503981151887,0.5370739996809082,0.00048040051006909,0.9218954039206189,0.0781045960793811,3.654086017524725,0.00015432327036946357,0.27249537961220066,7.668900908879932e-05,0.2598919947016269,0.00015798115560833025,0.25534802364389403,0.0003317784476602066,0.2585331286169836,0.000660416629725483,0.25826100197959495,0.0010206861191752502,0.45413250027083696,0.2938382815669289,0.14761773785427232,0.07029034278438029,0.034121137523581466,0.10441148030796175,0.4854313718208778
RWTT_Train,RWT441,32,1760650,0.5509154721245226,0.028423135410161837,0.4999859843673545,7.97993817601983e-05,0.5003813414787115,3.5836452469240054e-05,0.99594811447069,0.004051885529310035,3.629773095163718,0.0010637708456090254,0.2741584074063556,0.0004795483169459368,0.2611451904610967,0.0005941460011525348,0.2572865597283704,0.000809529373055578,0.2547175629008387,0.0011632412063422434,0.2605011499818424,0.0014540584176340873,0.32308652034879265,0.2584679880296419,0.1798744982242417,0.13201709213572252,0.10655390126160123,0.23857099339732377,0.8071220138075499
RWTT_Train,RWT442,32,3198796,0.42521294426493567,0.033249344240332934,0.49827336481416845,0.0002797577047595201,0.5080431136123936,0.00013568833828292437,0.9876593307266909,0.012340669273309075,3.481077880552558,0.0006061714326249602,0.2845154864517775,0.0002916394038716064,0.25908601955594235,0.0005215861194283391,0.2514504062833975,0.0008695334351678276,0.2495994333035368,0.0011768330400446368,0.23738090411514293,0.00153221056779287,0.34887965582703384,0.2679612806535333,0.19799010133994835,0.11876356269520039,0.06640539948428414,0.18516896217948453,0.5591395035420893
RWTT_Train,RWT443,64,6211356,0.449849321507161,0.017468059896692867,0.4186365522957523,0.0028734118185452517,0.5539255335095321,0.004366057390040479,0.7069933955055397,0.2930066044944602,2.2999586563706864,0.00020346221282718067,0.4002258122059016,7.972990759498949e-05,0.2746557144265058,0.00022160888835346366,0.2581362344184575,0.0004394445004211375,0.25005390070921985,0.0006495349455960969,0.22424668723906335,0.001614619703242356,0.5373221453099157,0.2161558599344477,0.14624079047020488,0.07374824119308754,0.026532963092344153,0.10028120428543169,0.35977757114065384
RWTT_Train,RWT444,32,1609797,0.5000838016392308,0.009030959034276975,0.4668235449977324,9.422787192869819e-05,0.5254687942202246,4.078499086540566e-05,0.9852702076429837,0.014729792357016307,3.6176809871058278,2.0117330901247447e-05,0.27544404667172323,9.365111536894556e-06,0.26290851110374397,1.7883307586202715e-05,0.2604995882514411,4.069662059852489e-05,0.2604386195995785,8.95787864793188e-05,0.26084207864458214,0.00018506835725028947,0.5402001744054234,0.26147352685316233,0.11879027766644375,0.052199987186072175,0.027336033888898468,0.07953602107497065,0.5236789386835746
RWTT_Train,RWT445,32,2677252,0.2321423377725818,0.0070389702301937515,0.46095391135473013,0.0006858537513879659,0.5080497103057767,0.0002452829365920395,0.8831713680205732,0.1168286319794268,3.4109960511748616,0.000158242717889475,0.2886007742267071,7.390420376928214e-05,0.26419743819055547,0.00013367127747623917,0.25808537529269987,0.00025497595826064076,0.2555045175005694,0.000397537229891057,0.2474556125102147,0.0005284761987047646,0.38059165318443766,0.28629359637655744,0.1836255288592783,0.09626577810437707,0.05322344347534956,0.14948922157972663,0.5528802085580354
RWTT_Train,RWT446,32,3051754,0.4928850627219513,0.03202468474764933,0.513770247980916,0.0015669418717267347,0.4869960839903512,0.0011944888940877418,0.9206168689704466,0.07938313102955337,3.6052768342402435,0.000969943915070824,0.2760881119513565,0.00042469713670596434,0.2555542499997033,0.0005283471322063976,0.25073612052870636,0.0007906995744747991,0.24642513151070608,0.0013236499322247539,0.24451292844257366,0.0017478990752536974,0.3629891533885607,0.27488461724333346,0.16420591622639533,0.10972274139285636,0.08819757174885416,0.19792031314171052,0.8038221669386433
RWTT_Train,RWT447,16,828693,0.35645750979519175,0.041738461069359495,0.46728230172894736,0.002916720574594772,0.528780312669547,0.0011432264182823504,0.9113517878752476,0.0886482121247524,3.7599665980043273,0.0004447831518114913,0.2659718375803826,0.0002204753779444026,0.2572444863866721,0.00037912657708235464,0.2537081782747491,0.0007003169217909941,0.24414320472714635,0.001015962239461599,0.23405466970387243,0.0013848519680704269,0.37421017309432536,0.2745299961669904,0.18923734995982303,0.10244634466767212,0.05957613611118899,0.16202248077886114,0.5815350103944585
RWTT_Train,RWT448,32,3193676,0.6069884625913683,0.012761551807522253,0.4372366164772729,0.00024929262300771304,0.5480390955333702,0.00018790705592047763,0.9668756791597288,0.03312432084027118,3.285347042091934,0.0002668239666903551,0.2966434290767129,0.00012709233225404972,0.2669142258199693,0.0002540440810596726,0.25932297227824574,0.0004337598893788356,0.25582920320243996,0.0005998730617393136,0.25512637100619934,0.0006735037058868568,0.32251706707306316,0.28725795982598984,0.20771224584753747,0.12165271135776244,0.06086001589564717,0.1825127272534096,0.5002766910526718
RWTT_Train,RWT450,32,1663164,0.3301742600201561,0.03427134392590647,0.5040859312943388,0.0003609211724671102,0.4994296515014539,0.00042458753479410194,0.9775932906618653,0.02240670933813475,3.6177622892270396,0.0012722997636325634,0.27556392514508493,0.0005557805086860878,0.2616471892264591,0.0006846981516954764,0.2580744694158362,0.0010699430629620215,0.25621223381911007,0.0015004731524146835,0.25879682179341656,0.0017894620465116694,0.3195264286452593,0.26792455788809105,0.19104908451591188,0.12225973472739918,0.09924019422333866,0.22149992895073786,0.8117160931570245
RWTT_Train,RWT451,8,786935,0.2793841764592475,0.023472003893285867,0.491244009773794,0.0011544451614028117,0.5190231355231891,0.001338021836470471,0.9040047067270698,0.09599529327293023,3.7822310610152043,0.00020199619480284537,0.26434203587335675,9.066653216747865e-05,0.25676857994423613,0.00012149757152305092,0.2555183195102316,0.00021736000731281284,0.2475820633059789,0.0003721149381952549,0.2456348031962119,0.0006615441317208808,0.4521266648958883,0.25431876408079973,0.14855283340273345,0.08303647356491667,0.061965264055661815,0.14500173762057847,0.7462415176773891
RWTT_Train,RWT452,32,1736107,0.4173302441725155,0.031622501386901786,0.4920286142185316,0.0018211351187460978,0.4965506263851119,0.0004430584479978017,0.9331834051729997,0.0668165948270003,3.6984540699392374,0.0016981947155541514,0.2701146876315803,0.0007443019979953603,0.2560880950553153,0.000897363339564744,0.24922559371148786,0.001377299452195866,0.23711994654193116,0.0019624043232949343,0.23305622093842468,0.0024228454478259984,0.32722518072721185,0.2650388244641199,0.18601560514917714,0.12119629059729282,0.10052409906219822,0.22172038965949106,0.8294321432346184
RWTT_Train,RWT454,32,1745277,0.5516774842022792,0.017752288208074063,0.5081681778521264,1.0569099743118482e-05,0.5028790496283152,4.562350111814162e-06,0.9991483597423682,0.0008516402576318948,3.8542466324829814,0.0006698342357318913,0.25865005956074594,0.00028635691649369103,0.24796861431584172,0.00023874458892038608,0.24694247657164298,0.0002663414801807564,0.24213153896244846,0.00034092977769536174,0.19991035410129987,0.0009761272866868057,0.46294866661134443,0.16169303752166406,0.12631798618343007,0.11322958655988187,0.1358107231236796,0.24904030968356147,1.1994278814385284
RWTT_Train,RWT455,64,3987042,0.3893501305971082,0.011192152599267341,0.4732119682259363,0.00040724891253113293,0.5223032339066253,0.00022979161967578987,0.9461467468552922,0.05385325314470784,2.9989159883442413,5.7052277468010355e-05,0.31796554939727245,2.4039893284213104e-05,0.27302400646188263,3.7995320885459186e-05,0.262359732350256,7.215043427982761e-05,0.2611415168100078,0.00014294919123912156,0.26254533187146833,0.0002772714043402481,0.5001231629812051,0.2578419575513976,0.13014001024864094,0.06853335671212366,0.043361512506632734,0.11189486921875637,0.6327066787166725
RWTT_Train,RWT456,4,204751,0.49060959815275434,0.01361746713678813,0.5060172075483063,0.00018726998399154482,0.49770561237406724,0.00018618614282753243,0.9733072564417174,0.026692743558282585,3.903590214455607,0.000509838844638149,0.2573613804083985,0.0002331022126987917,0.25083973811557075,0.0003060488191090786,0.24860039340293538,0.00047050793646796367,0.2525867315885575,0.0008100372985455684,0.2397590361445783,0.0011048467393384449,0.3777844049519364,0.2769791030049548,0.16088255001788376,0.10464842488705425,0.07970551713817096,0.1843539420252252,0.7616504235414545
RWTT_Train,RWT457,32,2409605,0.3974179383920328,0.10371166261912754,0.4984893783623519,0.00011601621927026518,0.4916522588962868,0.0002543200209526586,0.9964418800149738,0.0035581199850261494,3.689601407699602,0.00041895179517266825,0.27067672917345376,0.00018400034330105108,0.2572444436267295,0.0002310859462129423,0.2545937859471573,0.00043471926684392757,0.2531369978462403,0.001026238843219807,0.23185055026357163,0.008443910569765092,0.81821195875846,0.09944218228358785,0.042124143771492706,0.0223921467583359,0.01782956842812351,0.04022171518645941,0.7962420316616635
RWTT_Train,RWT458,32,2153840,0.3602293510195747,0.038650179758011466,0.49833354871873214,0.00028873999839956754,0.5070685747352648,0.0004315175130739646,0.981705625808942,0.018294374191057942,3.672834565241615,0.000790743762826528,0.2718061694461984,0.0003419834242109975,0.25833451480714076,0.00040502698356808603,0.25074056441587983,0.0006317732702703014,0.2543709290366815,0.0010372891066359787,0.2528509226622434,0.001882609332281585,0.4379503487477951,0.24130398071115486,0.14696906006998867,0.09422119909016761,0.07955541138089392,0.17377661047106152,0.8443472610103501
RWTT_Train,RWT459,16,1355593,0.47098804217988205,0.015941979493644176,0.4888318688775857,0.00017961374112063222,0.508791035848312,8.696686208958804e-05,0.9835530977694955,0.016446902230504466,3.6775639886012983,0.00011300619120859543,0.2711647227449537,5.548743969565478e-05,0.2597901460598658,0.00011763682495540543,0.2542200720449024,0.00024122492739557768,0.2501132759401903,0.00039992666170701513,0.24357707509881424,0.0006339527948306102,0.43774358106390165,0.2761488402387076,0.1665654989157897,0.08122807477286338,0.03831400500873762,0.119542079781601,0.4716842682271418
RWTT_Train,RWT46,32,1659523,0.46842585043309426,0.030500669545431958,0.477246347003128,8.077856876378964e-05,0.5299458894998588,0.00011048883329795034,0.9937681547310308,0.006231845268969213,3.629099446045641,0.0008136660256618357,0.27414082239294063,0.00035842715776989353,0.26048318140953924,0.00044307616191551847,0.25280789840091134,0.0007160643848374775,0.2524783871290764,0.0011440050986895013,0.24272871496562665,0.0016680167270922844,0.38525978396268556,0.26422945886258115,0.16538851542979588,0.10233675936580967,0.08278548237912772,0.18512224174493738,0.8089515721638733
RWTT_Train,RWT460,16,1244230,0.5609025021601874,0.00827569262806016,0.4512774047796474,0.00011260643089669453,0.5432951866222037,0.00011070412641223104,0.973725088408797,0.02627491159120302,3.7098912580471457,8.375664402911811e-05,0.2687597952147111,3.995837024201235e-05,0.25889730531490823,6.489783609261863e-05,0.25526999711233034,0.00012337129599733973,0.252262443438914,0.0002093956451390269,0.24699551569506725,0.00026287060785182547,0.37526474126908005,0.29892578420278243,0.1761204793902609,0.09264584530480276,0.05704314983307381,0.1496889951378766,0.6157119042457125
RWTT_Train,RWT461,64,3352167,0.4108525670555735,0.0174752443326662,0.4723265476168457,0.0007678186027476885,0.5025232151982865,0.00014315015266702646,0.9504537040308065,0.04954629596919343,3.2175706043284835,0.0003614164785066835,0.3015878982162882,0.00016352084161172964,0.2658607104245118,0.0002533143717050453,0.2561295939399802,0.0003640322876410801,0.25053019958746114,0.000512336861309209,0.24792717574070852,0.0006948782297868948,0.34952181190268933,0.2577040125782177,0.18310722557305095,0.12741642259607394,0.08225052734996811,0.20966694994604207,0.6455253229853471
RWTT_Train,RWT462,16,813194,0.20929974521189681,0.02821627050552905,0.48829600827470704,0.0008093278808189441,0.5357748387272034,0.0008826320187188541,0.9434282845684124,0.056571715431587614,3.7659500684953406,0.0005621623235789724,0.2656684628760173,0.0002548136858950967,0.2569107572671728,0.00027561870984634364,0.25580599246887553,0.0003438603644395299,0.25271164952810254,0.0005522372350662161,0.23940914158305462,0.0010734024158514377,0.4293725746688162,0.22090086620523033,0.13754786445943012,0.11025046462164943,0.10192823004487384,0.21217869466652328,0.9245151972344487
RWTT_Train,RWT464,64,3234030,0.3956976137864335,0.011337463204175946,0.49549081531310707,0.00012631507457697144,0.5028068822248649,7.485214778951699e-05,0.9825657625792623,0.017434237420737676,3.238516031081963,0.00029092398042609025,0.2999369208077847,0.00014084307993152714,0.2681470714068484,0.0002751099880565778,0.2604765785993295,0.0004339741251897282,0.256099540966185,0.0005494621634114457,0.2588323439571206,0.0006350346754038162,0.312144698163874,0.27008241879307027,0.213315473256856,0.1352274568773436,0.0692299529088561,0.20445740978619972,0.5119518957725447
RWTT_Train,RWT465,32,1992705,0.5852037093181853,0.005538514669158778,0.46810254873481205,9.840195289989584e-05,0.5205585081979235,2.977244634105869e-05,0.97738107778743,0.022618922212570038,3.539707081580063,2.182648120925179e-05,0.2799425905992106,1.0707507705621523e-05,0.26363331618394426,2.3002639694147975e-05,0.2584485877089198,5.172785080630883e-05,0.25791259964745195,0.00013596976115724,0.25777823115372844,0.00019516750480658455,0.46850478555295166,0.32639902762393463,0.12417408150574033,0.055218448315659474,0.025703657001713856,0.08092210531737334,0.4654903892767396
RWTT_Train,RWT466,16,863538,0.33476202957381374,0.024964555604024732,0.43552062079854936,0.001134323841112006,0.6258282186657695,0.007336707271292986,0.7466462549543819,0.2533537450456181,3.748712853400777,0.00018283665902175345,0.26666805629862267,8.34574530653163e-05,0.2573194139257767,0.00011598714879491073,0.25650156104970046,0.00022800791351744405,0.25304296335285215,0.00048128021776394094,0.24934997399895995,0.00098815058521208,0.5209337736544056,0.2537215721743205,0.12020133832761651,0.06114616944155329,0.04399714640210403,0.10514331584365731,0.7195405174834183
RWTT_Train,RWT467,16,928727,0.26386792855842267,0.0288354844735806,0.5381182613384088,0.0011611583580124485,0.4881662172363896,0.0015613479246801565,0.91373005006184,0.08626994993815999,3.741616212299201,9.080086340174745e-05,0.26704079885693,4.397154857727934e-05,0.25889084223089576,7.60983483963762e-05,0.254567259021602,0.00016597267213499178,0.24753747323340472,0.0004020643310181342,0.24962926347009393,0.001086858937545282,0.6123266794648509,0.22651947574690068,0.09350753046192223,0.042873134108418746,0.024773180217907594,0.06764631432632634,0.5778252682731451
RWTT_Train,RWT468,32,3020860,0.43561766997792617,0.013499321188266467,0.4939001976789771,0.00014589304568884964,0.5032850878641665,7.837693141504731e-05,0.9836580692035032,0.016341930796496772,3.3312348139271597,4.816027169105382e-05,0.2938424819422284,2.403397713622559e-05,0.266799000064214,5.9348309360823324e-05,0.2589453860640301,0.00013875638258066807,0.25655116184264165,0.00027178476661836456,0.2516366872179495,0.00042581475976385675,0.4629738787252577,0.2955023157241521,0.15086508667967133,0.06452739448441054,0.026131324386508482,0.09065871887091903,0.4049648152587606
RWTT_Train,RWT469,32,3123234,0.5999498525541702,0.012372579082877644,0.4974748327822547,0.00018665199444206637,0.5050359135623045,0.00014559332541541625,0.9738488853269034,0.026151114673096623,3.330967836543788,0.00010330159226272352,0.2940673033144491,4.74935363505625e-05,0.2665408012055211,8.486431208413325e-05,0.25984264834437626,0.00017105015509289953,0.25360792328250276,0.00031833854711013973,0.2544631787751054,0.0005088129474431788,0.4500541088787201,0.28157611134178123,0.15129690687067007,0.07506399462229765,0.04200887828653083,0.11707287290882848,0.5596408570834592
RWTT_Train,RWT47,8,589334,0.3833638364662519,0.016240161213009557,0.4399384021258481,0.001678784177836068,0.5293955359579211,0.0005021786659433758,0.881605333254587,0.11839466674541298,3.8453983649339762,0.0013761370996418034,0.26027346122911627,0.0006391882101478301,0.2508931598299737,0.000765249731739748,0.24371167238332814,0.0009359023780670875,0.23808508369762235,0.0011165700464054826,0.23376623376623376,0.0012595857824869788,0.2670596440102818,0.23673719031412982,0.1984317061927113,0.16224962505838178,0.1355218344244953,0.2977714594828771,0.8352674736581419
RWTT_Train,RWT470,32,2403871,0.40318881515623944,0.021297675620523815,0.4950774880900547,0.0013122783632406876,0.5283279153090799,0.001315602568997487,0.8901642715627942,0.10983572843720577,3.4555223637208488,0.002143058183562434,0.2848197761027942,0.0009567320543727992,0.2628054391166547,0.000958013521337534,0.2546975296634896,0.0009622795118039928,0.24331755002291125,0.001002390558856733,0.2384539503183571,0.0011124198336856241,0.2228478558898725,0.20080600870390677,0.19277067837040696,0.19191608480787825,0.19165937222793555,0.3835754570358138,0.9986623706908169
RWTT_Train,RWT471,64,3512202,0.44149886748560285,0.022293530690192964,0.41211819737114935,0.0007927420983704636,0.5795547839219084,0.0007576306843634084,0.9349782310394681,0.06502176896053186,3.327608719544035,2.585840248435138e-05,0.2954411505944134,1.2241028777065065e-05,0.2641374877246545,2.9168213836162582e-05,0.2591049393976985,8.005941115620561e-05,0.25740678157035035,0.00021256182343486546,0.2553610503282276,0.0004922214741560051,0.5957280625427074,0.25726029824790525,0.09689467120095684,0.03530183957585983,0.014815128432570707,0.05011696800843054,0.41967015346989495
RWTT_Train,RWT472,64,5623320,0.43726846943603137,0.0069979596290982715,0.4744456215852102,0.0012691851366341822,0.4560533146764314,0.00023893581110889794,0.8227008392268127,0.17729916077318725,2.389492684037188,0.000964706926520835,0.37756894503602856,0.0003693676236471013,0.27871208949171317,0.0004997998826215812,0.2551883452554165,0.0005038745833188771,0.23981193298457057,0.0005212380389412764,0.22264869939802287,0.0005268220776893639,0.21759596779363907,0.2152895642334152,0.20811784898000538,0.20643485489291943,0.15256176410002098,0.3589966189929404,0.7390310332000709
RWTT_Train,RWT473,32,2787136,0.4270207203169036,0.02979904440957984,0.4856413595667054,0.0037154811593977932,0.5006598862423254,0.003086305875308726,0.8141630458570273,0.18583695414297274,3.401864853383545,0.000570419303617612,0.2888750315736297,0.0002561589416515873,0.2641920475349445,0.00037618815326083177,0.25712002256593486,0.0005460797452405819,0.2530900314488408,0.0007330094655536651,0.2581996821268603,0.0008809057979182828,0.3154720178357491,0.26250704188505075,0.1955633389374729,0.1347213698394884,0.09173623150223899,0.2264576013417274,0.6809330369156478
RWTT_Train,RWT474,16,1195171,0.5219024833643415,0.03677227924434728,0.46355778757126825,0.0010202691685235188,0.5354731954000908,0.0006970878984741691,0.9553813121769745,0.0446186878230255,3.708771380831697,0.0006952404648222349,0.26950453115077255,0.00031578744453496883,0.25865248491170556,0.0004213688592617116,0.25661061298956944,0.0006581846289654447,0.25225688759998127,0.0010420282060089937,0.2540330057481921,0.0015124563253639599,0.3829172552299481,0.26381626617954224,0.16663638303561654,0.10668037438306956,0.07994972117182375,0.1866300955548933,0.7494323265565139
RWTT_Train,RWT475,16,985135,0.4596556550297069,0.019927408949866637,0.49244174282867165,0.0002843264875854179,0.507676389315335,0.00025557507509249566,0.9736212746492997,0.026378725350700294,3.7605404335446413,0.0008824214718529037,0.26610769082410024,0.0003973117738861503,0.2569959412859715,0.0005404458790481848,0.25261236121831027,0.0008334107131083755,0.2500146894647159,0.0012138186661773739,0.25240893066980025,0.0016088772170342878,0.35022306488386634,0.2642260633570938,0.18141822829084384,0.11764515660990729,0.0864874868582888,0.2041326434681961,0.7351555248897124
RWTT_Train,RWT477,32,2782692,0.302386992569029,0.026503990831557397,0.4836995954292892,0.0007769190299193041,0.5530136056020803,0.002709629571459926,0.8837450520296349,0.11625494797036509,3.478242651360625,0.0002606297630856729,0.28367207006740236,0.00012750386331821588,0.26299767410042413,0.00027244710583497825,0.25853672634788516,0.0005607011850157999,0.2553611685577478,0.0009633391516873744,0.2598132204873778,0.0013292373604243582,0.40859020277354713,0.29611787258370553,0.17235222068076297,0.08374668176843993,0.03919302219354456,0.1229397039619845,0.4679949266755846
RWTT_Train,RWT478,32,1733893,0.4138191103409216,0.022756101657123412,0.46975097904069646,0.0014307504585445163,0.5288321113578862,0.00095261727855811,0.9051941908666524,0.09480580913334756,3.625404797181833,0.0008351318145518845,0.27475513194874196,0.00037656838379800697,0.2610454327912073,0.0005141074286069338,0.25849743890769616,0.0008609487480362381,0.25417612841011605,0.0013863128231417082,0.25235589279158,0.0019322654232785392,0.3811021958852681,0.2734235445701763,0.16980558388534867,0.10139780363641475,0.07427087202279224,0.175668675659207,0.7324702247901503
RWTT_Train,RWT479,16,1229434,0.5246445011697718,0.017520650181206188,0.47334912689149083,7.282209165374032e-05,0.5192169836321765,2.7534977139809236e-05,0.9943046917029359,0.005695308297064066,3.728639357623101,0.0001319687235651195,0.26768984752333186,6.500145955641892e-05,0.25668551565296394,0.00011939106388029696,0.25208044793257334,0.00024591225272604814,0.24789856773890584,0.00041380796481782484,0.24758476984277325,0.0004941694461396517,0.36925653714559387,0.30920830360020735,0.1837521675867256,0.08921217440486641,0.048570817262606765,0.13778299166747315,0.544441580833807
RWTT_Train,RWT48,32,1759783,0.41902472558418324,0.03371829370463725,0.4726210879320697,0.0003584372475611275,0.5337746654302675,0.0009582356613795917,0.9624183198613229,0.037581680138677125,3.618523420217152,4.6560244866663975e-05,0.2748071779304607,2.26860813588549e-05,0.261717821096317,4.178839736342046e-05,0.25787132506893584,9.093330990030643e-05,0.25844108094858753,0.00019531893827698997,0.26081802015411976,0.00039565283631583524,0.5300960205975641,0.26168848653298465,0.12183252916058589,0.05598813180708731,0.03039483190177816,0.08638296370886546,0.5428799090226226
RWTT_Train,RWT480,32,1760981,0.3333047612398375,0.012246130353854745,0.4648736270829582,0.0002986604480997579,0.53486923591646,0.0002851754759269909,0.9544943524104763,0.04550564758952373,3.5904930263302104,0.00016318294575943867,0.2770677253190125,7.264623391099146e-05,0.26223020181959417,0.00010427819969699522,0.2569463441322443,0.0002027995827532352,0.23793155893536122,0.0004816314409563875,0.22423932498082333,0.0009862185092244537,0.5337910833796113,0.26068317137950014,0.10976533899359754,0.05644060892033637,0.039319797326954564,0.09576040624729093,0.6966579220017428
RWTT_Train,RWT481,16,896582,0.4776407379074452,0.027889227415830525,0.48772195420073794,0.0002822735815522226,0.5203808298146241,0.00028230546755364516,0.9801580484564834,0.019841951543516617,3.8704769892770545,0.001992573910958595,0.25955796569638917,0.0008587749342574445,0.2525148787143072,0.0007854256032596166,0.2469879518072289,0.0010451021969280837,0.2385972164806394,0.0015069111387876466,0.25382616228703436,0.0011786052478639838,0.21928277423101075,0.2803649955163792,0.1944441614464641,0.14613061120079965,0.15977745760534626,0.3059080688061459,1.0933880060611965
RWTT_Train,RWT482,32,1659429,0.4731117279025243,0.033844268203332334,0.48970231698290817,0.00030076542953441643,0.5048647067413891,0.00014573081411178856,0.986979110823365,0.013020889176635055,3.697193432198666,0.0029941980240583465,0.26951198273623034,0.0012192699151191769,0.2556301371088195,0.0008836584526797168,0.25124423801901563,0.0008022866211291622,0.24683191756022838,0.0008415464601291966,0.23610719322990126,0.0009395481131599855,0.20048784671310876,0.1795755165032322,0.17119795661761097,0.18856169037660211,0.26017698978944587,0.448738680166048,1.379797716438642
RWTT_Train,RWT483,16,854823,0.20858577770932682,0.02134405771460053,0.4861253827870748,0.0013199832255561261,0.5165636612721215,0.001327764300115164,0.8896395040241961,0.11036049597580394,3.751497093550361,0.0001958263390431378,0.2665932011656214,8.915404451372763e-05,0.2578305322743429,0.00011853078502112877,0.25360382592712355,0.0002191597317860406,0.2509227568619556,0.0004325454477679768,0.25648569136132654,0.0009852550246211606,0.5341163240710711,0.23448709093804437,0.11880862051017835,0.06425669050415311,0.04833127397655306,0.11258796448070618,0.7521594031275118
RWTT_Train,RWT484,16,1238061,0.42116786520901495,0.01590528698658389,0.5210378017895889,0.00013086314078908368,0.48633631609993677,7.17121724876646e-05,0.9874238238752202,0.012576176124779818,3.777597388173927,0.00021668285849693635,0.2645911631171647,0.00010351954342011718,0.2529824775627328,0.00017738405815718064,0.24992759918911092,0.00029166559794414145,0.25,0.0003636376126149656,0.21707222865971418,0.0004914911257413719,0.3442542800558754,0.25470206474872426,0.20429083085858638,0.12424480938934175,0.07250801494747228,0.19675282433681404,0.5835898924377305
RWTT_Train,RWT485,32,3152813,0.4196093328085365,0.01858828641103996,0.4983401522846849,0.00020147896281710875,0.5046215729889129,0.00013770076113961416,0.9820800247884431,0.01791997521155688,3.295650582511554,0.0001383405676113119,0.2965558058787502,6.328043044491908e-05,0.2663497275357359,0.00011008871948937739,0.2564760493589203,0.0002158787841838061,0.24790593540104272,0.0003901724424595484,0.24706328154604015,0.0006250799837298779,0.4450550540214961,0.2778015965578794,0.1537050400873784,0.07838283463684724,0.04505547469639896,0.12343830933324619,0.5748130302398975
RWTT_Train,RWT486,64,4335109,0.5042181642862409,0.03656275573969325,0.4906955938222075,0.0009497921095691364,0.5200150968987837,0.0005757965621012717,0.9599460492376968,0.040053950762303246,3.084626015170553,0.0005563757277534414,0.3153558537974478,0.00022833824400741965,0.26417853239919187,0.0002711579918789876,0.25715543569452787,0.00035444293174392773,0.2490793978939208,0.0006382563316101595,0.2509402152768772,0.0009448057021978348,0.3876919312309761,0.2619023458968579,0.1454422474370279,0.11126707353240077,0.09369640190273743,0.20496347543513824,0.8420856137233914
RWTT_Train,RWT487,32,2030979,0.3364750736660616,0.0422533278118339,0.461127748782247,0.002689601145227427,0.5249864428251817,0.0007851610361090389,0.9240125231153229,0.07598747688467707,3.564160929285827,0.00035716018215996385,0.278519374154041,0.0001732036875808266,0.2622850546346172,0.00033572586985661864,0.25775447204885216,0.000646524302234348,0.25717797186339625,0.0010570890980466548,0.2539908490086426,0.0017348196404885683,0.4394882905554619,0.2677962998704019,0.16378639817077215,0.08505067915704352,0.043878332246320546,0.12892901140336407,0.5159080759990232
RWTT_Train,RWT488,32,2999369,0.34770997489740446,0.036670334085574546,0.4769265185287144,0.004619642484722408,0.5227147407272418,0.0043430950714205,0.8035911843385701,0.1964088156614299,3.3079117641077174,0.0020310545518952452,0.2956201787776029,0.0008792705675110112,0.26718726386473496,0.0010527061374800222,0.2584800850963243,0.0013090449365468957,0.255633940819126,0.001690096027625431,0.24485754439759805,0.0021610065606948617,0.304705119461516,0.23830603819798257,0.18457727108554398,0.14843312149666996,0.12397844975828755,0.2724115712549575,0.8352478780220826
RWTT_Train,RWT489,32,2265376,0.5639225528124334,0.01539579522911766,0.47197323173188105,0.00019040782536630663,0.5210080082606687,0.00016444082145883332,0.9774708482002359,0.02252915179976409,3.468236619439775,0.00040136236189058016,0.2844057675193875,0.00018423408973396326,0.264798552195764,0.00029565605711406564,0.2592640352625347,0.0004675405923089041,0.25201211792367517,0.000657793813619549,0.2563021440746389,0.0008383363633757897,0.3430797889400963,0.2691947678780758,0.19133576299178665,0.12099393764229027,0.07539574254775101,0.1963896801900413,0.6231365307793603
RWTT_Train,RWT490,16,1456670,0.4483951782207659,0.05044575652817798,0.4257709603060723,0.0013727077775217145,0.5685416241907011,0.0022844754668474576,0.9324032435253196,0.06759675647468043,3.6925823968366207,0.0007824013620317742,0.27004949645424153,0.0003586798134450183,0.25856629712766255,0.00048009332065403735,0.2487292676452371,0.0007736609918718209,0.24783588284121902,0.0012860215426865288,0.24290271132376395,0.002528534791969009,0.46591841469298456,0.23696771756221013,0.1425580158072584,0.0884640067339684,0.06609184520357853,0.15455585193754692,0.7471043607863241
RWTT_Train,RWT491,32,2909037,0.5482065166001968,0.017877978642234504,0.5187087649700418,0.0009580192875459637,0.489339327480423,0.00039702654161216655,0.9295458792155318,0.07045412078446825,3.3518453013832414,0.0005265428787481596,0.29240466862401543,0.00022574445512945412,0.2658508657255448,0.00030279799777492084,0.25871042774955005,0.0004806320770415901,0.2575037604266375,0.0006940596540750847,0.2519747759707932,0.0009397248698447381,0.35555786173464426,0.26260704003715135,0.18185377345842038,0.11456779753436816,0.08541352723541575,0.1999813247697839,0.745528229342048
RWTT_Train,RWT492,4,397316,0.4925500400530642,0.016132608829417167,0.5010463254318381,0.0007786662808093592,0.4926225479931189,0.0017134204910182194,0.866194496533891,0.13380550346610898,3.960303637407001,0.002142935275170424,0.2527710940410152,0.0009127973923601922,0.25410733844468786,0.0007620139529304268,0.24796238244514107,0.00081248159045151,0.2375158027812895,0.0011721741885872181,0.260146373918829,0.0012008307119418676,0.24706936743266256,0.24117332477848757,0.1671670374576962,0.15678338624511914,0.18780688408603446,0.34459027033115364,1.1978749061613734
RWTT_Train,RWT493,8,431632,0.4433655621673386,0.016556213379290058,0.4389359178970195,0.0004349195177537901,0.5386022425875523,0.00013615426555557697,0.9666570789706609,0.03334292102933917,3.877312154798532,0.0015275333034134538,0.2582987359602624,0.0006983669618118944,0.25335007624002154,0.0006618449928999806,0.2521064929547547,0.0007222021571243247,0.2519309085802556,0.0008646566221887888,0.23968784838350055,0.001015735498861216,0.25631722551355535,0.21819301055228207,0.18224513505883128,0.16701422022795787,0.17623040864737347,0.34324462887533136,1.0551820581914306
RWTT_Train,RWT494,16,1139869,0.48726662041093893,0.020510922505774465,0.4874005754290341,0.0003416604282873992,0.5094682075351534,0.00011015177238971052,0.9784468864867112,0.021553113513288806,3.7797536383566883,0.00139366119036923,0.26530680279926905,0.0005972341219703439,0.25869417852950416,0.0005677142805678654,0.2546495724310713,0.0006871276085991086,0.2511294046782452,0.0009416531713971126,0.2582450529682191,0.0011724904608406874,0.2956191452480776,0.23741831165855398,0.17324497137893916,0.14313737806128152,0.15058019365314776,0.29371757171442925,1.0519977080248022
RWTT_Train,RWT495,32,2744683,0.31585119456594346,0.019296123047054442,0.435031482427073,0.0008053516503831459,0.5604477633299711,0.00045218488306109084,0.9388169036993593,0.06118309630064069,3.3530932351750637,0.000571150190614515,0.2918581125762064,0.00024314602962936788,0.2662428937729852,0.00028360068985123333,0.257150359159024,0.0003929294871296972,0.25309970097002404,0.0006017310821897929,0.2539442403285066,0.0008137624689590772,0.34848107562850783,0.2576819437603606,0.16826591977910538,0.12144756881545814,0.10412349201656802,0.22557106083202616,0.8573534491644343
RWTT_Train,RWT496,64,3271629,0.36403279364488067,0.02681650811555955,0.5052929322258337,0.00015209563759899236,0.5042074331732652,6.140757037798039e-05,0.9921012534763142,0.00789874652368583,3.5667546656421005,0.00010927922440388495,0.27909185301878664,5.6022213160918285e-05,0.25683589151064795,0.00011890941470697122,0.2553675062789696,0.0002144794296649023,0.25751832618097414,0.00035788482654155513,0.26507586564647906,0.0007584497125313676,0.5037037559605566,0.23767947742852916,0.14244068197734505,0.07897045488628324,0.03720562974728587,0.1161760846335691,0.4711335372306219
RWTT_Train,RWT497,32,2135448,0.5221931397157326,0.047286225806557225,0.45758238229817244,0.001113820121751985,0.531737732138411,0.000497638516234522,0.9670442750757634,0.03295572492423662,3.554092630679839,0.00036145940596602627,0.27869046682475995,0.00017420285961772356,0.260634249045165,0.000292929845556689,0.2577251129836053,0.0004670227082025598,0.2545027016209726,0.0007801176846795192,0.2596815411834087,0.0012496741331920191,0.42162496012643785,0.263202285268388,0.15756782147765658,0.09883099215410035,0.05877394097341729,0.15760493312751764,0.594691398845568
RWTT_Train,RWT498,16,1486543,0.36868326456008865,0.04001521900511862,0.48269998711172457,0.0013764022854133307,0.5150772608398538,0.0006903724379596632,0.9508869580489081,0.049113041951091875,3.632905338089783,0.002194646974527895,0.27473204609621116,0.0009779769050845813,0.26136321899309745,0.0011134494893268502,0.2609212954722178,0.0013797463122678859,0.25844673440810023,0.0016789199680878166,0.2613225896082245,0.0019300873452144064,0.27260427556465416,0.23712955932611923,0.19487446765110406,0.1572628783709589,0.1381288190871637,0.2953916974581226,0.878330732071043
RWTT_Train,RWT5,32,3114751,0.41412326395449883,0.029106424216148064,0.48292944213497024,0.0010319176511119632,0.5213478044035009,0.0008298663419225027,0.9398807970916955,0.06011920290830451,3.5582574658455846,0.0006932492543525865,0.2798441994239668,0.0003109384309941292,0.2582874908936551,0.0003893399185772242,0.2528793834810225,0.0006464380090658897,0.24374692615752125,0.0009196442929961202,0.2531526987100958,0.001342773984526129,0.37204873741008043,0.2548101929427384,0.1791116359554182,0.10787625229507199,0.08615318139669102,0.19402943369176298,0.798629722147167
RWTT_Train,RWT50,16,1023195,0.44422369640118936,0.0129431250797159,0.4712318972338879,0.00045003448052730044,0.5276243208388753,0.00026061266837684727,0.9479523213801282,0.05204767861987185,3.770675188991346,0.0002652426860155857,0.26591803126481267,0.00011233718971118775,0.25845137199267876,0.00010019463078649136,0.25586951266335806,0.0001309193268279003,0.2553215139220808,0.0001992607560367725,0.25729212015672615,0.0003139091802585662,0.3664504484662917,0.23261248158229048,0.15283224909023632,0.11696493665900787,0.1311398842021737,0.24810482086118155,1.1211897167481104
RWTT_Train,RWT500,2,133294,0.4479994591051356,0.03864566937548089,0.4906457761510243,0.005308490730583371,0.5131271898150929,0.007596816183300437,0.7496593111749417,0.25034068882505833,3.9987246237640104,0.010011543709105035,0.24615511575914895,0.004095969736077584,0.24930663496997957,0.0023213545030675528,0.2612469437652812,0.0019429931782544122,0.2671970051474029,0.0028417747718537147,0.1733800350262697,0.0034693407136302265,0.23646911222613917,0.19369442580453058,0.13243377051961577,0.1582227529126565,0.2791799385370581,0.43740269144971455,1.7644740304270488
RWTT_Train,RWT501,32,2391840,0.5034213923090431,0.014485832545567179,0.5059626774380899,0.00015472129839538828,0.4993982354646584,9.53709538476788e-05,0.9830283979000605,0.01697160209993951,3.4384323366111444,6.442590017374753e-05,0.28636238209913706,2.9707423360303037e-05,0.26486240259996235,4.8641101797529916e-05,0.25836075694685606,0.00010047932199698525,0.25583528909750375,0.00021805510092949643,0.25936118755733467,0.0003805047500744995,0.4894658752327792,0.28049723638017937,0.12925252385002126,0.06256994021481535,0.038214424322204864,0.10078436453702021,0.6107473363568346
RWTT_Train,RWT502,32,2718313,0.40758814143255845,0.01354885537800088,0.5611786455660953,0.0025253964237279547,0.6536303015618119,0.0018141911102808606,0.7574083135488912,0.2425916864511088,3.3664600066291115,0.0001668589482628752,0.29145355961583524,7.28386701289355e-05,0.2564404199620833,0.0001662390832597494,0.22950956843597417,0.000541027566118135,0.23457504986167407,0.0006966292414966488,0.2511428049003474,0.0007675718265043087,0.3420084845708923,0.31039845779266834,0.24106671403227034,0.07407147445868655,0.032454869145482526,0.10652634360416907,0.43815611046846736
RWTT_Train,RWT503,4,291827,0.4002775697420305,0.035415984939424106,0.5061711997511525,0.0006105125672253853,0.48825869401396294,0.0014298900511483525,0.9455259102275879,0.05447408977241206,3.878955682647596,0.0018528262043795846,0.2583208544788522,0.0008023139766703973,0.2519997346952311,0.0008012352051928151,0.24846028320261093,0.0011227136411397817,0.24385593220338983,0.0017720031539717317,0.23979148566463945,0.002504049582681926,0.3576030759180337,0.25305959705400927,0.16033462524999836,0.11442432126439366,0.11457838051356509,0.22900270177795873,1.001346385518997
RWTT_Train,RWT504,16,1318966,0.40131655848478187,0.024371065605058417,0.4815001764632322,0.0034370276786663267,0.5303840780922822,0.0020613601127209558,0.8159193702539745,0.18408062974602543,3.8104818471438993,0.001692184896386622,0.26272246593164644,0.0007092068604807225,0.2550747138709808,0.0005421053492349887,0.24309586034461303,0.0006562286167440329,0.25117512914785683,0.0007402807366058533,0.24272744117102094,0.0010042570674800317,0.27498232351311486,0.20270120429889366,0.17968633294349165,0.14843748015195304,0.1941926590925468,0.3426301392444998,1.3082454572373157
RWTT_Train,RWT505,64,3250394,0.38291973136963003,0.009882891486176104,0.4606657580866288,0.00027920800460362605,0.5232752844140727,0.00014697862357843094,0.9586590941057593,0.041340905894240686,3.2529982519042306,0.0004525798075286742,0.2992809487096026,0.00020296742315088762,0.2675761553731004,0.00030068344001821955,0.2590695869654582,0.00040033375658696436,0.2568288993682712,0.0004841398233821622,0.259599284023327,0.0005605454040325465,0.28765539983409033,0.24844630509630528,0.20543949872688688,0.15430188980179146,0.10415690654092606,0.2584587963427175,0.6750202909032471
RWTT_Train,RWT506,16,1590147,0.3685367265156331,0.025726489890441046,0.4580616795336815,0.002005413404518125,0.5381996990313309,0.0007801502114818115,0.90230224507082,0.09769775492917993,3.6352664250537843,0.00046848222739286007,0.2739174428527677,0.00021445148710351518,0.260209059873407,0.0003331493304683567,0.2551195969613284,0.0006107323045636154,0.2513920110669203,0.0010782671235688233,0.24803962030540652,0.0016275768179945219,0.4211962317370073,0.27904185180807795,0.15804977217555757,0.08621482012251855,0.05549732415683869,0.14171214427935722,0.6437097946498328
RWTT_Train,RWT507,16,1574961,0.3410319376647726,0.017020878722465813,0.5023118770783103,0.00012650984008655275,0.5091017966569783,0.0001345098521625676,0.9848963530518805,0.015103646948119496,3.641909863164866,0.001778266865217558,0.2735496307527615,0.0006993846196815557,0.2596081981291925,0.000527172698814721,0.2526397668243225,0.0007014643050772092,0.2514775099975227,0.0009995623281590198,0.2578103011539544,0.001140217936635545,0.2803032123801353,0.2457254201629842,0.17244308457672397,0.12959645363314776,0.17193182924700884,0.3015282828801566,1.3266707878727992
RWTT_Train,RWT508,32,1831677,0.3463525324414196,0.02887300993239729,0.499197145063477,0.0002409246214346572,0.5015397223268823,9.129201514401775e-05,0.9886247540044226,0.011375245995577415,3.57426336630312,0.0039808957837807035,0.27786722222313215,0.001659187990074978,0.2607006796171824,0.001352556089414879,0.25376261427268687,0.0012653090325953143,0.2516705770544385,0.0012142335359649834,0.2508850601840925,0.0011495005519889456,0.17309703162633752,0.182844819354825,0.19053600039884794,0.20367405981732334,0.24984808880266618,0.4535221486199895,1.2267054971396782
RWTT_Train,RWT509,32,1813362,0.44256597904999023,0.03311384940164125,0.4638573866510997,0.0019687246168363093,0.5245843230245978,0.0006699853784288834,0.9261952139993225,0.07380478600067754,3.6456140583071663,0.0007883790290014624,0.27360008646922124,0.00034867149992648893,0.26056162020091267,0.0004874507562101501,0.25400312514504075,0.0008768068655049784,0.2524972591058594,0.0014133034955033821,0.260282233747437,0.002085976237614342,0.40020964158211114,0.2711525065256882,0.16822174435783663,0.09352095623816992,0.06689515129619414,0.16041610753436406,0.7152958437019419
RWTT_Train,RWT51,32,2145607,0.3075961926784907,0.011252637734612325,0.501113841170194,7.871424720740094e-05,0.5005670931988184,3.536786192920305e-05,0.989963497763223,0.010036502236777031,3.672952222844165,0.0006300729958167658,0.27165785719379176,0.0002529906217179864,0.25832302516337236,0.0001846180847130678,0.25428208993883206,0.0001588125627072391,0.2534019379946196,0.00016533190173764168,0.2567511853226139,0.0001864982976257788,0.19667599135960814,0.17435449058557706,0.16747937438807362,0.19469317037259526,0.266796973294146,0.4614901436667412,1.37034582560632
RWTT_Train,RWT511,32,2524367,0.25723009424292415,0.03536093702649344,0.47511132232048126,0.001246768903026968,0.5408235700991053,0.0031145111490381017,0.8902055229334309,0.10979447706656904,3.4310114179118965,0.00017920571334075822,0.28695787894549407,8.253738859262428e-05,0.26473004071028333,0.00013612877463926485,0.25617024827003604,0.0002632105727388794,0.2531297709923664,0.0004893550783985715,0.25058303176517893,0.0009130012053417704,0.484547927878767,0.25971048871312064,0.13969109445881311,0.07224625256813302,0.04380423638116631,0.11605048894929934,0.6063184570003267
RWTT_Train,RWT512,16,1393979,0.5878213890301318,0.015498084259420841,0.5033788457217379,0.0002595782805275282,0.5007088483469464,0.0001807976582187676,0.9723702331799318,0.027629766820068187,3.6809507173350533,7.50833932674521e-05,0.27094238865865267,3.850892312079759e-05,0.2586579398868908,8.321893083532268e-05,0.2557834827826229,0.00019996875414732653,0.25376180566672,0.00041220849366108527,0.2490143510487305,0.0006559541006614649,0.47195723100332615,0.29658291497554284,0.14387698681872335,0.05987579942634777,0.02770706777605985,0.08758286720240763,0.4627423440106525
RWTT_Train,RWT513,8,759278,0.32129744070074634,0.02826130516286364,0.46488211398867696,0.0007550328992234345,0.5358275603929606,0.0003306019621879819,0.9630068804272811,0.03699311957271887,3.7449471734990345,0.0002812703314088751,0.26758051728089055,0.00014053703217683757,0.2574371948338321,0.0002648438394412913,0.25478462038506394,0.0004994656627081101,0.25356446045324926,0.0010025855529797014,0.25451316957679787,0.0017543747512099234,0.47910084517756113,0.2737953139510906,0.1363986918847266,0.07232599946441548,0.03837914952220622,0.11070514898662169,0.5306411222300333
RWTT_Train,RWT514,16,1395196,0.29121237808796197,0.020457913455246945,0.4887385221214863,0.00031641975510204867,0.5149582555215214,0.00033315660800969926,0.9692253143930566,0.030774685606943415,3.680731596134163,0.001999346340293837,0.2713210186955811,0.0008501784300444228,0.25975707047492247,0.000789328413046577,0.25724600833926575,0.000797369306116504,0.25333069776635697,0.0007902261682417282,0.25780274656679153,0.0007629435098648918,0.1912117160765702,0.19804939653378978,0.1998396360909089,0.19782439781597919,0.21307485348275196,0.41089925129873117,1.0770908736998108
RWTT_Train,RWT515,16,1139082,0.446108465840263,0.025987392587288605,0.4609092127300013,0.00017926201664097974,0.5383743361518536,0.00013715627856258905,0.9879706291754791,0.01202937082452098,3.717511118602524,0.0002575974216596615,0.26875764870307844,0.00012526958691039925,0.2583516530180932,0.0002296092293810956,0.25451694883109327,0.0004110314897502192,0.24972677595628415,0.0005844319666735921,0.2446787348319077,0.0007486810158329356,0.35668066186666736,0.2784304346988955,0.1958203570168595,0.10938860499251601,0.0596799414250616,0.16906854641757763,0.5455773151979102
RWTT_Train,RWT516,16,1030211,0.29809019632205697,0.015667818611203962,0.4405316614314133,0.0013009967257402721,0.5453495557630196,0.00047930541308743857,0.8979659664021709,0.10203403359782909,3.7903672160363264,0.00039033596131263346,0.26435749569748335,0.00019379420267842535,0.2556105513615134,0.00034311088106628524,0.25335421035998507,0.0006082809159733213,0.25208368770199013,0.0009809587861115154,0.253936122357175,0.0013621929414018065,0.39049915688151005,0.281210955709294,0.17437558044475976,0.09835942156283352,0.055554885401602784,0.15391430696443628,0.5648150885689529
RWTT_Train,RWT517,32,1738180,0.38187111849236044,0.022455757197378412,0.4706661003610267,0.0001731625189832775,0.5287122300539456,0.0001430089062913198,0.9861157379107505,0.013884262089249524,3.5848979967552266,0.0008630732331811314,0.27692471435639576,0.00037472628159618596,0.2633038672885353,0.0003194657757044393,0.25936563042449107,0.0003436205473018537,0.25818325626673155,0.0005265664845377524,0.2591021562389537,0.0008448561032783928,0.3506739839833753,0.2185616772470992,0.14262640209771052,0.13260049359636347,0.1555374430754514,0.28813793667181486,1.1729778589581128
RWTT_Train,RWT518,32,3147853,0.4173715760364773,0.0283205847917804,0.4893820350394214,0.0005448608663632393,0.5200919522159002,0.000537202971271411,0.9631984229967592,0.03680157700324079,3.3218990848683214,0.00016052178614975988,0.29481332196897375,7.66378887967912e-05,0.26594643055335554,0.00014831896965100037,0.2558932927076327,0.0002836625281592949,0.2545126353790614,0.000487871223763053,0.2546970262535772,0.0008549302749847305,0.4617698124437341,0.2635117857977175,0.1532134213258181,0.08011088717008365,0.041394093262646585,0.12150498043273024,0.5167099594685884
RWTT_Train,RWT519,64,3343815,0.2772196263777574,0.029761907999554624,0.45119272940473576,0.0005206563559152222,0.5256122005553422,0.00017587207571551078,0.9771318388846257,0.022868161115374302,3.3632195561058253,0.0009165578337047694,0.293221664476055,0.00039617809958986117,0.2600596239185133,0.00048714662147540704,0.25233446935678067,0.0006155545600902328,0.24570647021339426,0.0006708730054577172,0.2537162375861851,0.000902462345325961,0.2937497712379319,0.21836788305192817,0.20036183464880358,0.15856529567008817,0.1289552153912482,0.2875205110613364,0.813262541757896
RWTT_Train,RWT520,16,1147144,0.2877227546795292,0.04429729679875104,0.5026924039963804,5.4070048802701276e-05,0.5009014149684421,7.238598099684745e-05,0.9971534140690996,0.002846585930900395,3.965805513518791,0.0007019553123955755,0.25261780561115255,0.0003081274068522289,0.2518556604978105,0.0004426582303414342,0.25272316229362196,0.0007512342744187101,0.2548116020601789,0.0013516083996209104,0.26595744680851063,0.0018051759010276642,0.38747623183580854,0.2901191675030632,0.16125044972734137,0.0950154181574008,0.06613873277638613,0.16115415093378693,0.6960842151620268
RWTT_Train,RWT521,32,2382739,0.5205243842006684,0.021006940142013375,0.5019607843134185,4.269917752708352e-13,0.5019607843134185,4.269917752708352e-13,0.9999999999593475,4.065244841627398e-11,3.495527625980017,0.0012909112171722718,0.2827573645288049,0.0005409445709911892,0.26136756627586133,0.0005346231337614875,0.25127631422032676,0.0006826841216296059,0.24466642560115712,0.0008448509213185328,0.24117864400517272,0.0010724696273993984,0.2917830253227316,0.22985560753527484,0.18573545885108372,0.14545302859038683,0.14717287970052295,0.2926259082909098,1.0118240996891128
RWTT_Train,RWT522,16,871608,0.40675681595761093,0.01955172119182283,0.4880516271526002,0.0003747920201784827,0.510540450258175,0.0002041729530130043,0.9712396801358074,0.02876031986419253,3.8028402676432527,0.001151331380603095,0.263658663068719,0.000518777024349615,0.25406536789566897,0.0005968112293131526,0.25067653204535334,0.0008023693164803457,0.2435091555069691,0.0009991309835371128,0.24494949494949494,0.001176590682486131,0.2874164326533759,0.24406674922404953,0.1960019997149917,0.14578846921872013,0.12672634918886283,0.27251481840758296,0.8692480953259807
RWTT_Train,RWT523,16,1478059,0.4968937236725092,0.014389203036289655,0.49646664121725853,9.57091131287835e-05,0.5026905518604197,3.719944917057738e-05,0.990847848716968,0.009152151283032036,3.6476608849849703,0.00011162962490666569,0.2726494679847016,5.752158213637604e-05,0.2601317147734943,0.00010736864665697923,0.2556972651219582,0.0002116137028595624,0.2476403656034322,0.00035382357147134704,0.26272973787285325,0.0006250466813455306,0.46116171350130947,0.261052317157537,0.1561293591720156,0.07921697778165994,0.042439632387478096,0.12165661016913805,0.5357391000758879
RWTT_Train,RWT524,16,1584431,0.5058657734234124,0.023587184121395544,0.4640621166767017,0.00018403576713663106,0.5196550130713443,0.0001233353658015579,0.9871363526265072,0.01286364737349281,3.7317030530202957,0.0006149446086295054,0.2672063346400064,0.00024892257551037904,0.25701159742069585,0.00020961931988432216,0.254018435636103,0.00027245131107602204,0.25043415340086833,0.0003656874820187738,0.2541173071366657,0.0005157466586358742,0.3198573005818496,0.22679315298808342,0.1689696664855921,0.13000233483885684,0.15437754510561805,0.2843798799444749,1.1874982499120132
RWTT_Train,RWT525,64,3542974,0.5071300795196939,0.03074233474237753,0.5043140383037654,0.00035494100869032374,0.48745450169444454,0.00030838430225213487,0.9788787973309182,0.021121202669081827,3.261931360489803,0.0014111997229879379,0.29950346799045097,0.0005966814369808667,0.26023882020444183,0.0007605403462109615,0.24694366788823385,0.001073631915808303,0.24578769081870575,0.00133542321232841,0.2461070341865044,0.001476220039657471,0.2815872004236116,0.2547303746313563,0.20479399908976076,0.14507215804253706,0.11381626781273424,0.25888842585527133,0.7845493535662564
RWTT_Train,RWT526,32,2330609,0.4255252169256389,0.011496458459412467,0.47253362979371305,0.000193478190403662,0.5134216512456954,1.9612580126060486e-05,0.9818019663827167,0.018198033617283362,3.583194778703764,0.00035481225149299795,0.27676886170095455,0.0001615032614859982,0.25595311918640706,0.00022270831426251728,0.24660205935796486,0.0002760505880700758,0.24976666502922829,0.000300635935187231,0.25007375356475564,0.00031806662832873777,0.24869069610043734,0.23506194405671724,0.2158390940502182,0.17413170942302286,0.12627655636960433,0.3004082657926272,0.7251784111464574
RWTT_Train,RWT527,16,1486056,0.4265007816215192,0.015780645887392725,0.37980527950969817,0.0013424777064485471,0.577770943337641,0.0008319896300751362,0.878894256504756,0.12110574349524396,3.742441738400168,0.00023756094854721953,0.2668365122175746,0.00010753373280972486,0.25689852572541066,0.00014124029480291997,0.2528934219438691,0.00023060444544390383,0.25044639391351603,0.0004307245419311488,0.24752014879107254,0.0006786052140684984,0.4271427576551533,0.27111620249303386,0.14515216905554712,0.08890260163556063,0.06768626916070514,0.15658887079626574,0.761353075337122
RWTT_Train,RWT528,16,932504,0.3230094043858829,0.02075561554121444,0.5150482280725817,0.0008799220209663727,0.5057827149603525,0.00030365394101228294,0.9460519790892753,0.05394802091072474,3.770488920154766,0.0023975085387818195,0.26572003980679976,0.0009831005961292315,0.2544181447625966,0.0008161740019828732,0.2495994670135309,0.0009053095244670327,0.2545916746107404,0.001023273948122392,0.2563654518222666,0.0011140148721877174,0.23007932784022242,0.211338455220137,0.1869750683558449,0.16856576197058265,0.20304138661321314,0.37160714858379573,1.2045232925097031
RWTT_Train,RWT53,16,1559362,0.41471116064286306,0.022722066434948923,0.46585714096096187,0.00042448418021867607,0.5343327523817979,0.0004501393241156393,0.9629344833286019,0.037065516671398124,3.7071481798325214,0.0006418417840204385,0.26898629054703144,0.00028687880657050696,0.2577178999969007,0.00035644356676402267,0.2550069843384305,0.0005003555825976605,0.25306537038380617,0.0007415917496290908,0.2510034403669725,0.000981573801249538,0.3423883441553726,0.25867883889276694,0.17453187849596793,0.12433310919037344,0.10006782926551906,0.2244009384558925,0.8048365388522501
RWTT_Train,RWT530,32,1673854,0.5377221240182561,0.013622703988335039,0.49744726386163185,0.00016044386584104786,0.5029554415140249,5.594085086069178e-05,0.9843642365972417,0.01563576340275829,3.646634652723595,0.00013547708638857905,0.2731731680301866,6.483917231638244e-05,0.2606811998635326,0.00011222192789977216,0.2547043969227413,0.00024697118339406823,0.24947299077733862,0.00046629713461024625,0.2508581991021917,0.0007074072762418429,0.4427558550127106,0.291848548153405,0.15457564707004598,0.07023806130805446,0.04058188845578391,0.11081994976383837,0.5777763181389266
RWTT_Train,RWT531,64,4229707,0.40583064561691834,0.015412146665080229,0.515444541717818,0.002489595165617753,0.5257805634689608,0.0007873241815088972,0.8246611497339509,0.17533885026604915,3.1142573232613984,0.0007724732395067729,0.31290417988763763,0.0003094330795954591,0.26302594724717093,0.0003214927110416115,0.25440302430532613,0.0003289007672499752,0.2534298393197909,0.0003786962248322984,0.22834610586348245,0.0011813580253718474,0.4688150414013929,0.15028338785561868,0.13052235097544848,0.1275825070810163,0.12279671268652365,0.25037921976753996,0.9624886318352907
RWTT_Train,RWT532,16,886943,0.4808215236105161,0.01296682565489482,0.5124241539494856,0.0004627656438496164,0.4921733907253886,0.0002651010142740995,0.9468504555278116,0.05314954447218844,3.7406259477779296,0.0006447504131985611,0.26763050162186297,0.0002947415086032445,0.25922493291149373,0.00034486992716785343,0.25748785204686914,0.00044809573240848426,0.25946730623579906,0.0005411114904571245,0.26660180004865,0.0006424077408390014,0.2828461931348171,0.23824638996008288,0.19729241105682951,0.1518430427047975,0.129771963143473,0.28161500584827054,0.8546454340734364
RWTT_Train,RWT533,16,1031528,0.4262943590479391,0.02175399488988153,0.49733920320893427,0.0009465269993348402,0.5210674003583651,0.003623494389845605,0.8263934598454331,0.1736065401545669,3.7384559604780483,0.0008554304049349518,0.2676117371511001,0.00037780074393212984,0.2595010306141301,0.00045230615996862697,0.2582955259300621,0.0006653502777752558,0.26190347511214396,0.0009483278756040154,0.26723070573669006,0.0014817360220334057,0.3774622507676251,0.2415801256555413,0.16949349254077228,0.11522194145184274,0.09624218958421858,0.21146413103606132,0.835276583361887
RWTT_Train,RWT534,64,4261394,0.4370882663094554,0.0172025710558055,0.4069482488943865,0.0006010875250425374,0.5564779027671128,0.0002229919154520532,0.9542854929891867,0.04571450701081325,2.9584427067762333,0.0003744053953756745,0.32244917977544435,0.00017481217350614572,0.270885383197376,0.00037621966679839613,0.2583505946767897,0.0006989442195811051,0.2507721264935578,0.001168299610398358,0.2461123781878499,0.0015575930877243863,0.39176169600342203,0.29384762966461386,0.17579660248423876,0.0946257760748757,0.043968295772849754,0.13859407184772546,0.46465453279937613
RWTT_Train,RWT536,16,1564706,0.41781690999618837,0.007483555546842657,0.39252687214834486,0.0006312530071033162,0.583176833357616,0.00035513200388243016,0.8835428649999116,0.11645713500008839,3.6479210791036785,0.00019892140318820625,0.27288129527208305,9.048983273205948e-05,0.2609144712035018,0.00012731825587478915,0.2554104393878192,0.0002165999309655462,0.25381317213748505,0.00034248518570068076,0.2539462752700083,0.0004656619239374061,0.37476158038419366,0.27562977098512764,0.17431816574864858,0.10246487490312566,0.07282560797890443,0.17529048288203009,0.7107372945876003
RWTT_Train,RWT537,32,1821113,0.17092818730342388,0.006021537920278482,0.47454836589858074,0.0005232007297835406,0.5171234133105382,0.0004362942424930294,0.8625568756022011,0.1374431243977989,3.819144665926826,0.00015086447309080908,0.2618096735348108,7.303588842460531e-05,0.25316861897920445,0.0001413699105999936,0.25117847349366645,0.00022098559233157773,0.24453313103994195,0.0002509193629178833,0.25789047747504723,0.00024450444737337835,0.26267775487619127,0.2695694725159024,0.23741081144834986,0.1518775266559729,0.07846443450358352,0.2303419611595564,0.5166296570085588
RWTT_Train,RWT538,64,3603224,0.26104561938271553,0.008486581409314048,0.48513134695102367,0.00012117096849345588,0.5076683664896943,0.00011114143455615011,0.9733552893234942,0.026644710676505774,3.2027162341281032,0.0004923216335695193,0.30304499525980066,0.0002057554457568733,0.2635357835923069,0.00025962487902237374,0.23489653015481382,0.0004978584348282403,0.2231230120571048,0.0006192120063443194,0.23034080360694867,0.0005875846520911906,0.2707719179169398,0.2853464976635005,0.22942410556470266,0.11964084865329581,0.09481663020156127,0.2144574788548571,0.792510511826341
RWTT_Train,RWT539,64,3792252,0.3941106769069069,0.024466754427642123,0.426414478958369,0.0008753379658717753,0.4734441834189275,0.0006053742580374166,0.9429342276919098,0.057065772308090235,3.10311920199396,0.000186073349832652,0.3106127968289027,8.971137713161872e-05,0.2693455084462299,0.00020073766741841514,0.26150762131699384,0.00034283172888714973,0.2594976376434288,0.0005264393461608549,0.24366000928936368,0.0011387354448896432,0.49543504885788975,0.22904047147772313,0.14915743170504397,0.08733589220514641,0.03903115575419666,0.1263670479593431,0.4469085363267942
RWTT_Train,RWT54,32,1629779,0.5095870472008754,0.04709996071831457,0.45731103720559596,0.0004295458343930303,0.5270360357002142,0.00031935372733304934,0.984348643680475,0.01565135631952493,3.5875367151006365,0.002680813106539062,0.27714493805601864,0.0011223512942028285,0.2629177413462922,0.000942458739441795,0.2570228030583718,0.0010149142541314754,0.2598040821675458,0.0012688228624470584,0.26519546027742746,0.0016955780989840064,0.2805332499035197,0.20992663290912045,0.1679174756123074,0.15592971697027982,0.18569292460477263,0.34162264157505245,1.190875788225574
RWTT_Train,RWT540,4,252242,0.18352705364949876,0.0035762894941386014,0.4846352231152193,5.8366914562318906e-05,0.5064400181835397,4.344142392720407e-05,0.9723203832191768,0.027679616780823226,3.9109823106381967,0.00011533393095928289,0.25579007461088954,5.730700895785854e-05,0.25112753987073977,9.250800020185579e-05,0.2479787693636981,0.000136935215772753,0.2376804380288701,0.00021386572094788474,0.20837696335078534,0.00028882661295938513,0.3658614673420706,0.2709072605133024,0.173458111979686,0.11718142018821107,0.07259173997672996,0.18977316016494103,0.619481653833318
RWTT_Train,RWT542,32,2640885,0.37238699751385007,0.011647083021470078,0.3355187257480198,0.003938753403312956,0.5919990321129235,0.0010053992259910216,0.7020021453873262,0.2979978546126738,3.64748711132821,0.0002301886089358988,0.2725158422271322,0.00011013929933191219,0.25735914284483585,0.0003044498007313095,0.2534324603033199,0.0007332034639539127,0.2510012782275245,0.0010219462491397767,0.2580207095569513,0.0008124574563082315,0.272435944148621,0.34268242489722617,0.2458602310858007,0.10208912265385961,0.036932277214492555,0.13902139986835216,0.36176505639796763
RWTT_Train,RWT543,8,717036,0.4934360678473559,0.006801214007535222,0.4144548842023248,0.00017262454316685494,0.556018353540559,6.629634117699679e-05,0.9660630246418359,0.033936975358164145,3.8879331023825863,0.0010524674694605898,0.2579340507310651,0.00046952865233127264,0.25241148863464324,0.000505317088135703,0.22087269455690509,0.0007244327209103663,0.19018523906507614,0.0005453910755614559,0.1922488526262111,0.0003467573917406735,0.1338094421660474,0.21045975463385883,0.27954973875320493,0.19499569235131797,0.18118537209557098,0.376181064446889,0.929176280310514
RWTT_Train,RWT544,32,2205729,0.535994852943112,0.034059317083603324,0.519855905563241,0.004097973238864405,0.48978692721403183,0.0011954920337818586,0.8654868866773886,0.13451311332261143,3.4657766207906775,0.00024198522008204057,0.28511299438870324,0.00012440033690661238,0.26528188117961715,0.0003055862320009688,0.2616659973266359,0.000752844770210491,0.22105648966875888,0.0025364994634695516,0.21398963730569948,0.003736267200117669,0.5011358175108086,0.3402140864554624,0.10097711410101755,0.04098748777631058,0.016685494156400762,0.05767298193271134,0.40708750552026834
RWTT_Train,RWT545,32,2924012,0.5147366343856166,0.028872660612374534,0.5200204933044509,0.0019835395999855954,0.4916237941928317,0.0003412982805318654,0.9254799906137618,0.07452000938623811,3.4449304585617297,0.00014291100032122434,0.286472832532835,6.336501324509555e-05,0.2625464095982809,0.00010650102117991481,0.2596920726439374,0.00019322101249621856,0.22359574170051827,0.0011985368155723309,0.1941268598277212,0.0026084451362179376,0.6255160614905692,0.2874141449320538,0.04633520753635529,0.025539390646251266,0.015195195394770347,0.04073458604102161,0.5949709452837214
RWTT_Train,RWT546,32,2432933,0.4317842875890347,0.0019900437204871946,0.4449752392381965,0.00014437831369332188,0.520237873674997,0.00013378624679016848,0.8773637488156735,0.12263625118432651,3.6187770070117016,0.0001388951681113336,0.2746006569025945,6.2217903844892e-05,0.2586736717633235,8.442043948065041e-05,0.25302634015368947,8.75462280701635e-05,0.24975415647083038,7.337394657740252e-05,0.2472301071330464,6.501139201655339e-05,0.17449447814601385,0.1969400765065502,0.23497933065124008,0.22658952646764452,0.16699658822855137,0.39358611469619587,0.7370004731988237
RWTT_Train,RWT547,64,3867273,0.1794091111250337,0.02353837915042388,0.45756211840878475,0.006152492628486245,0.5145847465713725,0.0006807460035119783,0.7750123592048813,0.22498764079511868,3.0876780615177672,0.00016775951582366757,0.31194539408001454,7.580028856368151e-05,0.2691527862742855,0.00014951852340981095,0.25627656298121343,0.0003160044539555706,0.2539146527585834,0.0006165686924247643,0.25415305977566377,0.0009369857639322511,0.44727468050485836,0.2943220436522286,0.15084625254915798,0.07137338939603873,0.03618363389771642,0.10755702329375516,0.5069625276857684
RWTT_Train,RWT548,16,956796,0.25492552220649006,0.03238353131665976,0.4534244900525346,0.0019486269193576267,0.5493017972359837,0.0017134260855370953,0.8984049482392523,0.10159505176074766,3.8842658205092833,0.0067505956674364315,0.25635140615136354,0.002926910597428628,0.23794419347999804,0.002949207639330015,0.23403927212912512,0.0029455778857762466,0.2370598140420236,0.0026021399330892424,0.24058060531192094,0.0019488082654243973,0.1457309578149009,0.19458679006316473,0.22026891728062414,0.22054034852986892,0.21887298631144128,0.4394133348413102,0.9924396500253023
RWTT_Train,RWT549,32,2218139,0.5782338817713248,0.01403628128724943,0.4110806727426941,0.00052307705598309,0.5627714301785068,0.0001763926654365089,0.9525324687551994,0.04746753124480058,3.4802841481079407,0.00029080079809352754,0.2837283867241864,0.0001332488937608917,0.2647020969287311,0.00019144396759328782,0.25891710186685873,0.00029765818074578847,0.2594533188046275,0.0004479078353441957,0.25332856759896344,0.0006567409252874877,0.3802785178369444,0.25935604314240535,0.17235565416682325,0.11085349708232434,0.0771562877715027,0.18800978485382702,0.6960203313586336
RWTT_Train,RWT55,32,1954713,0.4130382696369992,0.011939987439225475,0.4903558195349456,0.0006782662007380202,0.49760537751881456,0.00010921757667983756,0.9381272395738685,0.06187276042613154,3.684040572708116,0.0006738171451670361,0.27104797481778653,0.0002933225076979293,0.25930644500689853,0.00026471486923771456,0.25737702531553436,0.00023847901315129545,0.2546097285067873,0.0003085486379988922,0.2500277685216039,0.0005454046148610147,0.330454193563486,0.1869459637245985,0.14449160829489774,0.16038760262507887,0.1777206317919389,0.33810823441701776,1.1080696318366803
RWTT_Train,RWT550,64,4972824,0.3923924680040774,0.02560576053576244,0.4753755122114395,0.00020526334563769622,0.5218809968883094,0.00013099599772342652,0.9870380431081343,0.012961956891865703,2.724165584786431,5.123164909758744e-05,0.3450805819791732,2.2746803491681472e-05,0.2734843606590813,5.0987481663472573e-05,0.2605890399867038,0.00010577633344074145,0.25470988421534635,0.0002325918688156507,0.24853932584269664,0.00042550864595455645,0.5080026148226654,0.27768478659176266,0.1262833422660689,0.060872497549751395,0.02715675876975158,0.08802925631950297,0.4461252595649822
RWTT_Train,RWT551,64,3439113,0.5071319082200884,0.031880832629208045,0.4590050669791147,0.0003982591095949839,0.5391931612370777,0.00028989646908644806,0.9788708333741012,0.021129166625898862,3.1953785758130078,0.0013259170687814456,0.30309239620797573,0.0005654027117744725,0.26660232604768563,0.0007208462254700014,0.2538233452561731,0.000989824491455726,0.24446744261876746,0.0013099415294759833,0.24866620273718396,0.001486945900847582,0.29311203893927307,0.25822031075715157,0.19511770718574137,0.14209575936068236,0.11145418375715163,0.253549943117834,0.784359675887631
RWTT_Train,RWT552,32,1886458,0.5333435877244002,0.0043907130394708616,0.45368412859409596,4.140943506025785e-05,0.5401029330206618,2.8832178422200094e-05,0.9842541296769391,0.01574587032306086,3.856928699181217,0.0001304190671783834,0.2595525582864819,5.989821200187552e-05,0.25314366824267054,8.052687220659725e-05,0.2525817278213444,0.00010826403018436409,0.21761906282939916,0.00023595182519658503,0.16145603992367533,0.000515385742182789,0.5153719911447174,0.23594552975170602,0.10826114158524501,0.0805247236642631,0.05989661385406846,0.14042133751833155,0.7438288655767298
RWTT_Train,RWT553,32,1821617,0.5462298679987931,0.006124544160384382,0.43403823500820293,0.00010571356320615566,0.5440093257735653,0.00020746521983222577,0.9513525534120186,0.048647446587981424,3.6707683338484434,0.00010689489429460069,0.27194849411264826,4.9127850345332484e-05,0.25985191345738473,6.640776593726484e-05,0.25658175829468566,0.0001025847528934282,0.21081473856308092,0.0004537963965278298,0.20910527071664511,0.0005643257026557301,0.4564846436674791,0.3670771779341868,0.08298109433948796,0.05371742812345195,0.03973965593539429,0.09345708405884624,0.7397907406152373
RWTT_Train,RWT554,32,1912278,0.7153253343915691,0.00758973467358548,0.4803131035052887,0.0001279113626483641,0.5138708328218111,7.026663714726489e-05,0.9745531302022689,0.0254468697977311,3.8980326082295567,0.00043328332690541254,0.2568721702597635,0.00019069949216018163,0.250782250397487,0.0002120333370506672,0.25120345491001483,0.0002625230905170178,0.2578768783325254,0.00030518165432617215,0.23659147869674185,0.00039925964764721326,0.2914948218638475,0.22280957389043757,0.19166505294575048,0.15480307157760614,0.13922747972235835,0.29403055129996447,0.8993844779918374
RWTT_Train,RWT555,16,1542681,0.5136393742764831,0.005304308198562369,0.44413645082450964,0.00017523965861196422,0.5763184934582215,0.00023632032719039797,0.9279969424543153,0.07200305754568473,3.8163288456913644,0.0001946025932878511,0.2617423822553075,8.735307565672309e-05,0.25440271431578687,9.939752454002303e-05,0.25246291032280677,0.00013934613526297423,0.2536824246163338,0.0001863007390927041,0.2611339109287126,0.0002842302801692448,0.35679183719697405,0.2338617227286978,0.17492001055331025,0.12477286154152532,0.10965356797949256,0.23442642952101786,0.8788254643258226
RWTT_Train,RWT556,32,2089552,0.3951081515869275,0.004962230832053577,0.46622190602613367,0.00036333612684147365,0.5354384638636186,0.00022173114779799885,0.8945311278776303,0.10546887212236965,3.711447238451113,0.0003069807742735995,0.26867816642036185,0.0001345548643519721,0.2569124198234111,0.00014864624880799122,0.2552223801435158,0.00018631015283412244,0.25516136042594806,0.00022852118618486755,0.2581709783881614,0.00028083879030047735,0.2869006444495469,0.23345377437591802,0.19033162355674926,0.15185475102065302,0.13745920659713276,0.2893139576177858,0.90520188320244
RWTT_Train,RWT557,32,2163533,0.4691249604543986,0.015919958039370213,0.46817884984474,0.00019962962569811116,0.5259255104081125,0.00010631520289827723,0.9811446653486143,0.018855334651385645,3.561825957819918,0.0012060998260203831,0.2784205279050516,0.000503102999831252,0.262127057698565,0.0004923094237854192,0.25747001228641275,0.0006084519876677211,0.2549564618487726,0.0007276903459737827,0.2540279787747226,0.0008110471771477655,0.25808142236158876,0.23155664037715332,0.1936140816965224,0.15665662850757536,0.1600912270571601,0.3167478555647355,1.0219243742336677
RWTT_Train,RWT558,16,1279826,0.6392526854124873,0.00852153344686668,0.40891386975300753,0.00032722112189817465,0.5648131220686861,0.00016941227834421646,0.9449296726638413,0.055070327336158735,3.6625775691383047,0.0003071796370326712,0.2726480005875799,0.0001431899585537596,0.2600231557106912,0.0001901076108375152,0.2547143817574642,0.0002697976444801299,0.25083293669681106,0.00038848287248776167,0.24633431085043989,0.0005078012605503134,0.3386743065368969,0.2590957873926318,0.17993954967849646,0.12679086932160627,0.09549948707036861,0.22229035639197486,0.7532047660950509
RWTT_Train,RWT559,32,1848291,0.7052368169362968,0.00515679191443319,0.4575907081091629,0.00020887770141522766,0.5311104374687948,8.299813737583372e-05,0.9464317055084991,0.053568294491500926,3.891645850139399,0.0003818882995443825,0.25729011286642633,0.0001649599627979483,0.25209916159706613,0.00016567821406960766,0.25085707136005336,0.00021688220503145866,0.25729866329720025,0.00023631039412315254,0.2678986818299302,0.00024300960625704888,0.23665762512928745,0.2301335224064996,0.2112131629942896,0.1613475832552102,0.16064810621471332,0.3219956894699235,0.9956647814216685
RWTT_Train,RWT56,32,1664166,0.5453582813253036,0.022724859951851695,0.47036474081477864,0.000682874649453602,0.5226053107494094,0.00043728512694113375,0.9530233235635442,0.046976676436455714,3.6453190366826385,0.0008061282452027581,0.27403756596397233,0.00036808257543262895,0.25906710755979684,0.0005260356338758009,0.2555905405176646,0.0008131427996492785,0.25631685266748355,0.001106172384648827,0.25503875968992246,0.0013132754402540333,0.3182379695602255,0.2680519583965884,0.19704389923933088,0.12747098354978692,0.0891951892540683,0.21666617280385522,0.6997293562046686
RWTT_Train,RWT560,16,1421235,0.7487547222130441,0.0048384035614215115,0.4748214676366427,0.00017923866422583923,0.5175649295015704,8.37465749307098e-05,0.9484483050719935,0.05155169492800647,3.894062558267985,0.00018409719870625984,0.2565557420131083,8.612423664478063e-05,0.25018512119267416,0.00010123288835293105,0.24720468297816364,0.0001503999496037338,0.2565296439182298,0.0001523203453389465,0.23509075194468454,0.0003093518737013992,0.38696589699903317,0.19053635706173946,0.1881341486982401,0.12663144715621535,0.1077321500847719,0.23436359724098726,0.8507535253219615
RWTT_Train,RWT561,32,1788960,0.6123235613375115,0.01038458570852957,0.45506451633416606,0.00016384608466976647,0.5308792762845169,9.461014571254811e-05,0.9757159436309861,0.024284056369013842,3.571627090600125,0.0002865484931613523,0.2781828548430373,0.00012663387285487545,0.2623247290307802,0.0001500801272733646,0.25823451910408435,0.00022489073247361952,0.25507237778832464,0.0003627090995296001,0.2588673101523433,0.0005488939623905696,0.3884028693573791,0.2566565942641679,0.1591349363804502,0.10619820231328699,0.08960739768471568,0.19580559999800268,0.8437750897173563
RWTT_Train,RWT562,32,2240554,0.41437589698192184,0.006975960152505345,0.4513469318222593,0.0004796744065819203,0.5296358213456611,0.00029812350920838115,0.8996876212877158,0.10031237871228411,3.7661640826331344,0.0018968229790022116,0.26605651994997664,0.000787248183372524,0.24890876577298973,0.0005251885318686738,0.24050061329846742,0.0004282680387505734,0.22757461118116856,0.0003479569490621059,0.22595739440955548,0.0003170267547896428,0.1317821323688057,0.14463923951899305,0.17802306751493358,0.21831111595366648,0.32724444464360114,0.5455555605972676,1.498982052352544
RWTT_Train,RWT563,32,2563825,0.3262087349268165,0.012747769436655274,0.4804502802523593,0.0007486958342580174,0.5247417660445407,0.0007534534359919798,0.8945854147559396,0.10541458524406044,3.679550671360175,0.0035211937222923077,0.2702169609860267,0.0014594585462443413,0.24631020411698223,0.0010778615626065508,0.2411378273685691,0.0008148581803588752,0.23775153105861768,0.0006048604129935873,0.22794643769804762,0.0004968850755986382,0.11156119870642478,0.13580394348196173,0.1829528795306432,0.24200269613470454,0.32767928214626585,0.5696819782809703,1.3540315351026984
RWTT_Train,RWT564,16,936811,0.32939660079988864,0.008681635509737079,0.48682791550545207,0.00019340551848273657,0.5167472524400014,0.00013266710053494446,0.9638007121948391,0.036199287805160914,3.945352904694757,0.003112635138844022,0.2546778378989999,0.0012631464800438364,0.24325921579311358,0.0007170356069114704,0.23612116199731212,0.0004848261099509392,0.23467600700525393,0.00036764205916430155,0.23445273631840796,0.0003209645466772717,0.10177671236119507,0.1165779849980303,0.15373662932089827,0.22736943214710317,0.40053924117277323,0.6279086733198764,1.761623087986748
RWTT_Train,RWT565,32,1793427,0.5273318133491047,0.02626303353569842,0.45202509413876735,0.0007335708448097944,0.525867026250142,0.00024189652436690245,0.9641879201581866,0.0358120798418135,3.84248815257047,0.0064613199405333934,0.26002619565781043,0.0026298944038951567,0.24644571105078292,0.0016327629170029999,0.2433892818919836,0.0012283605273644665,0.23544973544973544,0.0011329948632290243,0.2351958700273307,0.0012480625688770846,0.1585430174924121,0.14392581662099582,0.15604024143769743,0.2074120049480168,0.334078919500878,0.5414909244488948,1.6107019436247552
RWTT_Train,RWT566,32,1854991,0.28094414918818833,0.00894559616806409,0.4865815706438406,0.00016645739415194205,0.5095592578432967,0.0001959562457258257,0.9610643255265432,0.03893567447345685,3.8147322547656564,0.0027752169681137476,0.26177862857555645,0.0011450121282001848,0.24553899632823104,0.0007411115431516601,0.2400342187146176,0.0005100241308598852,0.23095737246680642,0.00041953806479453606,0.23207261724659606,0.0003028260186612757,0.09710593698649748,0.13453149456402688,0.16354727817582473,0.23764910005883125,0.3671661902148198,0.604815290273651,1.5449929754580425
RWTT_Train,RWT567,32,2602752,0.39529371034816396,0.019555504440802174,0.4703380564442148,0.0009580856434462104,0.5133812572909199,0.000515695286173512,0.9299176884207095,0.07008231157929048,3.6038800469656733,0.005539419475572235,0.27912801526999115,0.002220243042677625,0.26311044306890147,0.0016474663054339834,0.26898770599006017,0.0012929880400427624,0.27269191123558356,0.0010408710282518794,0.2701661793024749,0.0008413651076749919,0.1194623099590804,0.14778941540381244,0.18358657448941829,0.23391762818731088,0.31524407196037785,0.5491617001476887,1.3476712909723263
RWTT_Train,RWT568,16,1302632,0.35585140335779575,0.009065251826088166,0.4808394852581831,0.000261978141537611,0.5248687728637701,0.0002674536055440324,0.9448203014675621,0.05517969853243782,3.8759849289745683,0.0031049384574230333,0.2578041994976325,0.0013091024681343693,0.2454202201152985,0.0008428000476645861,0.24306583513310198,0.0005556673185357719,0.24100234612888732,0.00037431727002113885,0.23218724109362054,0.0002945335653166306,0.08723248496911953,0.11086215452455649,0.16457289327922223,0.2496134605603914,0.38771900666671033,0.6373324672271017,1.55327763893929
RWTT_Train,RWT57,32,2216883,0.44042729067402175,0.020115854648376175,0.4769870422588711,0.0017103194061209859,0.5060415403634128,0.00046494159145177294,0.9024157860861451,0.09758421391385491,3.503328772876151,0.00021461204580649167,0.2827027858484187,9.086420459786202e-05,0.26381041583229486,0.00010200822079800499,0.25841473372244234,0.00016454848115745167,0.25792861322410765,0.000290302357939558,0.26098003629764066,0.00047697021123569756,0.4240890709592826,0.25811686846631765,0.14630517977430027,0.09069868635267424,0.0807901944474252,0.17148888080009944,0.8907537440319623
RWTT_Train,RWT58,64,5661730,0.25524585742187744,0.017810242899257214,0.4748167239986225,0.0009123548918792412,0.5472993489123523,0.0007787328171946495,0.9132834705980808,0.08671652940191918,2.702618104360328,0.00027800288155600806,0.3587905110275481,0.00011283028244660334,0.26220614116054397,0.00016640560526997615,0.2544387474443291,0.00022624874919887679,0.25021398423895397,0.00029670980817324277,0.24096136832792686,0.0007953437670155397,0.49785586409725513,0.18572939659604373,0.1416233724393155,0.10416377148862732,0.07062759537875844,0.17479136686738575,0.6780437609871837
RWTT_Train,RWT59,32,1899428,0.3770545804068059,0.03861432077855975,0.4198985271231537,0.004293371175476901,0.5083265544462949,0.0009117795063582901,0.8812137502265465,0.1187862497734535,3.673758626281175,0.00499981127691684,0.2745136957020745,0.0020040226608640053,0.2630072935585393,0.0014941680787556614,0.2640789867067239,0.001357838959110011,0.26447604583736023,0.0013366749750686581,0.24879933180204636,0.0016657095444108832,0.21196509857563428,0.17009474659294055,0.1727879087823696,0.19013608054579662,0.2550161655032589,0.4451522460490555,1.341229738044564
RWTT_Train,RWT6,16,1155246,0.37388078272980824,0.026694572238377234,0.48952492398783193,0.00040800325628762013,0.5073183990928549,0.00031429379004765945,0.9736550136766334,0.02634498632336655,3.747999993075068,0.0007151216497565914,0.26700893143105453,0.00032715005526346254,0.2570179050187868,0.0004417542809142659,0.254313824419778,0.0006164306511846377,0.2433290348179744,0.0008486262600453678,0.2472482674276396,0.001035970302123524,0.3168171218360915,0.2595241665431858,0.18851484865883583,0.13509588021119004,0.10004798275069679,0.2351438629618868,0.7405701979534516
RWTT_Train,RWT60,16,1534262,0.375142249071578,0.009740436123876789,0.44280770386097934,0.00016870005090247053,0.5470925698683565,9.381139376124503e-05,0.9737565909583171,0.02624340904168287,3.707163444053232,0.0002344306820168055,0.2696032359531814,0.00010402097943723293,0.2576696757099134,0.0001258799586444489,0.2536051715564396,0.00020908597646588102,0.25112837587865333,0.00031709237403529356,0.2607542722451385,0.000417152468328861,0.355558452855833,0.2702725801336742,0.17821370350241397,0.10729334413500795,0.08866191937307084,0.1959552635080788,0.8263506006626743
RWTT_Train,RWT61,32,2890538,0.5520886280197083,0.049594019148187396,0.44879291842123026,0.00244191592862833,0.5364828622486105,0.0014341028200098305,0.9275104544321209,0.07248954556787914,3.7120923509741095,0.001046497089288305,0.2697722707675872,0.0004510524666601943,0.25372056728311704,0.0004046987358835471,0.25249181189600095,0.0004944098398739575,0.24101691522370133,0.0009026464739223739,0.23978405315614618,0.0014767625335619095,0.39596052998139036,0.2420242713891636,0.13256483542572184,0.10851082845170935,0.12093953475201477,0.22945036320372414,1.1145388573439614
RWTT_Train,RWT62,16,1298061,0.42994078681851294,0.01455645760707347,0.5063847923699631,0.00033611905321090374,0.500251246901284,0.0002041735801913691,0.9642113286107298,0.03578867138927024,3.7325349116875093,0.00036581426279440544,0.26763996453171307,0.00015785065186417238,0.25850212859046723,0.00015948505056690755,0.25317625574843833,0.00023384187418688503,0.26006069402295817,0.0003444183969025927,0.26095044816506,0.0005220274210407631,0.3682412571939128,0.24295479195951888,0.16495345314137302,0.11250170615042629,0.11134879155476887,0.22385049770519516,0.9897520256793629
RWTT_Train,RWT63,16,1089581,0.5216364044565454,0.013535585305647746,0.4657661979004006,8.942700597514008e-05,0.5235558908226101,2.7355610368706706e-05,0.9914459808722463,0.008554019127753675,3.7375119426641983,0.00010658805271372587,0.26780569778658037,5.286168887083332e-05,0.2573510260593017,9.970563809034064e-05,0.2531627027458918,0.00020234043190929616,0.24780390300352428,0.000299124712507068,0.24899172150286564,0.00039677435565636863,0.37759019588437237,0.2846619424346546,0.19255721099608653,0.09488484041522449,0.05030581026966208,0.14519065068488654,0.5301775294084848
RWTT_Train,RWT64,16,1348356,0.5056486554956339,0.01950798570145934,0.4809078526710819,3.6337154445009734e-05,0.5160322648743719,3.50763483930594e-05,0.9963526203182784,0.0036473796817215335,3.752221223475106,0.0012605556846403783,0.26246480899703045,0.0006560080654954227,0.2467363293170875,0.0011520099513192905,0.24719705905931127,0.0010684972432239792,0.2534167245772527,0.0010398857490328108,0.2502742230347349,0.0008424839897172593,0.1770339039358357,0.21851457837234645,0.22452680480741488,0.24207560208168544,0.13784911080271758,0.37992471288440305,0.5694465266937645
RWTT_Train,RWT66,16,1076073,0.41637296404723495,0.022755928482023624,0.48973284786437243,0.00020292391263551646,0.5095352810289853,0.00020152377842974634,0.9825370845429009,0.017462915457099062,3.7027766703560077,0.000242921068634793,0.26955977893693084,0.00011504947835058807,0.2610302482883206,0.00019111266423976455,0.25585081092503564,0.00036586420433257173,0.25629774932892835,0.0006299356298059003,0.2610271903323263,0.0009621888798124638,0.4249667715526258,0.27822158050377815,0.16159002977896317,0.08440809661053585,0.05081352155409705,0.1352216181646329,0.6019981920520465
RWTT_Train,RWT67,16,889956,0.4518079371846575,0.019292194278831692,0.4978728496072422,0.0003813043694085305,0.5018262603200395,0.00020692498092872436,0.9704116289818798,0.02958837101812022,3.8036397305035305,0.001794863041967779,0.2627736652149095,0.000773896142097261,0.25500198839461724,0.0007187719479658641,0.25292618304993797,0.000780981817496227,0.2518729695683882,0.0008843248232461699,0.27744143195577786,0.0008612780812460557,0.2142881081437689,0.22002219432292372,0.19431019993429685,0.17883223115765537,0.1925472664413551,0.37137949759901046,1.0766921890697032
RWTT_Train,RWT68,8,695498,0.4097477893143258,0.01702390900638448,0.5056923310416669,0.00017631173562915325,0.4948021252595302,5.083158773785956e-05,0.9868330743524975,0.013166925647502508,3.808680973920845,0.0005825179529813132,0.2628447529683766,0.000252520704264674,0.25845149008796114,0.0002536610456588859,0.2573496729951108,0.0003618528424023515,0.257669216218439,0.0005730504868280506,0.26524098308330674,0.0007665827076595448,0.34723644211252064,0.2595727900053194,0.16390728920524814,0.11490000767960382,0.11438347099730804,0.22928347867691187,0.9955044678174773
RWTT_Train,RWT69,16,1006398,0.46546858008737335,0.0630697490622292,0.4662141326967938,0.0006188733117579726,0.5246549535366246,0.0004307116111473275,0.9836307575629429,0.01636924243705708,3.7744331765365193,0.0003264884768876217,0.26469448468697276,0.00012055472213371773,0.24100935477574065,0.00019591514193127593,0.25288931808977916,0.0006652919656126466,0.24907612712490762,0.0013681070328226792,0.24282888229475766,0.0024577136586794303,0.5112161149292812,0.28457276121533,0.13838388892581885,0.04075128010141771,0.025075954828152253,0.06582723492956996,0.6153415246280786
RWTT_Train,RWT7,16,801064,0.46801870787346506,0.011802595162912766,0.4811125474981675,0.00018039093483190882,0.5168206700284214,6.415608595433664e-05,0.979700827212188,0.02029917278781204,3.883759599732356,0.0007475986888863397,0.25881452667951627,0.00032229139391501193,0.25507049250700586,0.00033755412362435625,0.2549023315621277,0.0004595267574150871,0.25229970326409495,0.0004791975080380272,0.25139664804469275,0.0005373830733571739,0.25158938867010466,0.224348354231458,0.21513899805842085,0.15803444473078695,0.15088881430922965,0.3089232590400166,0.954784348224022
RWTT_Train,RWT70,32,1870506,0.4067985661361235,0.04181379901516538,0.4954672706931991,0.0007345677514545845,0.510735481065142,0.000699850966525084,0.966832882528698,0.03316711747130201,3.659572329626315,0.001061873225407724,0.27184462386113706,0.00048807025281844614,0.2570291865868744,0.0006905408639440201,0.25015302687151864,0.0010628755935106092,0.2499235333700373,0.0015048922202161442,0.2514992045037327,0.001627055732813518,0.3027962252756715,0.28006150898114285,0.19780190141128864,0.1285101442956012,0.09083022003629569,0.21934036433189688,0.7067941642596439
RWTT_Train,RWT71,32,2201034,0.3175961688006472,0.029670312604912485,0.5103417406955962,0.00014921815893609303,0.4710462408300559,0.0006205083427161251,0.9747133537195023,0.025286646280497673,3.551277263322602,0.00026257604961867434,0.27912926379147257,0.00012299757597012908,0.2626189627473864,0.0001900048960214259,0.2563001251967821,0.00037351321239101326,0.25021159287113387,0.0007098485660342512,0.24644824586836764,0.00097621326678591,0.4114568479671282,0.2991887771368428,0.1574292977501471,0.08008374632388907,0.05184133082199283,0.1319250771458819,0.6473389820242277
RWTT_Train,RWT72,16,1065654,0.5029278775765929,0.013223152872559929,0.4424747686746429,0.00020976379163289982,0.530139193716893,6.549693614471552e-05,0.979607920165468,0.020392079834531972,3.715930311339328,3.791114745556795e-05,0.26893062851544686,1.8764088904076716e-05,0.25927205351254595,3.860129123688088e-05,0.2570790267011197,8.505678572971487e-05,0.24725159669144592,0.00016415230445042286,0.24857082362904934,0.0003261518627289554,0.5154706635280117,0.2594364986504171,0.13442902766461373,0.061007878478526026,0.029655931678431367,0.0906638101569574,0.4861000319634105
RWTT_Train,RWT73,16,1288297,0.3948636737141846,0.009325979895371983,0.5032424632596765,0.00020421884010274338,0.5024346716815913,0.00012148556643043484,0.9662541379985992,0.033745862001400825,3.6840480106683473,0.0002777354289988684,0.2707108686894404,0.00012571627936715346,0.25977187489247494,0.00017254399072982835,0.2563550669448216,0.0003001960225445434,0.2585575888051668,0.0005155893871733685,0.24063280599500417,0.0007369046251199526,0.3981223175766957,0.2785538789446415,0.16218480947013342,0.09321913736409143,0.06791985664443795,0.16113899400852938,0.7286042175992189
RWTT_Train,RWT74,32,1815332,0.47823752600669545,0.02013031654889938,0.430983443326705,0.0004529231755856511,0.5475206891556252,0.00019534559118788986,0.9688011114844973,0.0311988885155027,3.5898017552712123,0.0005591287073708715,0.2770529027197229,0.0002481617948269454,0.2616519168176115,0.0003113354264639465,0.25385270068999055,0.00045989083814260156,0.24794947015506197,0.000759789323165312,0.23155861402873354,0.0011496538101978253,0.39252989828343915,0.2594172463862001,0.15702196810580574,0.10630022898884248,0.08473065823571246,0.19103088722455494,0.7970882004836133
RWTT_Train,RWT75,32,1684271,0.36443797148472723,0.014664709301146384,0.46353693838404836,0.0003457102611400531,0.5372851736576436,0.0001276892532109386,0.9687279619851618,0.03127203801483824,3.5938955191890143,0.0014444903717631607,0.276353983414783,0.0006978131980179091,0.26221654080415935,0.0010159696662682181,0.2581319131503482,0.0010095992807064656,0.256340263450246,0.000665239681720934,0.2547052996532937,0.0005650661986845879,0.14292129147637764,0.168258010608702,0.25535633419250486,0.2569675856419945,0.17649677808042102,0.43346436372241554,0.6868445202513408
RWTT_Train,RWT76,32,1771262,0.408956625422339,0.018106902536238978,0.4907853656552114,0.0003322607180343551,0.5033446955921529,0.0001406124470935688,0.9745490380116303,0.025450961988369693,3.5952704907574375,0.002049278138052995,0.27608338009848343,0.0008532350838906448,0.26039025307965386,0.0006853442989762669,0.25604900459418073,0.0006131439901495309,0.2522083179977917,0.000593732729198656,0.2540435364222303,0.0006467889511858677,0.19066693030841506,0.17502648536649698,0.18074873144403603,0.2020326622008515,0.25152519068020046,0.453557852881052,1.244972906559761
RWTT_Train,RWT77,32,2382303,0.2847781263184072,0.026963996255986472,0.4804576119468091,0.00044433999824164405,0.5207682690598934,0.0002562016024428848,0.9746772707964972,0.025322729203502703,3.46844041249161,0.00014793088143620872,0.2843681093462922,6.787098898135392e-05,0.2650125248910991,0.00011370727880318915,0.2596681390050854,0.00021484800693309566,0.2565477594972007,0.0003530662896464732,0.25777591973244146,0.000559718121685976,0.42752333726717096,0.2696787410983335,0.16410499029861722,0.08685178024802566,0.05184115108785272,0.13869293133587837,0.5968922103819649
RWTT_Train,RWT78,64,3718319,0.41942018741770026,0.03477342343463316,0.4562574729000634,0.002564861058976603,0.5403788708599924,0.0014530727165292245,0.8964219335317392,0.1035780664682609,3.130943848550918,0.00020514748719862436,0.3085746542994294,8.877792175326322e-05,0.2695682943473778,0.00014453177760564168,0.2612957771979683,0.0002845587538846337,0.2563290356108788,0.0005811875364471739,0.2542479243097123,0.0010980327073665743,0.4997671276709245,0.2645262056218298,0.12951627955018977,0.06578331489266824,0.04040707226438771,0.10619038715705595,0.6142450001237503
RWTT_Train,RWT79,32,1863712,0.45892994573172186,0.020073923220847528,0.49932059731259865,0.00016929218467121032,0.5043666722869236,0.0002027156024531629,0.9818052899141972,0.018194710085802732,3.6107789186312047,0.0009560120108078882,0.2750682508885493,0.0003797618090060667,0.2618365818261263,0.0002721402728402994,0.2578112195485361,0.00029289463866797704,0.25180604519447497,0.0004554133431173847,0.2641725958228139,0.0006410708641943857,0.3140532277823718,0.2231017479805597,0.14348570776091005,0.13331838314392053,0.1860409333322379,0.3193593164761584,1.3954634683155591
RWTT_Train,RWT8,32,3063145,0.6335543912047561,0.010830631475329089,0.4520486882151523,0.001360908678192746,0.5335792349264072,0.0011507867432893892,0.8117498213836731,0.18825017861632687,3.2867800903972877,0.00017225599381227936,0.29633921998468893,8.026214445941117e-05,0.2678715036409505,0.00014991127397666486,0.25905698011556416,0.0002792028125480742,0.2509406105634138,0.000495532821550498,0.2497627633327007,0.0008202722171847801,0.4494195896010233,0.27149786696346745,0.1529726483501521,0.08213500569163172,0.043974889393725416,0.12610989508535714,0.5353976544279435
RWTT_Train,RWT80,32,2486171,0.3570009109227788,0.02075295877166905,0.4417249880552853,0.0008594684716994039,0.5607427539605098,0.0009844267566814224,0.9184003565993409,0.08159964340065906,3.497560706805767,0.0006801264290071809,0.28295760830610606,0.0002980657669573111,0.26286708525176944,0.0003466661468301327,0.2552643817393279,0.00047465412885678383,0.25300821964240316,0.0006123501415446348,0.25228167127187473,0.0007529269704643115,0.3030297966363211,0.24645197494793245,0.19103359260907107,0.13952239207190348,0.11996224373477181,0.2594846358066753,0.8598063862963927
RWTT_Train,RWT81,16,1363808,0.3328294603943985,0.028955617834867664,0.46967574557676134,0.00042529614064923393,0.6545787698049756,0.0074484238551891235,0.7862106554282456,0.21378934457175436,3.667574907904925,0.00029552196251408057,0.27197010136324173,0.0001336699385225301,0.25934513298195006,0.00018221444501153455,0.25456624564686314,0.0002816373576178946,0.2508983992159425,0.0004460821675756112,0.24983723958333334,0.0007174632893525734,0.40740256256815627,0.25330218407447197,0.15992425384160594,0.1034681954272833,0.07590280408848257,0.17937099951576588,0.7335858499806012
RWTT_Train,RWT83,32,2619314,0.49171854115913244,0.048044727964375034,0.47228550722160834,0.0017394774561934057,0.5220632169698655,0.0007792147163675489,0.9501874642629033,0.04981253573709662,3.4439689170523273,0.0010585310027047738,0.28597029603934465,0.0004671369983395423,0.2630919863399578,0.0006274195912413696,0.2559218137901638,0.0010529356240735954,0.24846333822421382,0.0017851322056623223,0.24475301252892825,0.0025776583334633837,0.3959364641055868,0.27420194689700417,0.16173423859723138,0.09637363154057024,0.0717537188596074,0.16812735040017762,0.744536837645278
RWTT_Train,RWT84,16,800572,0.4648468359632641,0.02953547222131017,0.4738436706921232,0.0016765565043381503,0.5512984620995734,0.0030753363904734154,0.8614097969115379,0.1385902030884622,3.7674987384020424,7.533695269328175e-05,0.2662196529481421,3.753252619723288e-05,0.2579670432791562,7.01814607637811e-05,0.25320116405965803,0.0001389175951138276,0.25881761367717837,0.00024032360897538593,0.24673882875381625,0.0005666299597643879,0.5378112621711483,0.2281007935519702,0.13185227127244412,0.06661204432268043,0.03562362868175707,0.1022356730044375,0.534792604610511
RWTT_Train,RWT85,32,1756585,0.19175300852637736,0.02273913685490797,0.4906840268373981,0.0002464959090551777,0.5155223126712931,0.0003679714942192991,0.9736885409000975,0.02631145909990252,3.6039371849355426,7.231243143960729e-05,0.27587051010910374,3.4591996379544824e-05,0.2620772199178687,6.778629601110826e-05,0.25608661417322837,0.00013269907606846138,0.2538203732742982,0.00026305035534356894,0.25826771653543307,0.0004321226419195828,0.4645229476304195,0.2827737188142152,0.14264877602647433,0.07286887327206536,0.0371856842568257,0.11005455752889105,0.5103095819526143
RWTT_Train,RWT86,64,5214342,0.3078456214974439,0.022649379817863816,0.4730781550847715,0.0007366870449711516,0.5263979355092296,0.0004315640335320059,0.9509501560593352,0.04904984394066485,2.5933247186318042,0.00015163640459478803,0.35765049549876093,6.337219270893053e-05,0.27596047427438936,0.0001285385339353538,0.25890230490321425,0.00027069369052871143,0.24455502018882935,0.000550160560733909,0.23719502838729475,0.0008833976028806364,0.46588705622158794,0.2901441924380812,0.14275869235658215,0.06778877256504416,0.033421286418704614,0.10121005898374878,0.4930209702002861
RWTT_Train,RWT87,16,1170761,0.5232643653883039,0.01496117954151116,0.46567321565321057,0.00015687993571814052,0.5210772871092583,5.5503104751442045e-05,0.9860030866632602,0.01399691333673982,3.739441269396572,7.726797199572893e-05,0.2670732967702204,3.861497381597034e-05,0.25710393086839856,7.82726868029436e-05,0.25339901232725054,0.00015929897090803487,0.250846792008247,0.0002765145393056005,0.25107632093933463,0.00040393166134502633,0.42224315093342546,0.28904981096683946,0.16652049307718605,0.08182103328481014,0.040365511737738904,0.12218654502254903,0.493339061085075
RWTT_Train,RWT88,32,2056248,0.46423099142277946,0.01665444616228734,0.49999126745103195,0.00017450891061085438,0.5044633220082982,9.670676150147495e-05,0.9839760669469887,0.016023933053011336,3.515502021156981,0.00014663470615169284,0.2815842252490945,6.662615954939989e-05,0.26408143597573086,0.00010286537180026717,0.2587358163565613,0.00019509835644558336,0.257873717203377,0.0003804789868749374,0.254165849833366,0.0007114116517281122,0.4884457010128018,0.26123177068203984,0.1339519155316398,0.07062598499318132,0.04574462778033725,0.11637061277351857,0.647702510411058
RWTT_Train,RWT89,32,3025944,0.2773531893297801,0.03203310050510877,0.48482464070321285,0.00047860971571173083,0.518144617783254,0.0004739483434237357,0.9711220542321377,0.028877945767862265,3.333363737068498,0.0004646904164039712,0.29344792897687466,0.0001963201420440037,0.26514459596579565,0.0002475539114947671,0.2548792245908672,0.000387210808067524,0.25238301559792026,0.0006235254678162231,0.25486959392538794,0.0009578139530282717,0.39703378878910367,0.2584642644961199,0.16050692694659635,0.10261624097203842,0.08137877879614171,0.1839950197681801,0.7930399518173381
RWTT_Train,RWT9,32,1960769,0.33684519146492814,0.01657569582455337,0.4764292412583794,0.001013047661995864,0.5123599070348802,0.00022553159020305413,0.930472654830885,0.06952734516911495,3.5385361559673782,0.00018471368103764002,0.2796525240862131,8.749818233512548e-05,0.2635747555322121,0.0001488619347924465,0.2571284258304677,0.00025840955127841395,0.2585436736451214,0.0004170334271905399,0.2509367194004996,0.0007362819909303155,0.44674998696939194,0.25304119951075593,0.1567938168914469,0.0903241804742962,0.05309081615410908,0.1434149966284053,0.5877807678445228
RWTT_Train,RWT90,16,1322123,0.3904907084391805,0.02755150339739626,0.41811835702211436,0.0039030429806072853,0.576946705139544,0.0028426660501761347,0.8033161136664002,0.19668388633359984,3.6556008782843956,0.00015454755760458666,0.2727446689907066,7.779595863978857e-05,0.26137126249993065,0.00014264713096559983,0.25800256761201473,0.00028150895707663575,0.2593658757248016,0.0005004578836486831,0.25939432376724275,0.0008763441002442185,0.4664496181951208,0.2663775435763328,0.14983811211864173,0.07592645372632828,0.04140827238357642,0.11733472610990468,0.5453734548544794
RWTT_Train,RWT91,16,1462813,0.4696748869578226,0.01798685328675695,0.4882705223508541,0.00028201846372741257,0.518485712956779,0.0003669456163536977,0.9651765164196165,0.03482348358038347,3.668192721831157,0.0002547447632124997,0.27182148367563047,0.0001138208409815475,0.26082681125887774,0.00015686661379966376,0.2560576987976203,0.0002819824265064997,0.2556860973038108,0.00048445718143747175,0.25213549337260677,0.0008111471185793123,0.4388673102638982,0.2621132656279093,0.15256525755690592,0.08487193912374448,0.06158222742754205,0.1464541665512865,0.7255899660517275
RWTT_Train,RWT92,32,2361877,0.4031785543031813,0.01781079487435913,0.48731769492375326,0.00033487740031415414,0.5160356368460792,0.0002113851866234473,0.9702423665617804,0.029757633438219556,3.4709368862138037,0.00021844116610516545,0.28430100297348254,9.559807104705634e-05,0.2644083850099183,0.0001231815942576516,0.25823166953916166,0.00019559851598589218,0.2564997382655732,0.0003340361977379238,0.2611394557823129,0.0006038960657410243,0.44656614764514097,0.24701147508688218,0.14464024643337334,0.09108973071537829,0.07069240011922523,0.16178213083460352,0.7760743122637264
RWTT_Train,RWT93,16,1290083,0.38423588859224955,0.012150634442038177,0.4919237426872902,0.0002780464364643964,0.5051160616372043,0.00024249190067648918,0.9589194823389813,0.04108051766101876,3.688168900760649,0.0009402188416177572,0.27057716441500274,0.00040895955221349235,0.26057175270077093,0.00041808147050616777,0.2572094506195235,0.0005208528813666876,0.2600128232528318,0.0006244957361666868,0.2592470820318922,0.000724253425002556,0.2685759321780729,0.23158264592481265,0.19314861802717692,0.15503774893046204,0.15165505493947556,0.3066928038699376,0.9781814815145201
RWTT_Train,RWT94,16,1348296,0.4589909911095065,0.024802569731565527,0.5311501755330765,0.00034727887975616323,0.48087506123633794,0.0001732972488943385,0.9794426754272915,0.02055732457270855,3.6495650806647797,0.0017082827103519261,0.2730164592938049,0.0007988307211637206,0.26154895179934096,0.0009617571263135119,0.25860528885103556,0.0010580791668829703,0.2567274479877902,0.0010763203951264513,0.2601689612015019,0.0011153474025426843,0.222609355339855,0.2148200540495434,0.2111793336330783,0.19195466219231985,0.15943659478520356,0.35139125697752344,0.8305950632522988
RWTT_Train,RWT95,32,1608340,0.34667726897813705,0.02634013221250349,0.4915456426561828,0.0003298686395660222,0.5165990815252288,0.00032624544950238255,0.9756960993117698,0.024303900688230184,3.6593767486974147,0.00029496998419515936,0.2721669547483741,0.00013311450674627432,0.26101060682555965,0.0001821847151068964,0.2583541932886376,0.00032964057368382426,0.2597398197709872,0.0005938696936491529,0.2574670666492761,0.00108574270762579,0.4670760713030482,0.25547703100133845,0.14180820466665262,0.07837411238033627,0.057264580648624434,0.1356386930289607,0.730656831821318
RWTT_Train,RWT96,32,2004891,0.5290681965157059,0.016243280336154353,0.4945760892540707,0.00019572508539919542,0.5071436323255402,0.00014321048319737573,0.979560296974576,0.020439703025423982,3.543998152518017,0.00014334962149879134,0.2801094922367351,6.558314611138476e-05,0.26259951672842596,0.00010733235906233413,0.2572064038841008,0.00021441708543785344,0.2561756874324431,0.00041367545851373676,0.2507975712668519,0.0006500682588741238,0.44799040222106495,0.2850818087465449,0.14776416943466303,0.07396741196216683,0.045196207635560405,0.11916361959772723,0.6110286467597048
RWTT_Train,RWT97,8,740721,0.4300163444779673,0.02144626147682957,0.4633139959685584,0.0006249369598062826,0.5385715160937725,0.0007546139393947437,0.9395618050094159,0.060438194990584164,3.863570764160865,0.00016827265871260716,0.2595808678301277,7.951575266885513e-05,0.2548822792117622,0.00012686745364197616,0.2589985308521058,0.00023493405037397274,0.2634522965414008,0.0004122732274135851,0.24431818181818182,0.0006645804205607645,0.4377507291973628,0.27155916777771805,0.1547480917023094,0.08356598934456547,0.05237602197804423,0.13594201132260972,0.6267624231920901
RWTT_Train,RWT98,32,2161873,0.5266659921390128,0.03584923585074712,0.49400116151818657,0.00020357020130890024,0.5070415808321739,0.00011514897331055263,0.9911878021747175,0.008812197825282564,3.5135227647507508,0.0008043675624772875,0.2817996246773053,0.00034110481851250154,0.26311072445688305,0.0003538609344159443,0.25745675053496453,0.0004812694520475223,0.25954734903557236,0.0006989894266351359,0.25833255531696386,0.0009711754408490086,0.34119428616007313,0.24556963492170195,0.16908004489740133,0.12431876243949999,0.11983727158132354,0.2441560340208235,0.9639516130129
RWTT_Train,RWT99,32,2589942,0.4578038822778762,0.010502645842782737,0.46346032989218033,0.0004067619990527904,0.5197657881414183,0.00014815148878194462,0.9498159158596395,0.05018408414036045,3.3903593207878786,0.0002983529266095726,0.288978286000227,0.00014273471499560097,0.2660330796045626,0.00024183805799971137,0.25809983476387305,0.0003651640884814964,0.25695660634364664,0.00048172377370836347,0.2565694812570996,0.0005407459377143501,0.30512579401487666,0.271821457540478,0.20605052146040082,0.13646155120846779,0.0805406757757768,0.21700222698424457,0.5902078282309533
