run,configuration,point,profile,lambda,dataset,sequence,stage,stage_index,num_blocks,points,stage_bits,cumulative_bits,stage_bpp,cumulative_bpp,mse_Y,psnr_Y,mse_U,psnr_U,mse_V,psnr_V,yuv611,x_rms,f_rms,d_rms
full_88blocks_v2,R03_32k8k_L8192,8K,32k8k,8192,8i,Longdress,x_low,0.0,16.0,857966.0,19568.0,19568.0,0.022807430597482883,0.022807430597482883,1.265343051332456e-06,58.977917155135216,1.258858670611203e-06,59.00023024474328,1.211035779237289e-06,59.16843025729137,59.004520429105746,0.49217828899249594,,
full_88blocks_v2,R03_32k8k_L8192,8K,32k8k,8192,8i,Longdress,r1,1.0,16.0,857966.0,6232.0,25800.0,0.0072636911019784,0.030071121699461283,0.0002725533084893473,35.64548541759763,0.0003968741206006244,34.01347219678832,0.0006354609697136985,31.969111188448508,34.98193698635282,0.4925147945596785,0.05815514479152685,0.11142877092926026
full_88blocks_v2,R03_32k8k_L8192,8K,32k8k,8192,8i,Longdress,r2,2.0,16.0,857966.0,28200.0,54000.0,0.0328684353459228,0.06293955704538408,0.0003139567909820599,35.03130118580666,0.0004929844059525894,33.071668180774395,0.0006352591446136211,31.970490745237168,34.40374575510644,0.4931049120356816,0.061037840754701846,0.14120278703261066
full_88blocks_v2,R03_32k8k_L8192,8K,32k8k,8192,8i,Longdress,r3,3.0,16.0,857966.0,95736.0,149736.0,0.11158484135734982,0.1745243984027339,0.0002740891196843021,35.62108203989342,0.00030614452117682164,35.1407350837904,0.0003709135453502906,34.30727306430163,35.39681254843157,0.49421053907271045,0.060843206087150055,0.13996140684447755
full_88blocks_v2,R03_32k8k_L8192,8K,32k8k,8192,8i,Longdress,r4,4.0,16.0,857966.0,270992.0,420728.0,0.3158540082007912,0.4903784066035251,0.00022835534195439876,36.413888244152815,0.00015714897019985396,38.03688460576953,0.00017785647099743937,37.499303291436185,36.752439670265325,0.495151977358096,0.05618320048524207,0.11685935591927306
full_88blocks_v2,R03_32k8k_L8192,8K,32k8k,8192,8i,Longdress,r5,5.0,16.0,857966.0,562504.0,983232.0,0.6556250480788283,1.1460034546823534,0.00017845534841414145,37.484704314463954,8.662033993268602e-05,40.6238011625845,9.639566619340295e-05,40.15942490895918,38.21143149479093,0.4958407229219736,0.049736327329238224,0.0862898341110468
full_88blocks_v2,R03_32k8k_L8192,8K,32k8k,8192,8i,Loot,x_low,0.0,16.0,805285.0,14384.0,14384.0,0.017861999167996422,0.017861999167996422,1.2788979660535822e-06,58.93164103330217,1.3144343567351668e-06,58.81261097818965,1.3738945513348765e-06,58.62046598812707,58.877865395766214,0.4610876951399012,,
full_88blocks_v2,R03_32k8k_L8192,8K,32k8k,8192,8i,Loot,r1,1.0,16.0,805285.0,1976.0,16360.0,0.0024537896521107435,0.020315788820107167,0.00013946455362637194,38.55536158846285,1.647748417136e-05,47.83109096880587,1.9202497540334883e-05,47.16642281846192,40.79121041475561,0.4602753434121983,0.04624884575072149,0.06718564940080801
full_88blocks_v2,R03_32k8k_L8192,8K,32k8k,8192,8i,Loot,r2,2.0,16.0,805285.0,7464.0,23824.0,0.009268768200078234,0.0295845570201854,0.00016972345205206208,37.70258143580443,1.2646220835031804e-05,48.9803923857544,1.4024735273174441e-05,48.53105327610811,40.46586678458614,0.4602661427539635,0.04363489548022702,0.06921994727093071
full_88blocks_v2,R03_32k8k_L8192,8K,32k8k,8192,8i,Loot,r3,3.0,16.0,805285.0,26960.0,50784.0,0.03347883047616682,0.06306338749635222,0.00016059364323223042,37.942716493674425,1.0236127870191872e-05,49.89864297523826,1.0972180469623894e-05,49.59707057764807,40.89400156436661,0.4604375068977641,0.041908171034949045,0.06374297493738354
full_88blocks_v2,R03_32k8k_L8192,8K,32k8k,8192,8i,Loot,r4,4.0,16.0,805285.0,62376.0,113160.0,0.07745829116399784,0.14052167866035006,0.00012526027703686798,39.021866321090044,9.83406498132918e-06,50.072669263143695,9.923223250734146e-06,50.03347237862379,41.77966744603847,0.46060156515246303,0.04112401471237581,0.05769121118696465
full_88blocks_v2,R03_32k8k_L8192,8K,32k8k,8192,8i,Loot,r5,5.0,16.0,805285.0,95960.0,209120.0,0.1191627808788193,0.25968445953916935,9.17253482221294e-05,40.375106308321705,1.0522151384096179e-05,49.77895454220605,1.0641369971071283e-05,49.73002457325117,42.71995212067343,0.46086935234487475,0.04071723500327136,0.05222171182546566
full_88blocks_v2,R03_32k8k_L8192,8K,32k8k,8192,8i,Redandblack,x_low,0.0,8.0,757691.0,14888.0,14888.0,0.01964917096811233,0.01964917096811233,1.238936820176612e-06,59.069508399905814,1.2745863780230522e-06,58.94630727297417,1.2971265406851253e-06,58.87017654416616,59.0291917770719,0.47155585649092147,,
full_88blocks_v2,R03_32k8k_L8192,8K,32k8k,8192,8i,Redandblack,r1,1.0,8.0,757691.0,3128.0,18016.0,0.004128331998136443,0.023777502966248774,0.0001686937256081102,37.72901070252902,4.177871666987135e-05,43.79044904512562,0.0008959821302353015,30.47700651964652,37.58018997249328,0.47154408144262744,0.05786146337379685,0.09182717195689005
full_88blocks_v2,R03_32k8k_L8192,8K,32k8k,8192,8i,Redandblack,r2,2.0,8.0,757691.0,13424.0,31440.0,0.01771698489225819,0.041494487858506963,0.00018766346468587896,37.26620269892032,6.332286191728455e-05,41.98439465148962,0.0009305085636359599,30.312796256253918,36.98680088765818,0.47131425812564653,0.05973207386012756,0.12140636864236436
full_88blocks_v2,R03_32k8k_L8192,8K,32k8k,8192,8i,Redandblack,r3,3.0,8.0,757691.0,43160.0,74600.0,0.056962534859197216,0.09845702271770418,0.00015639482230091385,38.057776290470414,6.98222862055364e-05,41.56005935095119,0.0005564865096964393,32.54545359335398,37.80652133589096,0.4718960851719395,0.057863416815334655,0.11771274834147624
full_88blocks_v2,R03_32k8k_L8192,8K,32k8k,8192,8i,Redandblack,r4,4.0,8.0,757691.0,112920.0,187520.0,0.1490317292933399,0.2474887520110441,0.00012305877887159973,39.09887398787704,6.178535332319861e-05,42.09114465442109,0.00021978233830258206,36.58007210392587,39.15805758570115,0.47245509230251403,0.05349893860361278,0.09677506974134246
full_88blocks_v2,R03_32k8k_L8192,8K,32k8k,8192,8i,Redandblack,r5,5.0,8.0,757691.0,195856.0,383376.0,0.25849059841016986,0.5059793504212139,0.00010124728994402504,39.94616592588426,5.29742543463592e-05,42.75935147605195,0.00010826319113020918,39.65519175935003,40.26144234883844,0.47277782199548096,0.047199009818178074,0.06802139570808445
full_88blocks_v2,R03_32k8k_L8192,8K,32k8k,8192,8i,Soldier,x_low,0.0,16.0,1089091.0,21912.0,21912.0,0.02011953087483048,0.02011953087483048,1.2414677506970334e-06,59.06064557524023,1.2664291230922865e-06,58.97419110896138,1.2744493426179343e-06,58.946774223828115,59.035604848028854,0.4762915390683843,,
full_88blocks_v2,R03_32k8k_L8192,8K,32k8k,8192,8i,Soldier,r1,1.0,16.0,1089091.0,5600.0,27512.0,0.005141902742746015,0.025261433617576493,0.00025188545321181213,35.987969129793036,1.2247633135341919e-05,49.11947830938374,1.097348346574227e-05,49.596554863904814,39.330480994005846,0.4752610408061032,0.048555912760159865,0.08904315392990692
full_88blocks_v2,R03_32k8k_L8192,8K,32k8k,8192,8i,Soldier,r2,2.0,16.0,1089091.0,21328.0,48840.0,0.019583303874515536,0.04484473749209203,0.00028019211808658333,35.52544085751349,1.5232236451446463e-05,48.172363273129754,1.3233940885997086e-05,48.78310809615546,38.76351456429577,0.47508163506999906,0.04568063470211038,0.08693121329464062
full_88blocks_v2,R03_32k8k_L8192,8K,32k8k,8192,8i,Soldier,r3,3.0,16.0,1089091.0,63880.0,112720.0,0.05865441914403847,0.1034991566361305,0.00023768692479527524,36.23994708240041,1.4749555970853972e-05,48.31221053740772,1.160286850351095e-05,49.35434629631626,39.388279916015804,0.4752828785674519,0.043757440712488424,0.07821627794962166
full_88blocks_v2,R03_32k8k_L8192,8K,32k8k,8192,8i,Soldier,r4,4.0,16.0,1089091.0,142336.0,255056.0,0.13069247656991015,0.23419163320604064,0.00016887951809140136,37.724230189859504,1.4731928259010712e-05,48.317404047228834,1.1250153016985803e-05,49.488415705321174,40.51890011146338,0.4754340665735155,0.04218056434702986,0.06613491520150842
full_88blocks_v2,R03_32k8k_L8192,8K,32k8k,8192,8i,Soldier,r5,5.0,16.0,1089091.0,212992.0,468048.0,0.1955685980326713,0.42976023123871193,0.00011542510733521705,39.3769971292089,1.5620416404570665e-05,48.063073930069365,1.2025781397508777e-05,49.198866949457454,41.69049045684753,0.4755694991722709,0.04122252366000598,0.05527348433468777
full_88blocks_v2,R03_32k8k_L8192,8K,32k8k,8192,Owlii,Basketball,x_low,0.0,8.0,796217.0,13976.0,13976.0,0.017553003766561125,0.017553003766561125,1.2744248397506654e-06,58.94685772312455,1.2853920893526033e-06,58.90964377182024,1.245711943334276e-06,59.045823717084886,58.95457672845656,0.49374694569328365,,
full_88blocks_v2,R03_32k8k_L8192,8K,32k8k,8192,Owlii,Basketball,r1,1.0,8.0,796217.0,2640.0,16616.0,0.003315679017152359,0.020868682783713486,0.00016751790951439536,37.75938755269026,1.208202928506222e-05,49.178601159393196,9.222962552584522e-06,50.35129554697248,40.760777752813404,0.49291807579618485,0.050635487765664,0.09984460145961212
full_88blocks_v2,R03_32k8k_L8192,8K,32k8k,8192,Owlii,Basketball,r2,2.0,8.0,796217.0,8480.0,25096.0,0.010650362903580306,0.031519045687293794,0.00017561387604854352,37.554411714981136,1.826912370606181e-05,47.38282283449263,1.2733097505752856e-05,48.95065935229313,40.20749405958407,0.49231757198463366,0.04631405086117328,0.08870989752358112
full_88blocks_v2,R03_32k8k_L8192,8K,32k8k,8192,Owlii,Basketball,r3,3.0,8.0,796217.0,25008.0,50104.0,0.03140852305338871,0.0629275687406825,0.0001389300652917976,38.57203760184661,2.310385288646688e-05,46.363155894670626,1.2404378358795675e-05,49.06424995366743,40.85745393242722,0.4923452052553127,0.04336265551946492,0.07391599078414324
full_88blocks_v2,R03_32k8k_L8192,8K,32k8k,8192,Owlii,Basketball,r4,4.0,8.0,796217.0,56928.0,107032.0,0.07149809662441269,0.1344256653650952,9.779062225081885e-05,40.09702790406614,2.703868126713986e-05,45.680144936612585,1.2152980570738891e-05,49.15317196413184,41.92693554064266,0.4923456977568465,0.041815680706023046,0.06295703823939165
full_88blocks_v2,R03_32k8k_L8192,8K,32k8k,8192,Owlii,Basketball,r5,5.0,8.0,796217.0,112192.0,219224.0,0.14090631071680207,0.27533197608189725,7.608297388186883e-05,41.187125203182276,3.1015691940401346e-05,45.08418525556696,1.2959733923580822e-05,48.8740391487799,42.635121952930064,0.49242092902972606,0.04092806868799865,0.05502981852388268
full_88blocks_v2,R03_32k8k_L8192,8K,32k8k,8192,Owlii,Dancer,x_low,0.0,8.0,702038.0,12728.0,12728.0,0.018130072731105725,0.018130072731105725,1.2872390687959401e-06,58.90340787503649,1.1718886443683698e-06,59.3111365404657,1.4403377504689949e-06,58.41535656539858,58.89336754451041,0.49597798968742257,,
full_88blocks_v2,R03_32k8k_L8192,8K,32k8k,8192,Owlii,Dancer,r1,1.0,8.0,702038.0,2768.0,15496.0,0.003942806514747065,0.02207287924585279,0.00020909824470432197,36.796496128945556,1.3328436017971055e-05,48.752208084716884,1.4362423447340745e-05,48.42772273115571,39.74486344869324,0.4957671356850769,0.05446417840389708,0.11731494535952111
full_88blocks_v2,R03_32k8k_L8192,8K,32k8k,8192,Owlii,Dancer,r2,2.0,8.0,702038.0,9696.0,25192.0,0.01381121819616602,0.03588409744201881,0.00021265506055207582,36.72324277922017,1.976273978121184e-05,47.041528477352344,1.9401017980222904e-05,47.12175481843247,39.31284249638823,0.49607348694478526,0.048343827859542,0.0993362613039905
full_88blocks_v2,R03_32k8k_L8192,8K,32k8k,8192,Owlii,Dancer,r3,3.0,8.0,702038.0,27000.0,52192.0,0.03845945661061082,0.07434355405262963,0.0001716431700503,37.653734731498574,2.2197299787260616e-05,46.53699852523062,1.4500843275062277e-05,48.386067412783156,40.10568429087566,0.49635873827258337,0.0446658775192802,0.08113162691445534
full_88blocks_v2,R03_32k8k_L8192,8K,32k8k,8192,Owlii,Dancer,r4,4.0,8.0,702038.0,65216.0,117408.0,0.09289525638213315,0.1672388104347628,0.00011810565999138703,39.27729289142403,2.2403389580784186e-05,46.49686268948692,1.2495776941360216e-05,49.032367358676254,41.399123424588424,0.49656753095200024,0.042534179259086646,0.06755782324147384
full_88blocks_v2,R03_32k8k_L8192,8K,32k8k,8192,Owlii,Dancer,r5,5.0,8.0,702038.0,126472.0,243880.0,0.18014979246137675,0.34738860289613954,8.597125359066665e-05,40.65646740546381,2.3901379646804242e-05,46.21577029775676,1.2136841790597098e-05,49.15894309253893,42.41418972788482,0.4967403248572849,0.04122052656643659,0.056916336403219754
full_88blocks_v2,R03_32k8k_L8192,8K,32k8k,8192,Owlii,Exercise,x_low,0.0,8.0,645135.0,10016.0,10016.0,0.01552543266138095,0.01552543266138095,1.3207497473246904e-06,58.79179463726772,1.006455072839835e-06,59.972056068192714,1.49394970661658e-06,58.256640226722574,58.87243301481521,0.46535232196872794,,
full_88blocks_v2,R03_32k8k_L8192,8K,32k8k,8192,Owlii,Exercise,r1,1.0,8.0,645135.0,1512.0,11528.0,0.002343695505591853,0.017869128166972805,0.0001528409079768064,38.15760390977443,1.990156021018904e-05,47.011128751423186,1.319731204745017e-05,48.79514514387546,40.59398716924316,0.4634320331771793,0.047413121221248765,0.08044155332700907
full_88blocks_v2,R03_32k8k_L8192,8K,32k8k,8192,Owlii,Exercise,r2,2.0,8.0,645135.0,5040.0,16568.0,0.007812318351972843,0.025681446518945647,0.0001591193092113631,37.98277115293025,2.330062292478832e-05,46.32632468279478,1.2468203033595705e-05,49.041961342382905,40.4081141178449,0.46322704210787863,0.04428755440193228,0.07664345285171935
full_88blocks_v2,R03_32k8k_L8192,8K,32k8k,8192,Owlii,Exercise,r3,3.0,8.0,645135.0,15048.0,31616.0,0.023325350508033204,0.04900679702697885,0.0001278081780607197,38.93441356091469,2.2383434851576042e-05,46.50073268003269,1.1279212076034958e-05,49.47721237496471,41.198053302560695,0.4631121222542608,0.042030489304821186,0.06584022059568384
full_88blocks_v2,R03_32k8k_L8192,8K,32k8k,8192,Owlii,Exercise,r4,4.0,8.0,645135.0,40648.0,72264.0,0.06300696753392701,0.11201376456090585,0.0001076925005357647,39.67814538942838,2.5324477243769728e-05,45.96459510725407,1.1867493486023684e-05,49.25640997990453,41.66123467796611,0.46314369196367594,0.04101074869869248,0.05821973308322208
full_88blocks_v2,R03_32k8k_L8192,8K,32k8k,8192,Owlii,Exercise,r5,5.0,8.0,645135.0,104760.0,177024.0,0.1623846171731498,0.2743983817340557,0.00010152710085820657,39.934180150692825,2.985556022112695e-05,45.24974775138327,1.381497302743169e-05,48.596499586699466,41.68141603027996,0.4632657467588675,0.0405988597095921,0.053907400380343785
full_88blocks_v2,R03_32k8k_L8192,8K,32k8k,8192,Owlii,Model,x_low,0.0,8.0,657755.0,11704.0,11704.0,0.017793859415739903,0.017793859415739903,1.278626578679691e-06,58.93256272173424,1.243396736626872e-06,59.053902767996156,1.3069763910263537e-06,58.83732257361754,58.93582520900239,0.5231738348164431,,
full_88blocks_v2,R03_32k8k_L8192,8K,32k8k,8192,Owlii,Model,r1,1.0,8.0,657755.0,3592.0,15296.0,0.005460999916382239,0.02325485933212214,0.00025785404736745947,35.88626047365435,1.8828425318311555e-05,47.25185999907106,2.5040730538627893e-05,46.013530051634106,38.57286911157891,0.5227802761247837,0.054944990516078526,0.1240339901947373
full_88blocks_v2,R03_32k8k_L8192,8K,32k8k,8192,Owlii,Model,r2,2.0,8.0,657755.0,12240.0,27536.0,0.018608752499030795,0.04186361183115294,0.000255312938771099,35.92927175424882,2.889300782062374e-05,45.39207244867333,3.272504889251574e-05,44.851196959236105,38.2273624916753,0.5228274318842534,0.05049076343840453,0.10999209179118885
full_88blocks_v2,R03_32k8k_L8192,8K,32k8k,8192,Owlii,Model,r3,3.0,8.0,657755.0,36128.0,63664.0,0.054926226330472595,0.09678983816162554,0.00020051124720602234,36.97861261634748,3.2319128486121374e-05,44.90540358874294,2.649161197199578e-05,45.7689161477777,39.0682494293257,0.5233585295925567,0.04707907371257119,0.09347374709865439
full_88blocks_v2,R03_32k8k_L8192,8K,32k8k,8192,Owlii,Model,r4,4.0,8.0,657755.0,89400.0,153064.0,0.135916868742921,0.23270670690454653,0.00014383601881742488,38.421323461166295,3.1547136575973236e-05,45.01040054032832,2.0554526575431418e-05,46.870925217075445,40.3011583155502,0.5237044962857189,0.04423721527056141,0.0761339463176504
full_88blocks_v2,R03_32k8k_L8192,8K,32k8k,8192,Owlii,Model,r5,5.0,8.0,657755.0,190632.0,343696.0,0.28982219823490507,0.5225289051394516,0.00010606838489325187,39.74414044114186,3.3835165858569084e-05,44.70631690281893,1.8150264362226975e-05,47.41117044995897,41.322791249953625,0.5238537636491238,0.04228327978168544,0.06266213123572012
full_88blocks_v2,DIAGNOSTIC_8k256_L8192,same_lambda_control,8k256,8192,8i,Longdress,x_low,0.0,16.0,857966.0,19568.0,19568.0,0.022807430597482883,0.022807430597482883,1.2653443551840656e-06,58.977912680022584,1.258858045343401e-06,59.000232401859314,1.2110363050119152e-06,59.16842837178994,59.00451710672309,0.492178279251851,,
full_88blocks_v2,DIAGNOSTIC_8k256_L8192,same_lambda_control,8k256,8192,8i,Longdress,r1,1.0,16.0,857966.0,952.0,20520.0,0.0011096010797630675,0.023917031677245952,0.003373918975863595,24.71865351135708,0.002995357666731573,25.235513123686243,0.0007413845689191382,31.299564575605842,25.60587484592932,0.48361537279977046,0.07735882345104486,0.03757491463945932
full_88blocks_v2,DIAGNOSTIC_8k256_L8192,same_lambda_control,8k256,8192,8i,Longdress,r2,2.0,16.0,857966.0,14392.0,34912.0,0.01677455749994755,0.0406915891771935,0.00557014607621884,22.541334153713485,0.0021949325146720052,26.58578828021455,0.0008876007874431929,30.51782321151519,24.043952051751333,0.48814805351553714,0.06495061855972488,0.09009555116432894
full_88blocks_v2,DIAGNOSTIC_8k256_L8192,same_lambda_control,8k256,8192,8i,Longdress,r3,3.0,16.0,857966.0,51504.0,86416.0,0.06003035085306411,0.10072194003025761,0.004745494565553664,23.23718519612205,0.0012604457773306586,28.99475832345803,0.0007664034942214542,31.155425238699653,24.946661842361245,0.49109477899546994,0.05449010867859939,0.0745652160170717
full_88blocks_v2,DIAGNOSTIC_8k256_L8192,same_lambda_control,8k256,8192,8i,Longdress,r4,4.0,16.0,857966.0,175264.0,261680.0,0.20427849122226288,0.3050004312525205,0.0021131221595602477,26.7507539566449,0.00037135954486190536,34.302054091589575,0.0005061555684712207,32.9571598089781,28.470467205054636,0.4961576704752379,0.04961620950089527,0.058480078830354554
full_88blocks_v2,DIAGNOSTIC_8k256_L8192,same_lambda_control,8k256,8192,8i,Longdress,r5,5.0,16.0,857966.0,430880.0,692560.0,0.5022110433280573,0.8072114745805777,0.00036591890049117025,34.36615157698343,0.00015320149305406863,38.1473700218394,0.00025756020945145064,35.891212304056154,35.02943647347452,0.49551734558598604,0.04426784931072471,0.04875567716745374
full_88blocks_v2,DIAGNOSTIC_8k256_L8192,same_lambda_control,8k256,8192,8i,Loot,x_low,0.0,16.0,805285.0,14384.0,14384.0,0.017861999167996422,0.017861999167996422,1.278898349760371e-06,58.93163973029192,1.3144322321967781e-06,58.81261799775697,1.373895482166622e-06,58.62046304572547,58.87786492815425,0.4610876930521473,,
full_88blocks_v2,DIAGNOSTIC_8k256_L8192,same_lambda_control,8k256,8192,8i,Loot,r1,1.0,16.0,805285.0,304.0,14688.0,0.00037750610032472975,0.018239505268321153,0.001168676038085205,29.32305860412793,0.0020761094638055756,26.827497518479362,5.5106647403647975e-05,42.58796009921464,30.669226155307697,0.4476828524218393,0.06501732757956212,0.03848885413201006
full_88blocks_v2,DIAGNOSTIC_8k256_L8192,same_lambda_control,8k256,8192,8i,Loot,r2,2.0,16.0,805285.0,6128.0,20816.0,0.0076097282328616575,0.02584923350118281,0.0011253523394783298,29.48711481877843,0.0014666269030976793,28.336803527784923,5.378828942368435e-05,42.69312266940824,30.99407688873297,0.4499889511266698,0.0430960603409329,0.04822169822791086
full_88blocks_v2,DIAGNOSTIC_8k256_L8192,same_lambda_control,8k256,8192,8i,Loot,r3,3.0,16.0,805285.0,22256.0,43072.0,0.027637420292194688,0.0534866537933775,0.0008327959176729358,30.79461412383763,0.0007065776991118596,31.50840073815269,3.106764165788662e-05,45.07691712752085,32.66912532608741,0.4543712365354672,0.036643354994536755,0.041159814811532844
full_88blocks_v2,DIAGNOSTIC_8k256_L8192,same_lambda_control,8k256,8192,8i,Loot,r4,4.0,16.0,805285.0,69600.0,112672.0,0.08642902823224076,0.13991568202561827,0.00039165814704441795,34.07092835086817,0.00018438471139438825,37.342750921344475,1.4273770882204788e-05,48.4546127867288,36.27786672666029,0.463326334110413,0.041048640611656625,0.03962527764058438
full_88blocks_v2,DIAGNOSTIC_8k256_L8192,same_lambda_control,8k256,8192,8i,Loot,r5,5.0,16.0,805285.0,95568.0,208240.0,0.11867599669682162,0.2585916787224399,8.354215066989848e-05,40.78094348653772,9.696226663162882e-06,50.133972408046134,1.000214795120617e-05,49.99906725681452,43.10233757301087,0.4605854804619164,0.03984070186724071,0.03986844646677906
full_88blocks_v2,DIAGNOSTIC_8k256_L8192,same_lambda_control,8k256,8192,8i,Redandblack,x_low,0.0,8.0,757691.0,14888.0,14888.0,0.01964917096811233,0.01964917096811233,1.2389381844150634e-06,59.06950361773375,1.2745867190775635e-06,58.946306110886795,1.2971260433065793e-06,58.87017820945318,59.02918825334281,0.47155585287832236,,
full_88blocks_v2,DIAGNOSTIC_8k256_L8192,same_lambda_control,8k256,8192,8i,Redandblack,r1,1.0,8.0,757691.0,488.0,15376.0,0.0006440620252847137,0.020293232993397043,0.001991384097098137,27.008449654060563,0.0024735496262954055,26.066793720553893,0.0010522367389651335,29.77886538833024,27.23704462915594,0.4589302927173586,0.075146443629763,0.03838012539338085
full_88blocks_v2,DIAGNOSTIC_8k256_L8192,same_lambda_control,8k256,8192,8i,Redandblack,r2,2.0,8.0,757691.0,10112.0,25488.0,0.013345809835407839,0.03363904282880488,0.0026420587452907597,25.780575302218782,0.0017999626681209338,27.447365022284764,0.0012444057244754955,29.05037999731125,26.39764960411359,0.46152471833316167,0.060076748574085174,0.07555647233438759
full_88blocks_v2,DIAGNOSTIC_8k256_L8192,same_lambda_control,8k256,8192,8i,Redandblack,r3,3.0,8.0,757691.0,36208.0,61696.0,0.04778729059735433,0.08142633342615921,0.001887567336189047,27.240975466054145,0.0008851121967531799,30.53001674678012,0.0009851968607085318,30.064769806932002,28.00507991875462,0.46506430619826955,0.05134267939267232,0.06604982419224444
full_88blocks_v2,DIAGNOSTIC_8k256_L8192,same_lambda_control,8k256,8192,8i,Redandblack,r4,4.0,8.0,757691.0,105672.0,167368.0,0.13946582445878333,0.22089215788494254,0.0006221734695564088,32.06088511824083,0.00021568103407577216,36.66188042928875,0.0005320569083548288,32.74041913451789,32.720951284156456,0.47354967779949875,0.04939996880921249,0.05042494298202137
full_88blocks_v2,DIAGNOSTIC_8k256_L8192,same_lambda_control,8k256,8192,8i,Redandblack,r5,5.0,8.0,757691.0,165512.0,332880.0,0.2184426105100892,0.43933476839503177,0.0001241682626704938,39.05989395370648,7.98118252061044e-05,40.97932757254738,0.000291246093409386,35.35739891277943,38.83701127594571,0.4732183684182776,0.04363798969514826,0.040381976787883286
full_88blocks_v2,DIAGNOSTIC_8k256_L8192,same_lambda_control,8k256,8192,8i,Soldier,x_low,0.0,16.0,1089091.0,21912.0,21912.0,0.02011953087483048,0.02011953087483048,1.2414679709636308e-06,59.060644804696175,1.266427645158281e-06,58.974196177219405,1.2744483052258925e-06,58.9467777589535,59.03560534554374,0.4762915408337317,,
full_88blocks_v2,DIAGNOSTIC_8k256_L8192,same_lambda_control,8k256,8192,8i,Soldier,r1,1.0,16.0,1089091.0,536.0,22448.0,0.0004921535482342614,0.020611684423064738,0.0019968836078434245,26.99647248070943,0.002087567983485945,26.803593724326,4.2482013809369065e-05,43.71794904224919,29.06254720635397,0.4649470311390374,0.06561697175084348,0.038315300865563486
full_88blocks_v2,DIAGNOSTIC_8k256_L8192,same_lambda_control,8k256,8192,8i,Soldier,r2,2.0,16.0,1089091.0,11456.0,33904.0,0.01051886389658899,0.031130548319653728,0.00212117882322207,26.734227173085703,0.0015566008167013994,28.07822746026,4.7041029017239884e-05,43.275231866848706,28.969852795702867,0.467377095410634,0.04378843645465471,0.04989047275781489
full_88blocks_v2,DIAGNOSTIC_8k256_L8192,same_lambda_control,8k256,8192,8i,Soldier,r3,3.0,16.0,1089091.0,43000.0,76904.0,0.039482467488942616,0.07061301580859634,0.0015813902886336996,28.009609325460715,0.0008099115966954016,30.915623825566946,3.184317401778275e-05,44.96983649800379,30.492889534541877,0.47122489216405333,0.03779208759932172,0.04472959534575871
full_88blocks_v2,DIAGNOSTIC_8k256_L8192,same_lambda_control,8k256,8192,8i,Soldier,r4,4.0,16.0,1089091.0,143728.0,220632.0,0.13197060668024985,0.2025836224888462,0.000533098154622151,32.73192820830511,7.356249365234505e-05,41.33343557287449,1.3906865187683438e-05,48.56770755351069,35.786589047026986,0.4769535570135971,0.039647260324528616,0.041794794418577405
full_88blocks_v2,DIAGNOSTIC_8k256_L8192,same_lambda_control,8k256,8192,8i,Soldier,r5,5.0,16.0,1089091.0,222656.0,443288.0,0.20444205305158156,0.40702567554042773,0.00011392688742740254,39.43373767726722,1.107424827177466e-05,49.556857443374405,8.891329097449735e-06,50.510333147841074,42.08370208185235,0.47531385390016506,0.03703198761693997,0.03984090282982711
full_88blocks_v2,DIAGNOSTIC_8k256_L8192,same_lambda_control,8k256,8192,Owlii,Basketball,x_low,0.0,8.0,796217.0,13976.0,13976.0,0.017553003766561125,0.017553003766561125,1.2744242144731293e-06,58.946859853926156,1.2853923593526496e-06,58.90964285957317,1.2457097406571317e-06,59.04583139631907,58.95457917243115,0.49374693470643993,,
full_88blocks_v2,DIAGNOSTIC_8k256_L8192,same_lambda_control,8k256,8192,Owlii,Basketball,r1,1.0,8.0,796217.0,504.0,14480.0,0.0006329932669109049,0.01818599703347203,0.0020014523208559533,26.986547513174575,0.002096389236563423,26.78528078750551,4.2367485322053984e-05,43.7296731233051,29.05427987373226,0.4826641604595815,0.0679836466100991,0.03850856846327256
full_88blocks_v2,DIAGNOSTIC_8k256_L8192,same_lambda_control,8k256,8192,Owlii,Basketball,r2,2.0,8.0,796217.0,6392.0,20872.0,0.008027962226377985,0.026213959259850015,0.0016978751809455918,27.70094240016137,0.0015279045380756032,28.159037791910325,4.8498364194952776e-05,43.142729095026084,29.68842766098808,0.4839455475407163,0.04460377462696964,0.051776188982083846
full_88blocks_v2,DIAGNOSTIC_8k256_L8192,same_lambda_control,8k256,8192,Owlii,Basketball,r3,3.0,8.0,796217.0,22248.0,43120.0,0.02794213135363852,0.054156090613488535,0.0010965858975948305,29.599573435666436,0.0007498306504961901,31.250368110879833,3.32656151793212e-05,44.780044407580135,31.703481641557325,0.48770529481763697,0.03769384052211482,0.044201977214039435
full_88blocks_v2,DIAGNOSTIC_8k256_L8192,same_lambda_control,8k256,8192,Owlii,Basketball,r4,4.0,8.0,796217.0,59504.0,102624.0,0.07473339554417954,0.12888948615766807,0.00043619865984218735,33.603156730627674,0.00022299496255624355,36.51704947529133,1.758525528609961e-05,47.548513226248545,35.710562885663236,0.4943428869193025,0.04284535405360323,0.04212697369640393
full_88blocks_v2,DIAGNOSTIC_8k256_L8192,same_lambda_control,8k256,8192,Owlii,Basketball,r5,5.0,8.0,796217.0,58176.0,160800.0,0.07306550852343018,0.20195499468109823,9.300374247546268e-05,40.314995750617655,3.515438928354367e-05,44.540204424047985,1.4169704449410091e-05,48.486392081384906,41.86457137614235,0.49218487407107125,0.041128256938367136,0.04121065361119426
full_88blocks_v2,DIAGNOSTIC_8k256_L8192,same_lambda_control,8k256,8192,Owlii,Dancer,x_low,0.0,8.0,702038.0,12728.0,12728.0,0.018130072731105725,0.018130072731105725,1.2872390545805106e-06,58.90340792299715,1.1718892767425182e-06,59.31113419692793,1.4403359599096406e-06,58.415361964344285,58.89336796240689,0.4959779951781159,,
full_88blocks_v2,DIAGNOSTIC_8k256_L8192,same_lambda_control,8k256,8192,Owlii,Dancer,r1,1.0,8.0,702038.0,824.0,13552.0,0.001173725638783086,0.01930379836988881,0.002593083387609506,25.86183517092442,0.0020902266595643503,26.798066174005587,4.230992444688836e-05,43.73557750190539,28.213081837682186,0.4861468319711444,0.06968052443985062,0.038797181818487916
full_88blocks_v2,DIAGNOSTIC_8k256_L8192,same_lambda_control,8k256,8192,Owlii,Dancer,r2,2.0,8.0,702038.0,5872.0,19424.0,0.008364219600648398,0.027668017970537206,0.002313451181305366,26.357396605960666,0.0015408410623603383,28.122421564144485,5.396639701595081e-05,42.678765759745126,28.618195869956697,0.4882942223867236,0.04590642957932252,0.05377270131636691
full_88blocks_v2,DIAGNOSTIC_8k256_L8192,same_lambda_control,8k256,8192,Owlii,Dancer,r3,3.0,8.0,702038.0,21488.0,40912.0,0.030608029764770568,0.05827604773530778,0.0014177615194621892,28.48396815339062,0.0007763655270164626,31.099337568474414,4.161552036514322e-05,43.80744670530075,30.72632414926486,0.49208836356085706,0.039047498658383,0.04735182664084223
full_88blocks_v2,DIAGNOSTIC_8k256_L8192,same_lambda_control,8k256,8192,Owlii,Dancer,r4,4.0,8.0,702038.0,64024.0,104936.0,0.09119734259399064,0.1494733903292984,0.0005481684332618733,32.61085977287769,0.00017340358329876506,37.60941932287713,2.2167910934304926e-05,46.54275232120159,34.97716628516811,0.49817839458282975,0.042361888192525995,0.04333455209542539
full_88blocks_v2,DIAGNOSTIC_8k256_L8192,same_lambda_control,8k256,8192,Owlii,Dancer,r5,5.0,8.0,702038.0,73768.0,178704.0,0.10507693315746441,0.2545503234867628,0.00011209136507303725,39.50427841870432,2.8477836915742436e-05,45.454930013846734,1.608112914174277e-05,47.93683460387837,41.302179391243875,0.49649382992699986,0.040062713947338575,0.041669728060981015
full_88blocks_v2,DIAGNOSTIC_8k256_L8192,same_lambda_control,8k256,8192,Owlii,Exercise,x_low,0.0,8.0,645135.0,10016.0,10016.0,0.01552543266138095,0.01552543266138095,1.3207495057373187e-06,58.79179543166554,1.0064556199584134e-06,59.97205370732712,1.4939488966054167e-06,58.256642581443565,58.87243360984549,0.46535232196872794,,
full_88blocks_v2,DIAGNOSTIC_8k256_L8192,same_lambda_control,8k256,8192,Owlii,Exercise,r1,1.0,8.0,645135.0,264.0,10280.0,0.0004092166755795299,0.015934649336960482,0.001444749890878258,28.40207329663775,0.0020642704308582254,26.852334083355007,4.3881539560486e-05,43.57718143839023,30.105244412696464,0.4512200426248826,0.06659376293605085,0.03849492778077523
full_88blocks_v2,DIAGNOSTIC_8k256_L8192,same_lambda_control,8k256,8192,Owlii,Exercise,r2,2.0,8.0,645135.0,4600.0,14880.0,0.007130290559340293,0.023064939896300773,0.0013267249599815713,28.772191003026485,0.0014758258645001447,28.309648827217497,4.8418412790035236e-05,43.14989451321949,30.51158616982449,0.4531483627689566,0.04341929407864706,0.04993273075520637
full_88blocks_v2,DIAGNOSTIC_8k256_L8192,same_lambda_control,8k256,8192,Owlii,Exercise,r3,3.0,8.0,645135.0,15864.0,30744.0,0.02459020205073357,0.047655141947034345,0.0008267458254974928,30.826279892996308,0.0007056763324769089,31.513944480285897,3.1596402460473084e-05,45.00362362967288,32.68440593349207,0.4571455158027537,0.03684681511927925,0.04261411926210772
full_88blocks_v2,DIAGNOSTIC_8k256_L8192,same_lambda_control,8k256,8192,Owlii,Exercise,r4,4.0,8.0,645135.0,41680.0,72424.0,0.06460663272028336,0.1122617746673177,0.00037770514214570763,34.228471025690745,0.0002334408368978909,36.31823168478877,1.726877106013922e-05,47.62738568095017,36.16455543998543,0.4661856216649214,0.042295803179775486,0.04058887163985978
full_88blocks_v2,DIAGNOSTIC_8k256_L8192,same_lambda_control,8k256,8192,Owlii,Exercise,r5,5.0,8.0,645135.0,36872.0,109296.0,0.05715392902260767,0.16941570368992537,0.00012450731732610852,39.04805124223127,3.269782929998426e-05,44.85481077747363,1.5181190466163226e-05,48.186941709561054,40.91625749255278,0.46301907236030587,0.04133615201838495,0.040715440577065276
full_88blocks_v2,DIAGNOSTIC_8k256_L8192,same_lambda_control,8k256,8192,Owlii,Model,x_low,0.0,8.0,657755.0,11704.0,11704.0,0.017793859415739903,0.017793859415739903,1.2786209369601498e-06,58.93258188427248,1.2433969924127938e-06,59.0539018745854,1.3069764620778835e-06,58.8373223375208,58.93583943971763,0.5231738502563086,,
full_88blocks_v2,DIAGNOSTIC_8k256_L8192,same_lambda_control,8k256,8192,Owlii,Model,r1,1.0,8.0,657755.0,552.0,12256.0,0.0008392182499562907,0.018633077665696194,0.003312712329190698,24.798162759409976,0.002128375107740492,26.719518289777998,6.417694485167105e-05,41.92620961370184,27.179338057492462,0.5144318585834072,0.07000933556034232,0.03790285868252773
full_88blocks_v2,DIAGNOSTIC_8k256_L8192,same_lambda_control,8k256,8192,Owlii,Model,r2,2.0,8.0,657755.0,5936.0,18192.0,0.0090246368328633,0.027657714498559496,0.003529177967351565,24.5232644073611,0.001590214010197784,27.985444246144247,9.794972130637991e-05,40.08996795353507,26.901874830480743,0.5170731382128212,0.04577393722989923,0.052320260783938734
full_88blocks_v2,DIAGNOSTIC_8k256_L8192,same_lambda_control,8k256,8192,Owlii,Model,r3,3.0,8.0,657755.0,22704.0,40896.0,0.03451741149820222,0.06217512599676171,0.002278833871535754,26.42287334014485,0.0008216740027676727,30.853004536046335,8.388072050290647e-05,40.76337847769253,28.769202881825997,0.5208911976929301,0.04004325122207299,0.049693536214997204
full_88blocks_v2,DIAGNOSTIC_8k256_L8192,same_lambda_control,8k256,8192,Owlii,Model,r4,4.0,8.0,657755.0,69424.0,110320.0,0.10554689816116944,0.16772202415793114,0.0008472337166248235,30.719967693161294,0.00017985132924759416,37.45086348044181,4.391783133184738e-05,43.57359113545794,33.16803259685844,0.5256052120086149,0.043232193736517835,0.04717248705661063
full_88blocks_v2,DIAGNOSTIC_8k256_L8192,same_lambda_control,8k256,8192,Owlii,Model,r5,5.0,8.0,657755.0,125936.0,236256.0,0.19146338682336128,0.3591854109812924,0.00016824081736029498,37.7406863039423,4.203653785217892e-05,43.763730598562304,2.7565867913772014e-05,45.59628329169546,39.47551646423894,0.5233678957206047,0.04021285432347426,0.042320152994070666
full_88blocks_v2,R04_8k256_L4096,4K,8k256,4096,8i,Longdress,x_low,0.0,16.0,857966.0,19568.0,19568.0,0.022807430597482883,0.022807430597482883,1.2653432041021503e-06,58.97791663079495,1.2588577469020356e-06,59.00023343145478,1.211037349520122e-06,59.16842462603968,59.00451973028302,0.4921782813004715,,
full_88blocks_v2,R04_8k256_L4096,4K,8k256,4096,8i,Longdress,r1,1.0,16.0,857966.0,632.0,20200.0,0.0007366259269015323,0.023544056524384415,0.00340265007063371,24.681827115586152,0.0029195369157269586,25.3468602899459,0.0007372184834080932,31.324037847639893,25.59523260388784,0.48376388158208494,0.07745031185609189,0.03835176128113359
full_88blocks_v2,R04_8k256_L4096,4K,8k256,4096,8i,Longdress,r2,2.0,16.0,857966.0,12792.0,32992.0,0.014909681735639875,0.03845373826002429,0.005438293711443361,22.64537340732611,0.0020661689767447096,26.848341636165536,0.0008879695162405905,30.516019431805667,24.154575188990986,0.48839352055518404,0.06483052956724399,0.08905753914010735
full_88blocks_v2,R04_8k256_L4096,4K,8k256,4096,8i,Longdress,r3,3.0,16.0,857966.0,45768.0,78760.0,0.05334477123802109,0.09179850949804538,0.004585358773270347,23.386266780625007,0.0011328462567643939,29.458290260319725,0.0007778731608654139,31.090912128137678,25.108350384025933,0.4916168290484964,0.05377754751712671,0.0728384384139106
full_88blocks_v2,R04_8k256_L4096,4K,8k256,4096,8i,Longdress,r4,4.0,16.0,857966.0,152048.0,230808.0,0.1772191438821585,0.2690176533802039,0.0020192279871154425,26.948146429403344,0.0004176706341328111,33.79166058329335,0.0005229368579114928,32.815507469187686,28.537005828612635,0.4969178281345861,0.050097864717762175,0.05794977334388292
full_88blocks_v2,R04_8k256_L4096,4K,8k256,4096,8i,Longdress,r5,5.0,16.0,857966.0,340384.0,571192.0,0.3967336700988151,0.665751323479019,0.0004188356673729876,33.77956341597551,0.00016584255513523824,37.80304019690209,0.0002773612136547779,35.56954270996815,34.50624542534041,0.4955736623876361,0.04526860650918504,0.04841296676559
full_88blocks_v2,R04_8k256_L4096,4K,8k256,4096,8i,Loot,x_low,0.0,16.0,805285.0,14384.0,14384.0,0.017861999167996422,0.017861999167996422,1.2788980584324583e-06,58.93164071959744,1.3144316495331878e-06,58.81261992290482,1.3738949989902558e-06,58.62046457306775,58.87786610169465,0.4610876951399012,,
full_88blocks_v2,R04_8k256_L4096,4K,8k256,4096,8i,Loot,r1,1.0,16.0,805285.0,216.0,14600.0,0.0002682280186517817,0.018130227186648206,0.0011492592501933122,29.395819920007593,0.0020044253188287223,26.980101201192657,5.299028463927285e-05,42.75803747650541,30.76413227471795,0.4478886752031035,0.06501616919708703,0.039218988480563606
full_88blocks_v2,R04_8k256_L4096,4K,8k256,4096,8i,Loot,r2,2.0,16.0,805285.0,5096.0,19696.0,0.006328194365969812,0.02445842155261802,0.0010934685561787558,29.611937010345738,0.0013350303644663812,28.745088564190855,5.1240056588358535e-05,42.90390399302092,31.165076827410775,0.45049951990663145,0.04318182185176979,0.04815936389998965
full_88blocks_v2,R04_8k256_L4096,4K,8k256,4096,8i,Loot,r3,3.0,16.0,805285.0,18120.0,37816.0,0.02250135045356613,0.04695977200618415,0.000758164033041381,31.202368221545882,0.000542831047670313,32.65335320470156,2.94300711195764e-05,45.31208688399802,33.14745617724686,0.45524148402401005,0.036448672267895534,0.041708091330358944
full_88blocks_v2,R04_8k256_L4096,4K,8k256,4096,8i,Loot,r4,4.0,16.0,805285.0,53808.0,91624.0,0.06681857975747717,0.11377835176366131,0.0005564505876118781,32.545733946361295,0.00040944853510674925,33.878006783327955,1.8754247007657096e-05,47.26900368302614,34.55267676806523,0.46509617765633604,0.04378205231935254,0.04060058822493464
full_88blocks_v2,R04_8k256_L4096,4K,8k256,4096,8i,Loot,r5,5.0,16.0,805285.0,56120.0,147744.0,0.06968961299415735,0.18346796475781865,0.00012476121562373456,39.03920402301332,1.1721840443022968e-05,49.310041945041604,1.1716002874630133e-05,49.31220530432241,41.60718392343049,0.46066324669667996,0.04373553888522516,0.04097735161434979
full_88blocks_v2,R04_8k256_L4096,4K,8k256,4096,8i,Redandblack,x_low,0.0,8.0,757691.0,14888.0,14888.0,0.01964917096811233,0.01964917096811233,1.2389365501628888e-06,59.069509346406726,1.2745863069696602e-06,58.94630751507699,1.2971238406103132e-06,58.87018558436984,59.02919364723589,0.47155585649092147,,
full_88blocks_v2,R04_8k256_L4096,4K,8k256,4096,8i,Redandblack,r1,1.0,8.0,757691.0,368.0,15256.0,0.00048568611742781686,0.020134857085540147,0.0020082611594608936,26.97179811079946,0.0024110439384942063,26.177948750345333,0.0010498510305822326,29.78872321107184,27.224682578276745,0.45920180510459513,0.0753705476449225,0.038856685372397705
full_88blocks_v2,R04_8k256_L4096,4K,8k256,4096,8i,Redandblack,r2,2.0,8.0,757691.0,8928.0,24184.0,0.011783167544553122,0.03191802463009327,0.0025882465964751997,25.869943484104137,0.0016817074094116274,27.74249562361814,0.0012391363240029025,29.068809119408243,26.503870705956402,0.46200701608701505,0.06017356696992468,0.0750991042166035
full_88blocks_v2,R04_8k256_L4096,4K,8k256,4096,8i,Redandblack,r3,3.0,8.0,757691.0,31432.0,55616.0,0.041483929464649835,0.07340195409474311,0.0017642628272845425,27.534367162922173,0.0007485225814325109,31.257950933254676,0.0009871324452130608,30.056245734030867,28.315049955602326,0.4656568359453603,0.050868498644857874,0.06511735673067527
full_88blocks_v2,R04_8k256_L4096,4K,8k256,4096,8i,Redandblack,r4,4.0,8.0,757691.0,86960.0,142576.0,0.11476974122696455,0.18817169532170766,0.0007279327923246957,31.379087158379214,0.00040845831676979995,33.8885225668488,0.0005520036453774861,32.5805805422352,31.84295325741991,0.475009887636777,0.05101459318580822,0.05007500574256421
full_88blocks_v2,R04_8k256_L4096,4K,8k256,4096,8i,Redandblack,r5,5.0,8.0,757691.0,121744.0,264320.0,0.16067763771775037,0.34884933303945803,0.00015299275013458052,38.15329148601655,8.389903612102875e-05,40.76243028560132,0.0003229188091998761,34.90906657696351,38.07390572233302,0.4731492648169597,0.04651408722520323,0.041079080002086286
full_88blocks_v2,R04_8k256_L4096,4K,8k256,4096,8i,Soldier,x_low,0.0,16.0,1089091.0,21912.0,21912.0,0.02011953087483048,0.02011953087483048,1.2414689373055616e-06,59.0606414242078,1.2664293646818925e-06,58.974190280482134,1.2744498257855594e-06,58.946772577336674,59.035601425383206,0.4762915389839926,,
full_88blocks_v2,R04_8k256_L4096,4K,8k256,4096,8i,Soldier,r1,1.0,16.0,1089091.0,376.0,22288.0,0.000345242041298661,0.02046477291612914,0.00199523624460281,27.00005674587251,0.002013509992247348,26.960462108208322,4.078004323278958e-05,43.89552318142185,29.107040720608154,0.4650811550706175,0.0655903247478462,0.03893552109764841
full_88blocks_v2,R04_8k256_L4096,4K,8k256,4096,8i,Soldier,r2,2.0,16.0,1089091.0,9968.0,32256.0,0.009152586882087907,0.029617359798217044,0.00208097581683051,26.81732966726427,0.0014307991490086522,28.444213268267838,4.4670281007943515e-05,43.49981315497372,29.106000553353397,0.46765782130039285,0.043948842962294836,0.04987986374214095
full_88blocks_v2,R04_8k256_L4096,4K,8k256,4096,8i,Soldier,r3,3.0,16.0,1089091.0,37264.0,69520.0,0.03421568996530134,0.06383304976351839,0.0015227347432223359,28.17375743143267,0.0006716163906422758,31.72878713548531,3.087103531521924e-05,45.10448805433776,30.734477472302384,0.4717751914812205,0.037534711220859884,0.044415721192801905
full_88blocks_v2,R04_8k256_L4096,4K,8k256,4096,8i,Soldier,r4,4.0,16.0,1089091.0,121056.0,190576.0,0.11115324614747528,0.17498629591099366,0.0005678599776615959,32.457587389820176,0.00020079205682673064,36.97253471529767,1.5054665796173018e-05,48.223288811003364,34.99266848315276,0.4779580295873293,0.04202989699451621,0.042430535346512234
full_88blocks_v2,R04_8k256_L4096,4K,8k256,4096,8i,Soldier,r5,5.0,16.0,1089091.0,137600.0,328176.0,0.12634389596461637,0.30133019187561005,0.0001719973930082942,37.64478135712757,1.3889037530561999e-05,48.573278485495344,1.0573657132761414e-05,49.75774776375012,40.52496429900136,0.47533245603499724,0.0401620361220192,0.04093302904583295
full_88blocks_v2,R04_8k256_L4096,4K,8k256,4096,Owlii,Basketball,x_low,0.0,8.0,796217.0,13976.0,13976.0,0.017553003766561125,0.017553003766561125,1.274425465027202e-06,58.94685559232738,1.2853925725197718e-06,58.90964213934719,1.2457116733305174e-06,59.04582465840327,58.95457504396434,0.49374694244738554,,
full_88blocks_v2,R04_8k256_L4096,4K,8k256,4096,Owlii,Basketball,r1,1.0,8.0,796217.0,320.0,14296.0,0.00040190048692755867,0.017954904253488686,0.002015539648534557,26.95608654236105,0.0020260903596468318,26.933411898637345,4.0397784383358226e-05,43.93642453118797,29.075794460498955,0.48274223047686426,0.06800105851956374,0.03920612290277408
full_88blocks_v2,R04_8k256_L4096,4K,8k256,4096,Owlii,Basketball,r2,2.0,8.0,796217.0,5520.0,19816.0,0.006932783399500387,0.02488768765298907,0.0016805280910979301,27.74554223624818,0.0014000402477775608,28.538594792242936,4.5457433464261394e-05,43.42395088271728,29.804474886556164,0.4843335016759818,0.044693255374927736,0.05173048204235118
full_88blocks_v2,R04_8k256_L4096,4K,8k256,4096,Owlii,Basketball,r3,3.0,8.0,796217.0,17928.0,37744.0,0.022516474780116476,0.04740416243310555,0.0010172278405350683,29.925817621167646,0.0005850540408766257,32.32804016703208,3.1367921474062324e-05,45.03514257912138,32.11476105914491,0.48825497845560417,0.03749596991449756,0.04486353991449316
full_88blocks_v2,R04_8k256_L4096,4K,8k256,4096,Owlii,Basketball,r4,4.0,8.0,796217.0,45208.0,82952.0,0.056778491290690854,0.1041826537237964,0.0006952798743714511,31.57840341556313,0.000506475898601416,32.954412163519805,2.3699796143091077e-05,46.2525538961485,33.584673319130886,0.4954439033112319,0.0460485285126909,0.04311910460164446
full_88blocks_v2,R04_8k256_L4096,4K,8k256,4096,Owlii,Basketball,r5,5.0,8.0,796217.0,36568.0,119520.0,0.04592717814364677,0.15010983186744317,0.00012206721970987389,39.13400947115517,3.7828861154059484e-05,44.22176733038542,1.5821812629023395e-05,48.007437629567264,40.879157723360464,0.4921449978936539,0.04562122267355305,0.04194126699689256
full_88blocks_v2,R04_8k256_L4096,4K,8k256,4096,Owlii,Dancer,x_low,0.0,8.0,702038.0,12728.0,12728.0,0.018130072731105725,0.018130072731105725,1.287240433037669e-06,58.90340327229909,1.1718880830308841e-06,59.311138620747236,1.4403349509206974e-06,58.41536500667952,58.89336540765265,0.4959779863753628,,
full_88blocks_v2,R04_8k256_L4096,4K,8k256,4096,Owlii,Dancer,r1,1.0,8.0,702038.0,608.0,13336.0,0.0008660499858981993,0.018996122717003922,0.0026157619396502733,25.824017836661135,0.0020285342607405075,26.928176529215,4.0853335598658e-05,43.88772478349427,28.220001041584506,0.48640280056407276,0.06982468886291507,0.038769916270809904
full_88blocks_v2,R04_8k256_L4096,4K,8k256,4096,Owlii,Dancer,r2,2.0,8.0,702038.0,5056.0,18392.0,0.007201889356416604,0.026198012073420526,0.0023016149794786527,26.379673246127986,0.0014116308794905406,28.502788499963533,5.1836337912916517e-05,42.853656877005555,28.704310606717126,0.4885223097192792,0.04604471600114434,0.05394535277869111
full_88blocks_v2,R04_8k256_L4096,4K,8k256,4096,Owlii,Dancer,r3,3.0,8.0,702038.0,18128.0,36520.0,0.025821964053227887,0.052019976126648416,0.0013463404760221587,28.708450974975964,0.0006187806478231568,32.08463277188312,4.000310574423491e-05,43.97906289791463,31.03930018995669,0.4927455068684169,0.03887525103073397,0.047799732420579534
full_88blocks_v2,R04_8k256_L4096,4K,8k256,4096,Owlii,Dancer,r4,4.0,8.0,702038.0,50776.0,87296.0,0.07232656921705093,0.12434654534369935,0.0007572583935179555,31.207559042105842,0.0004282368990747885,33.683159144022824,2.7953752108391915e-05,45.535598904393254,33.308014037631395,0.4990335200342232,0.045547598405996065,0.04414459848389435
full_88blocks_v2,R04_8k256_L4096,4K,8k256,4096,Owlii,Dancer,r5,5.0,8.0,702038.0,46120.0,133416.0,0.06569444958819894,0.19004099493189827,0.00014773253678004403,38.30523844648414,3.1194604134631136e-05,45.059205212769626,1.7819501984149554e-05,47.49104437704198,40.29771003358956,0.4964715380406128,0.04441716125220509,0.04241415433168883
full_88blocks_v2,R04_8k256_L4096,4K,8k256,4096,Owlii,Exercise,x_low,0.0,8.0,645135.0,10016.0,10016.0,0.01552543266138095,0.01552543266138095,1.3207474167417857e-06,58.791802300795126,1.0064569486671065e-06,59.97204797383564,1.4939511277076025e-06,58.25663609558152,58.87243723427349,0.4653523134149383,,
full_88blocks_v2,R04_8k256_L4096,4K,8k256,4096,Owlii,Exercise,r1,1.0,8.0,645135.0,208.0,10224.0,0.00032241313833538716,0.015847845799716338,0.001425816990137346,28.459362145080526,0.0019970557333523885,26.996098147739403,4.206190022648161e-05,43.76111111125833,30.189172766185116,0.45141025477546476,0.0665935005613414,0.03906143002388534
full_88blocks_v2,R04_8k256_L4096,4K,8k256,4096,Owlii,Exercise,r2,2.0,8.0,645135.0,3952.0,14176.0,0.006125849628372356,0.021973695428088694,0.0012947467720179787,28.878151630646755,0.0013519738343679326,28.690317134976265,4.578802191450413e-05,43.39248117996035,30.668963512352143,0.4536101395699067,0.043590782562948946,0.0497325392673973
full_88blocks_v2,R04_8k256_L4096,4K,8k256,4096,Owlii,Exercise,r3,3.0,8.0,645135.0,12640.0,26816.0,0.019592798406535068,0.04156649383462376,0.0007372363458578206,31.323932621447863,0.0005353242774270914,32.71383060532994,2.984685147482228e-05,45.25101475564115,33.23855513620728,0.45797877174564566,0.03664409466354048,0.04334069987545551
full_88blocks_v2,R04_8k256_L4096,4K,8k256,4096,Owlii,Exercise,r4,4.0,8.0,645135.0,28904.0,55720.0,0.04480302572329822,0.08636951955792199,0.0006883491329867544,31.621912302668825,0.0005624619638326063,32.49906841138626,2.4491096564012743e-05,46.109917693449376,33.54255749010608,0.4679389989214636,0.0460211939301835,0.0418135474863406
full_88blocks_v2,R04_8k256_L4096,4K,8k256,4096,Owlii,Exercise,r5,5.0,8.0,645135.0,19336.0,75056.0,0.029972021359870416,0.1163415409177924,0.00015663030429045633,38.051242083517025,3.5154377149043044e-05,44.540205923134636,1.635549310735425e-05,47.86336357648776,40.08887775009057,0.46300742181547505,0.04642111881178321,0.041590973220134685
full_88blocks_v2,R04_8k256_L4096,4K,8k256,4096,Owlii,Model,x_low,0.0,8.0,657755.0,11704.0,11704.0,0.017793859415739903,0.017793859415739903,1.2786235659602566e-06,58.93257295465908,1.2433954718501509e-06,59.05390718561939,1.3069780394743524e-06,58.83731709600201,58.93583275119698,0.5231738427645153,,
full_88blocks_v2,R04_8k256_L4096,4K,8k256,4096,Owlii,Model,r1,1.0,8.0,657755.0,416.0,12120.0,0.000632454333300393,0.018426313749040295,0.003343969130398541,24.757377403716134,0.002060906439855215,26.859417236875043,6.27072978145267e-05,42.02681913457228,27.178812599218013,0.514469054784723,0.0700296841227995,0.03853658719258175
full_88blocks_v2,R04_8k256_L4096,4K,8k256,4096,Owlii,Model,r2,2.0,8.0,657755.0,5168.0,17288.0,0.007857028832924114,0.02628334258196441,0.0035105400373596756,24.54626069515726,0.0014640172194090766,28.344538151831156,9.602992602499696e-05,40.17593405687366,26.97475454745605,0.5173105974698228,0.045914689936451786,0.05229522837214663
full_88blocks_v2,R04_8k256_L4096,4K,8k256,4096,Owlii,Model,r3,3.0,8.0,657755.0,19752.0,37040.0,0.03002941824843597,0.05631276083040038,0.002213390495587004,26.549419592684632,0.0006729427012550681,31.7202191287577,8.19822010879608e-05,40.862804257667364,28.984942617816607,0.5215222614722984,0.039937456988091466,0.05009387865973234
full_88blocks_v2,R04_8k256_L4096,4K,8k256,4096,Owlii,Model,r4,4.0,8.0,657755.0,57624.0,94664.0,0.08760708774543713,0.1439198485758375,0.0009624355254231025,30.166283546930778,0.00035938202834469,34.444436444943825,4.799514058131611e-05,43.18802731906789,32.32877063069955,0.5259299380173206,0.04556412369556333,0.04763790270766339
full_88blocks_v2,R04_8k256_L4096,4K,8k256,4096,Owlii,Model,r5,5.0,8.0,657755.0,92176.0,186840.0,0.14013728515936785,0.28405713373520536,0.00020896222705950735,36.79932211794277,4.593882661776942e-05,43.37820101869245,3.0248332656315616e-05,45.19298559461713,38.670889915120775,0.5234311149125225,0.043356193512763805,0.04271359151629485
full_88blocks_v2,R05_8k256_L2048,2K,8k256,2048,8i,Longdress,x_low,0.0,16.0,857966.0,19568.0,19568.0,0.022807430597482883,0.022807430597482883,1.2653443551897634e-06,58.97791268000303,1.2588587914037497e-06,59.00022982802029,1.2110376479594999e-06,59.16842355579558,59.00451618297925,0.4921782831592792,,
full_88blocks_v2,R05_8k256_L2048,2K,8k256,2048,8i,Longdress,r1,1.0,16.0,857966.0,464.0,20032.0,0.0005408139716492262,0.02334824456913211,0.003385964125588063,24.70317647568395,0.0028090024789739904,25.51447877528842,0.000732942667676611,31.349299954618566,25.635354698001336,0.483930111854809,0.07744932248992455,0.04083535836845786
full_88blocks_v2,R05_8k256_L2048,2K,8k256,2048,8i,Longdress,r2,2.0,16.0,857966.0,11344.0,31376.0,0.013221969168941427,0.03657021373807354,0.005278662386051707,22.77476113820894,0.0019104663461101017,27.188606082385448,0.0008918667834910838,30.497000105514193,24.291771627144158,0.48884120346493654,0.06452303906575661,0.0877203396362484
full_88blocks_v2,R05_8k256_L2048,2K,8k256,2048,8i,Longdress,r3,3.0,16.0,857966.0,40032.0,71408.0,0.04665919162297807,0.0832294053610516,0.004411423239473715,23.554212732689454,0.0009860212779772516,30.061137130421578,0.0007946021600987361,30.99850258664388,25.29811451415027,0.4923115410368407,0.052817559765834264,0.0712881284040669
full_88blocks_v2,R05_8k256_L2048,2K,8k256,2048,8i,Longdress,r4,4.0,16.0,857966.0,129896.0,201304.0,0.15139993892531872,0.23462934428637033,0.0020236327267224795,26.938683056817077,0.0006247874715256809,32.04267687680398,0.000543659253707934,32.6467321537593,28.290188421433218,0.498035780929934,0.05152650353887703,0.05849802249506485
full_88blocks_v2,R05_8k256_L2048,2K,8k256,2048,8i,Longdress,r5,5.0,16.0,857966.0,244536.0,445840.0,0.28501828743796376,0.519647631724334,0.0005240692603230818,32.8061131342006,0.0001961045933484637,37.07512233754306,0.00031316803015413565,35.042225794248054,33.619253367124344,0.4956155529480254,0.047643635774706046,0.04937080092489777
full_88blocks_v2,R05_8k256_L2048,2K,8k256,2048,8i,Loot,x_low,0.0,16.0,805285.0,14384.0,14384.0,0.017861999167996422,0.017861999167996422,1.2788992734678158e-06,58.931636593522676,1.3144334259145742e-06,58.81261405366001,1.3738963277066629e-06,58.620460372936556,58.87786174846658,0.46108769505556646,,
full_88blocks_v2,R05_8k256_L2048,2K,8k256,2048,8i,Loot,r1,1.0,16.0,805285.0,200.0,14584.0,0.0002483592765294275,0.01811035844452585,0.0011124835246633575,29.53706411988175,0.001898761068986466,27.21529681365771,5.110112751444516e-05,42.91569517323221,30.919172088272553,0.44812043190144446,0.06493488735164189,0.04200007344242807
full_88blocks_v2,R05_8k256_L2048,2K,8k256,2048,8i,Loot,r2,2.0,16.0,805285.0,3984.0,18568.0,0.004947316788466195,0.023057675232992045,0.001034494981898499,29.85271611657577,0.0011549402908042255,29.374404677584558,4.731381479024354e-05,43.25012034501399,31.467602715256643,0.4512039393437098,0.043517736374093174,0.04978808359492669
full_88blocks_v2,R05_8k256_L2048,2K,8k256,2048,8i,Loot,r3,3.0,16.0,805285.0,14568.0,33136.0,0.018090489702403498,0.04114816493539554,0.0006521134636372955,31.856768331876907,0.0003326807025206819,34.77972390089536,2.653519986813989e-05,45.76177636834168,33.96026378256231,0.456636179566887,0.03662806123555018,0.04406849924510952
full_88blocks_v2,R05_8k256_L2048,2K,8k256,2048,8i,Loot,r4,4.0,16.0,805285.0,39168.0,72304.0,0.048638680715523075,0.08978684565091861,0.0009761906698674552,30.104653475137976,0.0008760810606784222,30.57455708242162,2.789352492866299e-05,45.54496600099834,32.09343049178098,0.46709105394480727,0.04747557690804657,0.043575632042043844
full_88blocks_v2,R05_8k256_L2048,2K,8k256,2048,8i,Loot,r5,5.0,16.0,805285.0,24976.0,97280.0,0.031015106452994903,0.12080195210391352,0.00019391986256559664,37.123777053058056,1.4029443438888937e-05,48.52959557497212,1.3740841751197867e-05,48.619866619851315,39.98651556414647,0.460693620884664,0.04941213394805217,0.043970151789103816
full_88blocks_v2,R05_8k256_L2048,2K,8k256,2048,8i,Redandblack,x_low,0.0,8.0,757691.0,14888.0,14888.0,0.01964917096811233,0.01964917096811233,1.2389377722948563e-06,59.06950506237048,1.2745866338115725e-06,58.94630640141666,1.2971279617633196e-06,58.87017178621803,59.0291885702322,0.47155585649092147,,
full_88blocks_v2,R05_8k256_L2048,2K,8k256,2048,8i,Redandblack,r1,1.0,8.0,757691.0,248.0,15136.0,0.00032731020957092006,0.01997648117768325,0.002011641410308463,26.964494328625285,0.0023262846952097098,26.333371365583243,0.001047103084586154,29.800105610497493,27.24005536847906,0.4594974248280227,0.07567363735651915,0.041416710962435405
full_88blocks_v2,R05_8k256_L2048,2K,8k256,2048,8i,Redandblack,r2,2.0,8.0,757691.0,7712.0,22848.0,0.010178291678269901,0.030154772855953152,0.0024814501016844803,26.052944534027716,0.0015140006731981144,28.198739317275173,0.001237133625684701,29.075833886786732,26.699030051028526,0.46259337201390227,0.06029465828028182,0.07564223952569318
full_88blocks_v2,R05_8k256_L2048,2K,8k256,2048,8i,Redandblack,r3,3.0,8.0,757691.0,26528.0,49376.0,0.035011634030231324,0.06516640688618447,0.001600697588142565,27.95690709433902,0.0005673516455265788,32.461476811870796,0.0009975974937169684,30.010446506143754,28.776670735506084,0.4664126878529874,0.05021906871169231,0.06437187898066388
full_88blocks_v2,R05_8k256_L2048,2K,8k256,2048,8i,Redandblack,r4,4.0,8.0,757691.0,69128.0,118504.0,0.09123508131942969,0.15640148820561417,0.0010096302615868987,29.958376408225607,0.00077692117062314,31.096230441336267,0.0005880245097179776,32.30604571520069,30.394066825736328,0.476828699500858,0.05302273819534751,0.0506837315193702
full_88blocks_v2,R05_8k256_L2048,2K,8k256,2048,8i,Redandblack,r5,5.0,8.0,757691.0,80616.0,199120.0,0.10639693489826328,0.26279842310387747,0.0002018575699568678,36.949549592640686,9.122211583949181e-05,40.398998587914285,0.00037889811958603955,34.21477550057372,37.03888395554151,0.47292142668445425,0.05052336711256368,0.04376941625980064
full_88blocks_v2,R05_8k256_L2048,2K,8k256,2048,8i,Soldier,x_low,0.0,16.0,1089091.0,21912.0,21912.0,0.02011953087483048,0.02011953087483048,1.241468930196187e-06,59.06064144907803,1.2664275243641566e-06,58.97419659145724,1.2744482057552983e-06,58.94677809792003,59.03560292298069,0.47629153713245365,,
full_88blocks_v2,R05_8k256_L2048,2K,8k256,2048,8i,Soldier,r1,1.0,16.0,1089091.0,232.0,22144.0,0.00021302168505662062,0.0203325525598871,0.001965078199542828,27.06620162360217,0.0019046154931540344,27.201926872095417,3.902614883826264e-05,44.08644303466716,29.210697456046947,0.46513606469116453,0.06542746677723792,0.041763455105308316
full_88blocks_v2,R05_8k256_L2048,2K,8k256,2048,8i,Soldier,r2,2.0,16.0,1089091.0,8360.0,30504.0,0.007676126237385122,0.02800867879727222,0.0020581611608077297,26.865206215516466,0.0012634489565556898,28.984422989233206,4.137976493973875e-05,43.83211980699389,29.250972511165735,0.46814847878704935,0.043948517441421336,0.05001297520546029
full_88blocks_v2,R05_8k256_L2048,2K,8k256,2048,8i,Soldier,r3,3.0,16.0,1089091.0,31656.0,62160.0,0.029066441647208542,0.057075120444480765,0.0014354600719944967,28.43008883107307,0.0004923098019558247,33.077615172783354,2.8460091578448697e-05,45.45763706783325,31.139473153381875,0.47249459194217275,0.03725243513882506,0.045991675640410026
full_88blocks_v2,R05_8k256_L2048,2K,8k256,2048,8i,Soldier,r4,4.0,16.0,1089091.0,98432.0,160592.0,0.09037995906678138,0.14745507951126213,0.0009258969603825799,30.334373416411488,0.0006430786879454259,31.91735882986145,2.108417412325729e-05,46.760434058294216,32.585504173328076,0.47938819704318636,0.046697277904828305,0.0448186963776221
full_88blocks_v2,R05_8k256_L2048,2K,8k256,2048,8i,Soldier,r5,5.0,16.0,1089091.0,58792.0,219384.0,0.05398263322348638,0.20143771273474853,0.0002833548241174972,35.476693890935124,1.6879366453219402e-05,47.72643858127094,1.2573191794560441e-05,49.00554459561108,38.6990183153116,0.4753799078788428,0.0463712702861262,0.04400606395171302
full_88blocks_v2,R05_8k256_L2048,2K,8k256,2048,Owlii,Basketball,x_low,0.0,8.0,796217.0,13976.0,13976.0,0.017553003766561125,0.017553003766561125,1.2744264882093126e-06,58.946852105562726,1.28539326885292e-06,58.90963978665301,1.245710877539359e-06,59.04582743278378,58.954572481601645,0.49374694244738554,,
full_88blocks_v2,R05_8k256_L2048,2K,8k256,2048,Owlii,Basketball,r1,1.0,8.0,796217.0,240.0,14216.0,0.00030142536519566903,0.017854429131756794,0.001990373328250702,27.01065456659268,0.001926284589251808,27.15279549812098,3.83437971131353e-05,44.16304881973677,29.172471464676732,0.48287757453464025,0.06800234103379045,0.04194234097479615
full_88blocks_v2,R05_8k256_L2048,2K,8k256,2048,Owlii,Basketball,r2,2.0,8.0,796217.0,4544.0,18760.0,0.005706986914371334,0.023561416046128127,0.0016494466699228235,27.826617215449208,0.0012301648374294348,29.100366908455282,4.165703488724296e-05,43.80311646004628,29.9828983326496,0.48476946730661374,0.04487194095253818,0.05258382103698389
full_88blocks_v2,R05_8k256_L2048,2K,8k256,2048,Owlii,Basketball,r3,3.0,8.0,796217.0,14472.0,33232.0,0.01817594952129884,0.04173736556742697,0.0009100584143901916,30.409307304996553,0.0003736224139947139,34.27567077885651,2.7960344673584162e-05,45.53457479245633,32.78326117516152,0.48926139021777104,0.03766906143455342,0.04725979422581427
full_88blocks_v2,R05_8k256_L2048,2K,8k256,2048,Owlii,Basketball,r4,4.0,8.0,796217.0,32856.0,66088.0,0.04126513249528709,0.08300249806271406,0.0011549356425886153,29.374422156396825,0.0009763359120042231,30.104007359902056,3.36519638823899e-05,44.729895858709874,31.38505451962411,0.4964728490750716,0.04948225818284912,0.04577814566375099
full_88blocks_v2,R05_8k256_L2048,2K,8k256,2048,Owlii,Basketball,r5,5.0,8.0,796217.0,20104.0,86192.0,0.025249398091223875,0.10825189615393793,0.00017236060689802975,37.63561985388953,4.0602172557880835e-05,43.914507273918844,1.747324129014094e-05,47.57626525821166,39.66306145693346,0.4921021528863435,0.05100947232809727,0.044543992851168314
full_88blocks_v2,R05_8k256_L2048,2K,8k256,2048,Owlii,Dancer,x_low,0.0,8.0,702038.0,12728.0,12728.0,0.018130072731105725,0.018130072731105725,1.2872368945318894e-06,58.90341521067212,1.1718902928176385e-06,59.311130431421795,1.440333757217808e-06,58.41536860597281,58.89337378767842,0.4959779863753628,,
full_88blocks_v2,R05_8k256_L2048,2K,8k256,2048,Owlii,Dancer,r1,1.0,8.0,702038.0,432.0,13160.0,0.0006153513057697732,0.018745424036875496,0.0026165152147751506,25.82276735537853,0.001936619987394227,27.129555902095852,3.895712324289737e-05,44.09413120732418,28.270036405211403,0.4864974084035456,0.06979587129123553,0.04093637313376287
full_88blocks_v2,R05_8k256_L2048,2K,8k256,2048,Owlii,Dancer,r2,2.0,8.0,702038.0,4232.0,17392.0,0.006028163717633518,0.024773587754509014,0.0022941143934309045,26.393849302895212,0.0012449740711746647,29.048396934381458,4.916842453887144e-05,43.08313707207831,28.81182872797888,0.4889957917963846,0.046312877769614076,0.05507591016713071
full_88blocks_v2,R05_8k256_L2048,2K,8k256,2048,Owlii,Dancer,r3,3.0,8.0,702038.0,14848.0,32240.0,0.02114985228719813,0.04592344004170714,0.0012377031009118745,29.0738352098603,0.00041791245811498604,33.789146821946176,3.7421284389749454e-05,44.26881310534349,31.562621398306433,0.49357025177648073,0.038893987620398855,0.04998087332684486
full_88blocks_v2,R05_8k256_L2048,2K,8k256,2048,Owlii,Dancer,r4,4.0,8.0,702038.0,38168.0,70408.0,0.05436742740421459,0.10029086744592174,0.0012757881248376091,28.942214446228526,0.0009499884199932518,30.2228168856766,3.933339874662846e-05,44.05238525160753,30.99106110183191,0.5001280001220482,0.04980667949552129,0.04661647981027003
full_88blocks_v2,R05_8k256_L2048,2K,8k256,2048,Owlii,Dancer,r5,5.0,8.0,702038.0,25088.0,95496.0,0.035735957312852014,0.13602682475877373,0.0002112804151939214,36.75140758354276,3.421375551352651e-05,44.6579925234859,2.042369677845974e-05,46.898656459329125,39.008136810508944,0.4964555706386021,0.05050378929852082,0.045052013449093924
full_88blocks_v2,R05_8k256_L2048,2K,8k256,2048,Owlii,Exercise,x_low,0.0,8.0,645135.0,10016.0,10016.0,0.01552543266138095,0.01552543266138095,1.3207483404482453e-06,58.79179926342043,1.0064562594466333e-06,59.9720509478799,1.4939544956661825e-06,58.25662630487184,58.87243410415928,0.46535232196872794,,
full_88blocks_v2,R05_8k256_L2048,2K,8k256,2048,Owlii,Exercise,r1,1.0,8.0,645135.0,136.0,10152.0,0.00021080859045006085,0.015736241251831012,0.001419807050254377,28.47770671605322,0.001899231908530745,27.214220018528277,3.9793214798796815e-05,44.001909738222025,30.2602962566337,0.45159805109520235,0.06658306608421331,0.041882481518901754
full_88blocks_v2,R05_8k256_L2048,2K,8k256,2048,Owlii,Exercise,r2,2.0,8.0,645135.0,3120.0,13272.0,0.0048361970750308075,0.02057243832686182,0.0012529626316693575,29.020618812020178,0.001179648498044039,29.28247380915135,4.260185634189003e-05,43.70571476449526,30.888987680720962,0.4541944852797478,0.043955970956106746,0.05124066998161138
full_88blocks_v2,R05_8k256_L2048,2K,8k256,2048,Owlii,Exercise,r3,3.0,8.0,645135.0,9800.0,23072.0,0.015190619017724971,0.03576305734458679,0.0006165122994813607,32.100582547639476,0.0003085809063503018,35.10630949702691,2.660976950439921e-05,45.74958887320128,34.18242420700813,0.45936798877380314,0.03704448177460735,0.0460869825692372
full_88blocks_v2,R05_8k256_L2048,2K,8k256,2048,Owlii,Exercise,r4,4.0,8.0,645135.0,18624.0,41696.0,0.028868376386337744,0.06463143373092453,0.001181905403260228,29.27417281903265,0.001044128221243576,29.81246165740615,3.561546596854847e-05,44.48361369268436,31.2426390330358,0.4695490739475,0.049234819507155844,0.044817488719889095
full_88blocks_v2,R05_8k256_L2048,2K,8k256,2048,Owlii,Exercise,r5,5.0,8.0,645135.0,9200.0,50896.0,0.014260581118680586,0.07889201484960512,0.00020632482326732063,36.8544851822424,3.837217635013272e-05,44.15983568274994,1.775974718105788e-05,47.505632209140046,39.09904737316805,0.46298741636140583,0.05179629526425123,0.044392209205590526
full_88blocks_v2,R05_8k256_L2048,2K,8k256,2048,Owlii,Model,x_low,0.0,8.0,657755.0,11704.0,11704.0,0.017793859415739903,0.017793859415739903,1.278623779142846e-06,58.93257223056782,1.2433984490241165e-06,59.053896786927204,1.3069766610438063e-06,58.83732167637809,58.935831480839035,0.5231738427645153,,
full_88blocks_v2,R05_8k256_L2048,2K,8k256,2048,Owlii,Model,r1,1.0,8.0,657755.0,272.0,11976.0,0.00041352783331179545,0.018207387249051698,0.003378405136974092,24.712882712238645,0.0019571401454018564,27.08378074599805,6.095198170000595e-05,42.150121698259696,27.188899839711205,0.5144034488336057,0.07003434225491106,0.0410964642493201
full_88blocks_v2,R05_8k256_L2048,2K,8k256,2048,Owlii,Model,r2,2.0,8.0,657755.0,4480.0,16456.0,0.006811046666311924,0.025018433915363625,0.003488347336578303,24.57380278656573,0.0013004575001566085,28.859038362778463,9.401171207950554e-05,40.26818038159371,27.071254432970818,0.517839972701043,0.046224812545694716,0.05325044095645743
full_88blocks_v2,R05_8k256_L2048,2K,8k256,2048,Owlii,Model,r3,3.0,8.0,657755.0,16768.0,33224.0,0.02549277466533892,0.050511208580702543,0.002115228577370701,26.74642694706479,0.00048193385773527266,33.1701256174388,8.019008757100938e-05,40.95879312255371,29.325935052797657,0.522117416339234,0.03993570008569083,0.05172013059321715
full_88blocks_v2,R05_8k256_L2048,2K,8k256,2048,Owlii,Model,r4,4.0,8.0,657755.0,47080.0,80304.0,0.0715768029129387,0.12208801149364125,0.001283180951447281,28.917120960227678,0.0007387284024971714,31.315152029816357,5.771143760246945e-05,42.3873810720159,30.90065735789979,0.526014463616677,0.04881391183824747,0.049665949081002206
full_88blocks_v2,R05_8k256_L2048,2K,8k256,2048,Owlii,Model,r5,5.0,8.0,657755.0,58656.0,138960.0,0.08917606099535541,0.21126407248899667,0.00028805495495923527,35.40524649883919,5.1266572457322126e-05,42.90165717329076,3.641001390836526e-05,44.38779155168635,37.46511596475153,0.523327465341327,0.048108523799741156,0.044983684681971385
full_88blocks_v2,R06_2k128_L1024,1K,2k128,1024,8i,Longdress,x_low,0.0,16.0,857966.0,19568.0,19568.0,0.022807430597482883,0.022807430597482883,1.2653434563480597e-06,58.97791576502988,1.2588568089788003e-06,59.00023666720591,1.2110368521528282e-06,59.168426409666885,59.00451970838151,0.492178279251851,,
full_88blocks_v2,R06_2k128_L1024,1K,2k128,1024,8i,Longdress,r1,1.0,16.0,857966.0,184.0,19752.0,0.0002144607128953828,0.023021891310378267,0.00448371096056315,23.483623916788567,0.0036558252404530344,24.3701457303693,0.0008787970263713149,30.56111421292622,24.479125430503366,0.4825829442597216,0.06470609564828085,0.04046850726312395
full_88blocks_v2,R06_2k128_L1024,1K,2k128,1024,8i,Longdress,r2,2.0,16.0,857966.0,9856.0,29608.0,0.011487634708135287,0.03450952601851356,0.006104290166424242,22.143648304460793,0.0025803383179847992,25.8832334829985,0.0011598340327315768,29.35604152002117,23.51264560372305,0.4878601206058499,0.05284382155253456,0.06891071119228091
full_88blocks_v2,R06_2k128_L1024,1K,2k128,1024,8i,Longdress,r3,3.0,16.0,857966.0,32960.0,62568.0,0.038416440744738135,0.07292596676325169,0.004816907919226436,23.17231655648214,0.0013332407052776259,28.750914353298477,0.00105070125250676,29.785207500338498,24.696252649066224,0.4922952970359524,0.045057062218370664,0.05857347282329674
full_88blocks_v2,R06_2k128_L1024,1K,2k128,1024,8i,Longdress,r4,4.0,16.0,857966.0,102336.0,164904.0,0.119277453885119,0.19220342064837068,0.002238433634724041,26.500557770904063,0.00097159688047039,30.125138882644684,0.0007122441244652536,31.473711247109403,27.575274594397307,0.5001278282369376,0.04669995142811593,0.05082877043108364
full_88blocks_v2,R06_2k128_L1024,1K,2k128,1024,8i,Longdress,r5,5.0,16.0,857966.0,137120.0,302024.0,0.15981985300116788,0.35202327364953856,0.0007440158713768404,31.284177999677475,0.0003111913713978346,35.06972453476241,0.0005273949824746634,32.77864006309615,31.944179074490428,0.49398422352161375,0.044351033637273704,0.04418195826503788
full_88blocks_v2,R06_2k128_L1024,1K,2k128,1024,8i,Loot,x_low,0.0,16.0,805285.0,14384.0,14384.0,0.017861999167996422,0.017861999167996422,1.278899202410313e-06,58.931636834823,1.3144330422272675e-06,58.81261532137964,1.3738951624047527e-06,58.620464056507096,58.87786254835309,0.46108769687885914,,
full_88blocks_v2,R06_2k128_L1024,1K,2k128,1024,8i,Loot,r1,1.0,16.0,805285.0,128.0,14512.0,0.00015894993697883358,0.018020949104975256,0.0019233921807137754,27.159321538507793,0.0027320647767273094,25.635090078302856,0.00018652455596334159,37.29263985209963,28.235457395181154,0.4459818473284136,0.05872075448743923,0.041133637117631176
full_88blocks_v2,R06_2k128_L1024,1K,2k128,1024,8i,Loot,r2,2.0,16.0,805285.0,3264.0,17776.0,0.004053223392960256,0.022074172497935512,0.0016811871353670936,27.74383941924071,0.0017788451739451027,27.49861850132721,0.00014903060607272003,38.26724532369452,29.028612542558246,0.449304418725707,0.0410980288464,0.0449737295684745
full_88blocks_v2,R06_2k128_L1024,1K,2k128,1024,8i,Loot,r3,3.0,16.0,805285.0,11176.0,28952.0,0.013878316372464406,0.035952488870399923,0.0008790469228124681,30.55987942019935,0.00039578015564547566,34.02545985040495,4.686088903099756e-05,43.29189476353782,32.58457889189236,0.4572520784882545,0.03704360392488765,0.04281476285817612
full_88blocks_v2,R06_2k128_L1024,1K,2k128,1024,8i,Loot,r4,4.0,16.0,805285.0,22816.0,51768.0,0.028332826266477085,0.064285315136877,0.0013768702097583083,28.611069964478013,0.0012750092559824424,28.944866624398237,7.462473771648941e-05,41.27117182274387,30.23530727925127,0.4696194528273207,0.04515129707386945,0.04231104261719803
full_88blocks_v2,R06_2k128_L1024,1K,2k128,1024,8i,Loot,r5,5.0,16.0,805285.0,6568.0,58336.0,0.008156118641226399,0.0724414337781034,0.00030778275860818055,35.117557121557766,1.7947035291333677e-05,47.4600728318346,2.099835235702141e-05,46.77814780995911,38.117945421392534,0.46054912327921554,0.04732826162990779,0.04250544573318338
full_88blocks_v2,R06_2k128_L1024,1K,2k128,1024,8i,Redandblack,x_low,0.0,8.0,757691.0,14888.0,14888.0,0.01964917096811233,0.01964917096811233,1.2389377154540633e-06,59.069505261618936,1.2745882396391493e-06,58.94630092982612,1.2971281891434468e-06,58.87017102492131,59.029187940557634,0.47155584875046025,,
full_88blocks_v2,R06_2k128_L1024,1K,2k128,1024,8i,Redandblack,r1,1.0,8.0,757691.0,128.0,15016.0,0.00016893430171402326,0.019818105269826355,0.003044952976088253,25.164194098892608,0.0032445176298292262,24.888498616603364,0.0012146371288276156,29.155534475683872,25.62864971070536,0.45633713844229445,0.06424226694763858,0.040547285385850534
full_88blocks_v2,R06_2k128_L1024,1K,2k128,1024,8i,Redandblack,r2,2.0,8.0,757691.0,6440.0,21456.0,0.008499507054986796,0.02831761232481315,0.003321686655134988,24.786413382796315,0.0021175839702805162,26.74159359223268,0.0015833975709323145,28.004100256407813,25.433021768177298,0.4595393527984849,0.050700437554206196,0.06027644846570243
full_88blocks_v2,R06_2k128_L1024,1K,2k128,1024,8i,Redandblack,r3,3.0,8.0,757691.0,20992.0,42448.0,0.027705225481099816,0.05602283780591297,0.0019756504579348994,27.042898905268608,0.0007207963963853277,31.42187393274664,0.0013560383761493195,28.677280196768827,27.794568445140893,0.4647166205357171,0.04392390976813788,0.05276279788420335
full_88blocks_v2,R06_2k128_L1024,1K,2k128,1024,8i,Redandblack,r4,4.0,8.0,757691.0,46688.0,89136.0,0.061618786550189986,0.11764162435610295,0.0013008368425069285,28.857771714187706,0.0011085994405477884,29.552253449092344,0.0009149488791333876,30.386031705570492,29.135614429973636,0.47721223043816635,0.04810682639173615,0.04481196197563047
full_88blocks_v2,R06_2k128_L1024,1K,2k128,1024,8i,Redandblack,r5,5.0,8.0,757691.0,28440.0,117576.0,0.03753509016208454,0.1551767145181875,0.00029807656243941686,35.25672170909323,0.00010889676011849111,39.629850411220254,0.0008123110573780126,30.90277635002057,35.25911962697502,0.46986579453427435,0.04726599008316249,0.0424133102555957
full_88blocks_v2,R06_2k128_L1024,1K,2k128,1024,8i,Soldier,x_low,0.0,16.0,1089091.0,21912.0,21912.0,0.02011953087483048,0.02011953087483048,1.2414687099233265e-06,59.0606422196434,1.2664277446351385e-06,58.97419583608465,1.2744476231039266e-06,58.94678008342507,59.03560365467126,0.4762915353701062,,
full_88blocks_v2,R06_2k128_L1024,1K,2k128,1024,8i,Soldier,r1,1.0,16.0,1089091.0,144.0,22056.0,0.00013222035624204037,0.020251751231072517,0.002841915305280981,25.4638886905359,0.0027596407770978998,25.591474464411384,0.00016920802680499167,37.71579038965846,27.011324624660656,0.4638842406023486,0.0592549653526214,0.04082802244498769
full_88blocks_v2,R06_2k128_L1024,1K,2k128,1024,8i,Soldier,r2,2.0,16.0,1089091.0,7320.0,29376.0,0.006721201442303719,0.026972952673376238,0.002822459635456761,25.49372260288289,0.0019385522271504296,27.12522494033767,0.0001353857216416301,38.68427135792912,27.346478989445515,0.46710589031652955,0.04150350408796363,0.04550004866739893
full_88blocks_v2,R06_2k128_L1024,1K,2k128,1024,8i,Soldier,r3,3.0,16.0,1089091.0,27736.0,57112.0,0.025467109727286334,0.05244006240066257,0.0019403581362575173,27.121181039637655,0.0007290471283992404,31.372443963155444,5.358420227405433e-05,42.709632303905806,29.601145313110894,0.47295743352553415,0.03639953316488948,0.04373776872503923
full_88blocks_v2,R06_2k128_L1024,1K,2k128,1024,8i,Soldier,r4,4.0,16.0,1089091.0,70344.0,127456.0,0.06458964402423673,0.1170297064248993,0.0013931014719994182,28.560172488851414,0.0011130443385433259,29.534875350353165,5.91597463607721e-05,42.27973696648661,30.396955906243534,0.4820854152841454,0.04560077803937797,0.04259616995912406
full_88blocks_v2,R06_2k128_L1024,1K,2k128,1024,8i,Soldier,r5,5.0,16.0,1089091.0,18080.0,145536.0,0.01660100028372285,0.13363070670862215,0.0004453951907037901,33.5125447670944,2.1502859194140458e-05,46.67503788936541,1.873498198415067e-05,47.27346720194294,36.87797171173434,0.47531531649354597,0.045680864826991435,0.042521216376422935
full_88blocks_v2,R06_2k128_L1024,1K,2k128,1024,Owlii,Basketball,x_low,0.0,8.0,796217.0,13976.0,13976.0,0.017553003766561125,0.017553003766561125,1.2744280798286103e-06,58.946846681703036,1.2853903982583043e-06,58.909649485511906,1.2457084474626954e-06,59.04583590481316,58.95457068506791,0.49374693603454556,,
full_88blocks_v2,R06_2k128_L1024,1K,2k128,1024,Owlii,Basketball,r1,1.0,8.0,796217.0,104.0,14080.0,0.00013061765825145657,0.01768362142481258,0.0029313755728118795,25.329285354508883,0.0027751425837971916,25.567146983915663,0.00017031209061498737,37.68754519970548,26.903800538834304,0.48154294881756865,0.06095269101596762,0.04090741636996046
full_88blocks_v2,R06_2k128_L1024,1K,2k128,1024,Owlii,Basketball,r2,2.0,8.0,796217.0,3920.0,18000.0,0.004923280964862594,0.022606902389675176,0.002353243196128742,26.283331883025355,0.0018981916481792698,27.21659941779698,0.0001346585606982571,38.70766031811823,27.953031379258416,0.48384992118569575,0.042220580433808635,0.048103433074729564
full_88blocks_v2,R06_2k128_L1024,1K,2k128,1024,Owlii,Basketball,r3,3.0,8.0,796217.0,11672.0,29672.0,0.014659320260682703,0.03726622265035788,0.0011516102832065717,29.386944657808165,0.00044542492758880913,33.51225481933025,4.483833868136167e-05,43.483504869531444,31.66467845446384,0.49005944681611807,0.037650946442570825,0.04519671195123872
full_88blocks_v2,R06_2k128_L1024,1K,2k128,1024,Owlii,Basketball,r4,4.0,8.0,796217.0,21360.0,51032.0,0.026826857502414543,0.06409308015277242,0.0015021814256280762,28.232776123445632,0.0013391757513392653,28.73162423116417,8.069454564558739e-05,40.93155819380513,29.882479895705387,0.4985454402321056,0.04627059688469407,0.043698819754082366
full_88blocks_v2,R06_2k128_L1024,1K,2k128,1024,Owlii,Basketball,r5,5.0,8.0,796217.0,8368.0,59400.0,0.01050969773315566,0.07460277788592808,0.00025854826338643846,35.87458374945556,4.4864448226155095e-05,43.480976691324294,2.355973704139678e-05,46.27829561173037,38.125846849973506,0.49222605715908097,0.047924390697699465,0.042888069974520396
full_88blocks_v2,R06_2k128_L1024,1K,2k128,1024,Owlii,Dancer,x_low,0.0,8.0,702038.0,12728.0,12728.0,0.018130072731105725,0.018130072731105725,1.2872365108411198e-06,58.9034165051876,1.1718898522818305e-06,59.31113206401751,1.4403329471920852e-06,58.41537104839144,58.89337526794181,0.49597798968742257,,
full_88blocks_v2,R06_2k128_L1024,1K,2k128,1024,Owlii,Dancer,r1,1.0,8.0,702038.0,248.0,12976.0,0.00035325723109005497,0.018483329962195778,0.003632817324791213,24.39756439965468,0.0027685519649184973,25.577473204939093,0.0001619911889056718,37.9050860714696,26.233493209292092,0.4853227501932854,0.06161288229756971,0.040890913244532
full_88blocks_v2,R06_2k128_L1024,1K,2k128,1024,Owlii,Dancer,r2,2.0,8.0,702038.0,3712.0,16688.0,0.0052874630717995325,0.023770793033995312,0.0030051556751647087,25.221330254536504,0.0018932969269920452,27.22781270007839,0.0001363539223872107,38.65332364531152,27.151139734076118,0.4885773394555235,0.04326372017486887,0.05004840815515502
full_88blocks_v2,R06_2k128_L1024,1K,2k128,1024,Owlii,Dancer,r3,3.0,8.0,702038.0,12304.0,28992.0,0.017526116819887243,0.041296909853882555,0.0015584717482263878,28.07301066149794,0.000527131341422912,32.780811613559514,5.7520177637207256e-05,42.40179781409253,30.45258417457996,0.4947778172145228,0.038069578270466385,0.04687442709699509
full_88blocks_v2,R06_2k128_L1024,1K,2k128,1024,Owlii,Dancer,r4,4.0,8.0,702038.0,24120.0,53112.0,0.034357114572145665,0.07565402442602823,0.0017358777426438462,27.60480865314402,0.0013977118455876215,28.545823541770837,9.700927066497225e-05,40.13186760514646,29.288317883222675,0.5022930162920574,0.047031152720850636,0.04423885124135314
full_88blocks_v2,R06_2k128_L1024,1K,2k128,1024,Owlii,Dancer,r5,5.0,8.0,702038.0,11960.0,65072.0,0.017036114854181682,0.0926901392802099,0.000319374878024139,34.956992483872114,4.027445705713922e-05,43.949703056245184,3.257530374659596e-05,44.87111526041916,37.32034665248713,0.49657024995357085,0.04794440247573817,0.0430749156044916
full_88blocks_v2,R06_2k128_L1024,1K,2k128,1024,Owlii,Exercise,x_low,0.0,8.0,645135.0,10016.0,10016.0,0.01552543266138095,0.01552543266138095,1.3207482978135005e-06,58.79179940361395,1.0064557691738529e-06,59.97205306344938,1.4939485555315107e-06,58.2566435729536,58.872436632260836,0.46535232961805123,,
full_88blocks_v2,R06_2k128_L1024,1K,2k128,1024,Owlii,Exercise,r1,1.0,8.0,645135.0,64.0,10080.0,9.920404256473451e-05,0.015624636703945686,0.0022880928322789795,26.405263593682477,0.0027628375984300236,25.586446424734845,0.00017426794808910644,37.58782482356784,27.700731601299694,0.4493119902787681,0.05998260910383921,0.041140494887098165
full_88blocks_v2,R06_2k128_L1024,1K,2k128,1024,Owlii,Exercise,r2,2.0,8.0,645135.0,2528.0,12608.0,0.003918559681307014,0.0195431963852527,0.0018855100117298592,27.245711572241586,0.0018274691307720282,27.381499503200864,0.00013715647756503538,38.62783676908738,28.68545071321722,0.4523393650818848,0.041538355685368,0.04745055194454294
full_88blocks_v2,R06_2k128_L1024,1K,2k128,1024,Owlii,Exercise,r3,3.0,8.0,645135.0,7256.0,19864.0,0.011247258325776775,0.030790454711029473,0.0007889252084839994,31.029641667301206,0.0003470645837472221,34.59589701707173,4.0475980364033174e-05,43.92802623450844,33.08772165692343,0.46002825334977415,0.03760578282949946,0.04437524030945808
full_88blocks_v2,R06_2k128_L1024,1K,2k128,1024,Owlii,Exercise,r4,4.0,8.0,645135.0,10240.0,30104.0,0.01587264681035752,0.046663101521386995,0.0015507655698741261,28.09453849771913,0.0014139128547480603,28.495773570655277,8.793462890274999e-05,40.558400648606764,29.702675650697103,0.47171206944763955,0.04617031737607111,0.04324729703680571
full_88blocks_v2,R06_2k128_L1024,1K,2k128,1024,Owlii,Exercise,r5,5.0,8.0,645135.0,3856.0,33960.0,0.005977043564525254,0.05264014508591225,0.000273949184047981,35.62329988764541,4.4787706150813885e-05,43.48841179831585,2.244547068503277e-05,46.48871282943588,37.964615494203024,0.46294504090581506,0.0485064179475401,0.04282961310866536
full_88blocks_v2,R06_2k128_L1024,1K,2k128,1024,Owlii,Model,x_low,0.0,8.0,657755.0,11704.0,11704.0,0.017793859415739903,0.017793859415739903,1.2786231396592018e-06,58.932574402624155,1.2433958413230832e-06,59.05390589512062,1.3069780252742787e-06,58.83731714318729,58.93583368175661,0.5231738427645153,,
full_88blocks_v2,R06_2k128_L1024,1K,2k128,1024,Owlii,Model,r1,1.0,8.0,657755.0,128.0,11832.0,0.00019460133332319785,0.0179884607490631,0.0044603598482348275,23.506301023195988,0.0027986253200983744,25.53055240978582,0.00018918244838618767,37.23119158222875,25.474943766398813,0.5145893535771163,0.062225171048006594,0.04083178141205531
full_88blocks_v2,R06_2k128_L1024,1K,2k128,1024,Owlii,Model,r2,2.0,8.0,657755.0,4128.0,15960.0,0.006275892999673131,0.02426435374873623,0.004200977314364103,23.76649663682929,0.0019737693065635083,27.047036088808056,0.00017905323410475065,37.47017830244581,25.889524276528704,0.5182103418632819,0.04342841963829464,0.04943397611134343
full_88blocks_v2,R06_2k128_L1024,1K,2k128,1024,Owlii,Model,r3,3.0,8.0,657755.0,14240.0,30200.0,0.02164939833220576,0.04591375208094199,0.002502066019599647,26.017012351823467,0.0006755110729796033,31.70367527627109,0.00010092206911463003,39.96013854113098,28.47073599104286,0.5234812508256039,0.038642839272765094,0.048632141275920804
full_88blocks_v2,R06_2k128_L1024,1K,2k128,1024,Owlii,Model,r4,4.0,8.0,657755.0,36008.0,66208.0,0.054743787580482095,0.10065753966142409,0.001670976585761457,27.770296355320067,0.0010911279897625995,29.621243035020125,0.00010238690601915882,39.897555805402135,29.51757212154283,0.5278284745293144,0.04609266325518904,0.04595260388173148
full_88blocks_v2,R06_2k128_L1024,1K,2k128,1024,Owlii,Model,r5,5.0,8.0,657755.0,29992.0,96200.0,0.045597524914291795,0.14625506457571588,0.0004398963836112807,33.5664960834394,5.8780480920007285e-05,42.30766865013134,5.4132180383097784e-05,42.66544479665322,35.79651124342762,0.5232529819339237,0.04578489352870031,0.04284509563217957
external_family_probes_88blocks,DIAGNOSTIC_32k8k_L4096_OUT_OF_RANGE_UNKNOWN,4K_alt,32k8k,4096,8i,Longdress,x_low,0.0,16.0,857966.0,19568.0,19568.0,0.022807430597482883,0.022807430597482883,1.2653435593808393e-06,58.977915411398094,1.2588568871535242e-06,59.00023639751002,1.2110371789911904e-06,59.1684252375797,59.004519262934785,0.4921782831592792,,
external_family_probes_88blocks,DIAGNOSTIC_32k8k_L4096_OUT_OF_RANGE_UNKNOWN,4K_alt,32k8k,4096,8i,Longdress,r1,1.0,16.0,857966.0,6088.0,25656.0,0.007095852283190709,0.029903282880673593,0.0003354016977476049,34.7443474339794,0.00039689177624562737,34.01327899752816,0.0006383656263101009,31.949305062214815,34.30358358295242,0.4923456843634063,0.05688583461736842,0.10284437670812957
external_family_probes_88blocks,DIAGNOSTIC_32k8k_L4096_OUT_OF_RANGE_UNKNOWN,4K_alt,32k8k,4096,8i,Longdress,r2,2.0,16.0,857966.0,27360.0,53016.0,0.03188937556966127,0.06179265845033486,0.0003655501063192205,34.37053085446247,0.0005041808788084083,32.97413629078977,0.0006532598832111747,31.84914011081528,33.88080769104749,0.4927868278113185,0.058660462600148726,0.13004361368628914
external_family_probes_88blocks,DIAGNOSTIC_32k8k_L4096_OUT_OF_RANGE_UNKNOWN,4K_alt,32k8k,4096,8i,Longdress,r3,3.0,16.0,857966.0,93040.0,146056.0,0.10844252569449139,0.17023518414482625,0.00031606509455284123,35.00223463920412,0.00031468552518694687,35.021232331783324,0.00037978427976342844,34.20463015779341,34.90490879060018,0.4938620756102053,0.05837529455668817,0.13026394667404356
external_family_probes_88blocks,DIAGNOSTIC_32k8k_L4096_OUT_OF_RANGE_UNKNOWN,4K_alt,32k8k,4096,8i,Longdress,r4,4.0,16.0,857966.0,262248.0,408304.0,0.30566246214884973,0.475897646293676,0.0002616735427652338,35.822401856976114,0.0001648750495728148,37.82845060866675,0.00018289429599702899,37.37799838840935,36.2676075173666,0.49486003588081295,0.0542500267533045,0.10925297967779522
external_family_probes_88blocks,DIAGNOSTIC_32k8k_L4096_OUT_OF_RANGE_UNKNOWN,4K_alt,32k8k,4096,8i,Longdress,r5,5.0,16.0,857966.0,542784.0,951088.0,0.6326404542837362,1.1085381005774122,0.0001998298614475038,36.99339612742457,9.312063756007707e-05,40.309540592419154,0.00010058409044785289,39.974707069253824,37.780578053277544,0.4956455335375673,0.04862777508124505,0.08152308620706689
external_family_probes_88blocks,DIAGNOSTIC_32k8k_L4096_OUT_OF_RANGE_UNKNOWN,4K_alt,32k8k,4096,8i,Loot,x_low,0.0,16.0,805285.0,14384.0,14384.0,0.017861999167996422,0.017861999167996422,1.2788982787014564e-06,58.93163997159722,1.3144329569714214e-06,58.81261560306872,1.373894046851396e-06,58.620467582823196,58.8778653769344,0.4610876950374677,,
external_family_probes_88blocks,DIAGNOSTIC_32k8k_L4096_OUT_OF_RANGE_UNKNOWN,4K_alt,32k8k,4096,8i,Loot,r1,1.0,16.0,805285.0,1944.0,16328.0,0.002414052167866035,0.02027605133586246,0.00015560001635139055,38.079903617080376,1.6638423640926632e-05,47.78887822064312,1.9650749147085444e-05,47.06620888329594,40.41681360080266,0.46022305197669305,0.045855262447096916,0.0633613231308908
external_family_probes_88blocks,DIAGNOSTIC_32k8k_L4096_OUT_OF_RANGE_UNKNOWN,4K_alt,32k8k,4096,8i,Loot,r2,2.0,16.0,805285.0,7112.0,23440.0,0.00883165587338644,0.0291077072092489,0.00018520353358590896,37.323507314649824,1.3055946024993185e-05,48.84191654017303,1.4496433455015904e-05,48.38738833718921,40.14629359565765,0.4602292358231195,0.043241206999483965,0.06569046493927772
external_family_probes_88blocks,DIAGNOSTIC_32k8k_L4096_OUT_OF_RANGE_UNKNOWN,4K_alt,32k8k,4096,8i,Loot,r3,3.0,16.0,805285.0,25896.0,49336.0,0.032157559125030266,0.061265266334279166,0.00017447279160011866,37.582722900758554,1.0474597740103057e-05,49.79862646414937,1.1021474180341443e-05,49.577603124199186,40.60907087411248,0.4603977163031168,0.04162256158264297,0.060762541355021876
external_family_probes_88blocks,DIAGNOSTIC_32k8k_L4096_OUT_OF_RANGE_UNKNOWN,4K_alt,32k8k,4096,8i,Loot,r4,4.0,16.0,805285.0,60200.0,109536.0,0.07475614223535766,0.13602140856963685,0.00013535976784168562,38.685103991717874,1.0242855723450186e-05,49.89578944528947,1.0141866159029601e-05,49.93882125081622,41.493154330801616,0.4605813287287054,0.04093453895020803,0.05555491096584396
external_family_probes_88blocks,DIAGNOSTIC_32k8k_L4096_OUT_OF_RANGE_UNKNOWN,4K_alt,32k8k,4096,8i,Loot,r5,5.0,16.0,805285.0,92776.0,202312.0,0.11520890119647081,0.25123030976610766,9.925774385543608e-05,40.03235600610288,1.0987039605604051e-05,49.591193099554715,1.0907241187405121e-05,49.62285083380367,42.42602249624696,0.46086895009810225,0.04062801290123924,0.05093830600579428
external_family_probes_88blocks,DIAGNOSTIC_32k8k_L4096_OUT_OF_RANGE_UNKNOWN,4K_alt,32k8k,4096,8i,Redandblack,x_low,0.0,8.0,757691.0,14888.0,14888.0,0.01964917096811233,0.01964917096811233,1.2389374312356935e-06,59.069506257911826,1.274587003302085e-06,58.94630514243855,1.2971261569824638e-06,58.87017782885172,59.02919006484515,0.47155585649092147,,
external_family_probes_88blocks,DIAGNOSTIC_32k8k_L4096_OUT_OF_RANGE_UNKNOWN,4K_alt,32k8k,4096,8i,Redandblack,r1,1.0,8.0,757691.0,3072.0,17960.0,0.004054423241136558,0.02370359420924889,0.00019735876278606992,37.0474358603994,4.240782185047173e-05,43.725540331902224,0.0009127582252639282,30.396442447429123,37.050824742715974,0.4714196132074219,0.05688842120854272,0.08493539681770837
external_family_probes_88blocks,DIAGNOSTIC_32k8k_L4096_OUT_OF_RANGE_UNKNOWN,4K_alt,32k8k,4096,8i,Redandblack,r2,2.0,8.0,757691.0,13104.0,31064.0,0.01729464913797313,0.04099824334722202,0.0002056290829294033,36.869154613571084,6.125306922622068e-05,42.12872145092155,0.0009693727980403737,30.13509171354249,36.684842605736314,0.47125760602271544,0.05791400248816182,0.11292460055043896
external_family_probes_88blocks,DIAGNOSTIC_32k8k_L4096_OUT_OF_RANGE_UNKNOWN,4K_alt,32k8k,4096,8i,Redandblack,r3,3.0,8.0,757691.0,41856.0,72920.0,0.05524151666048561,0.09623976000770763,0.00016860369016303005,37.73132924373772,6.651527790077312e-05,41.770785900963965,0.0005904635634108696,32.288068968613594,37.55585379150048,0.4718039871992734,0.05590270235655752,0.10958621188759302
external_family_probes_88blocks,DIAGNOSTIC_32k8k_L4096_OUT_OF_RANGE_UNKNOWN,4K_alt,32k8k,4096,8i,Redandblack,r4,4.0,8.0,757691.0,109576.0,182496.0,0.14461832066106103,0.24085808066876865,0.00013392657696800246,38.7313323116403,6.051732390782263e-05,42.18120284841878,0.00023320825667261968,36.322560775670574,38.861469686741394,0.4723661485002893,0.05217103131433583,0.09146892299861718
external_family_probes_88blocks,DIAGNOSTIC_32k8k_L4096_OUT_OF_RANGE_UNKNOWN,4K_alt,32k8k,4096,8i,Redandblack,r5,5.0,8.0,757691.0,190184.0,372680.0,0.2510046971654672,0.4918627778342359,0.00010914469120735876,39.61997383504273,5.31422559312516e-05,42.7456001338644,0.00011382954626389912,39.43744995288204,39.98786163712535,0.4727125398411759,0.0465958551146165,0.06551433671217355
external_family_probes_88blocks,DIAGNOSTIC_32k8k_L4096_OUT_OF_RANGE_UNKNOWN,4K_alt,32k8k,4096,8i,Soldier,x_low,0.0,16.0,1089091.0,21912.0,21912.0,0.02011953087483048,0.02011953087483048,1.241467850169715e-06,59.06064522726152,1.266426778294147e-06,58.97419914994699,1.274449207619153e-06,58.94677468386389,59.0356056496725,0.4762915390140583,,
external_family_probes_88blocks,DIAGNOSTIC_32k8k_L4096_OUT_OF_RANGE_UNKNOWN,4K_alt,32k8k,4096,8i,Soldier,r1,1.0,16.0,1089091.0,5480.0,27392.0,0.005031719112544315,0.025151249987374794,0.00029200161365533505,35.34614748552707,1.2342216136387796e-05,49.08606852507708,1.1102171014805025e-05,49.54592087199248,38.838609288779,0.4751263331666796,0.04773462592170404,0.082649561153202
external_family_probes_88blocks,DIAGNOSTIC_32k8k_L4096_OUT_OF_RANGE_UNKNOWN,4K_alt,32k8k,4096,8i,Soldier,r2,2.0,16.0,1089091.0,20560.0,47952.0,0.018878128641224654,0.044029378628599444,0.0003231233990611239,34.90631591300914,1.548667617604844e-05,48.10041782582775,1.3376444721518187e-05,48.736593008432564,38.28436328903939,0.4749804322755872,0.044875313207264095,0.08134534851607131
external_family_probes_88blocks,DIAGNOSTIC_32k8k_L4096_OUT_OF_RANGE_UNKNOWN,4K_alt,32k8k,4096,8i,Soldier,r3,3.0,16.0,1089091.0,61736.0,109688.0,0.056685804951101426,0.10071518357970087,0.0002682839173359589,35.71405360953087,1.5125189539532574e-05,48.202991743312076,1.1962579822944759e-05,49.22175151279988,38.96363311416214,0.4751985113629432,0.0431797287024993,0.0737790358943218
external_family_probes_88blocks,DIAGNOSTIC_32k8k_L4096_OUT_OF_RANGE_UNKNOWN,4K_alt,32k8k,4096,8i,Soldier,r4,4.0,16.0,1089091.0,137320.0,247008.0,0.12608680082747906,0.22680198440717994,0.00018813667971131017,37.25526524793813,1.558821168609073e-05,48.072037051710545,1.1968125645165367e-05,49.219738600949576,40.10292089253611,0.4753540644630452,0.04186039960540721,0.06316755073476366
external_family_probes_88blocks,DIAGNOSTIC_32k8k_L4096_OUT_OF_RANGE_UNKNOWN,4K_alt,32k8k,4096,8i,Soldier,r5,5.0,16.0,1089091.0,209208.0,456216.0,0.19209414089364432,0.41889612530082426,0.0001270324436379395,38.96085347599187,1.6518306963746126e-05,47.82034467547255,1.2825724626628415e-05,48.91918088792676,41.31308080241882,0.47551857294052463,0.04110043758364355,0.0537205163330392
external_family_probes_88blocks,DIAGNOSTIC_32k8k_L4096_OUT_OF_RANGE_UNKNOWN,4K_alt,32k8k,4096,Owlii,Basketball,x_low,0.0,8.0,796217.0,13976.0,13976.0,0.017553003766561125,0.017553003766561125,1.2744268576922135e-06,58.94685084645236,1.2853928425275284e-06,58.9096412270744,1.2457113891173495e-06,59.04582564926035,58.95457149438111,0.4937469425085782,,
external_family_probes_88blocks,DIAGNOSTIC_32k8k_L4096_OUT_OF_RANGE_UNKNOWN,4K_alt,32k8k,4096,Owlii,Basketball,r1,1.0,8.0,796217.0,2608.0,16584.0,0.0032754889684596033,0.02082849273502073,0.00021423447320919248,36.69110644055511,1.2150609591407941e-05,49.15401933132042,9.326346802151314e-06,50.30288439250357,39.95044279589433,0.49273965600390784,0.04950839876115045,0.09161203900425009
external_family_probes_88blocks,DIAGNOSTIC_32k8k_L4096_OUT_OF_RANGE_UNKNOWN,4K_alt,32k8k,4096,Owlii,Basketball,r2,2.0,8.0,796217.0,8312.0,24896.0,0.010439365147943337,0.031267857882964066,0.00020837077722166603,36.811631883536755,1.8380116360437894e-05,47.356517435192146,1.2935425495590353e-05,48.882192811068734,39.638562693435176,0.4921769102060907,0.045528421056451024,0.0832073941139109
external_family_probes_88blocks,DIAGNOSTIC_32k8k_L4096_OUT_OF_RANGE_UNKNOWN,4K_alt,32k8k,4096,Owlii,Basketball,r3,3.0,8.0,796217.0,24152.0,49048.0,0.03033343925085749,0.06160129713382156,0.00015885714918808933,37.98993235460246,2.285903597698385e-05,46.40942088844692,1.280356770357038e-05,48.926689976896796,40.40946312411981,0.4922599316169334,0.042873869159429805,0.0700018660806517
external_family_probes_88blocks,DIAGNOSTIC_32k8k_L4096_OUT_OF_RANGE_UNKNOWN,4K_alt,32k8k,4096,Owlii,Basketball,r4,4.0,8.0,796217.0,55216.0,104264.0,0.06934792901935025,0.1309492261531718,0.0001088042316540519,39.6335421356922,2.7321981604211893e-05,45.634878054090606,1.2510814538938291e-05,49.02714413867716,41.55790937586512,0.49225668556313135,0.041530490819287745,0.06021437370312886
external_family_probes_88blocks,DIAGNOSTIC_32k8k_L4096_OUT_OF_RANGE_UNKNOWN,4K_alt,32k8k,4096,Owlii,Basketball,r5,5.0,8.0,796217.0,107944.0,212208.0,0.13557108175283875,0.26652030790601056,8.187329839100485e-05,40.868577130407886,3.176512885691365e-05,44.980493785867694,1.3443563202161679e-05,48.714856067331034,42.36335157945575,0.4923618610418219,0.04078945794950276,0.05326536046366632
external_family_probes_88blocks,DIAGNOSTIC_32k8k_L4096_OUT_OF_RANGE_UNKNOWN,4K_alt,32k8k,4096,Owlii,Dancer,x_low,0.0,8.0,702038.0,12728.0,12728.0,0.018130072731105725,0.018130072731105725,1.2872356581890272e-06,58.90341938191008,1.1718909962695821e-06,59.311127824478056,1.440337665200385e-06,58.41535682250278,58.89337511730516,0.4959779951781159,,
external_family_probes_88blocks,DIAGNOSTIC_32k8k_L4096_OUT_OF_RANGE_UNKNOWN,4K_alt,32k8k,4096,Owlii,Dancer,r1,1.0,8.0,702038.0,2728.0,15456.0,0.0038858295419906047,0.022015902273096327,0.00026611184422205855,35.749357952501605,1.316224014018931e-05,48.80670189922004,1.4298511156350632e-05,48.4470918143311,38.968742678570095,0.4955472152569631,0.05290962020615582,0.10765549014915331
external_family_probes_88blocks,DIAGNOSTIC_32k8k_L4096_OUT_OF_RANGE_UNKNOWN,4K_alt,32k8k,4096,Owlii,Dancer,r2,2.0,8.0,702038.0,9448.0,24904.0,0.013457960965075965,0.035473863238172296,0.00025962979664843027,35.85645466812351,1.9875562852261586e-05,47.01680563795008,1.9513408592498046e-05,47.09666861635029,38.65652528288018,0.4958057219020414,0.047252088759156305,0.09259674213197196
external_family_probes_88blocks,DIAGNOSTIC_32k8k_L4096_OUT_OF_RANGE_UNKNOWN,4K_alt,32k8k,4096,Owlii,Dancer,r3,3.0,8.0,702038.0,26672.0,51576.0,0.037992245434007844,0.07346610867218013,0.00019505405711867349,37.098450119457425,2.2871562755538745e-05,46.4070416014534,1.5002108261709957e-05,48.23847704805087,39.6545274207811,0.49622595984148665,0.04406200091403236,0.07681421870679146
external_family_probes_88blocks,DIAGNOSTIC_32k8k_L4096_OUT_OF_RANGE_UNKNOWN,4K_alt,32k8k,4096,Owlii,Dancer,r4,4.0,8.0,702038.0,63464.0,115040.0,0.0903996649754002,0.16386577364758034,0.00013168448812820352,38.804653800654606,2.2923032836067528e-05,46.39727923492068,1.2884912200789052e-05,48.899185364334286,41.015548425397824,0.49646378654068396,0.042186619561901915,0.0643553267244314
external_family_probes_88blocks,DIAGNOSTIC_32k8k_L4096_OUT_OF_RANGE_UNKNOWN,4K_alt,32k8k,4096,Owlii,Dancer,r5,5.0,8.0,702038.0,122640.0,237680.0,0.17469139847130782,0.33855717211888814,9.251860780625509e-05,40.3377091099232,2.4569132721116142e-05,46.096101736412585,1.2522501149314621e-05,49.023089197789176,42.14318069921762,0.4966656723776228,0.04106457612913466,0.05501989705339413
external_family_probes_88blocks,DIAGNOSTIC_32k8k_L4096_OUT_OF_RANGE_UNKNOWN,4K_alt,32k8k,4096,Owlii,Exercise,x_low,0.0,8.0,645135.0,10016.0,10016.0,0.01552543266138095,0.01552543266138095,1.3207483120206765e-06,58.79179935689726,1.0064561031248744e-06,59.97205162242171,1.4939532451109676e-06,58.256629940253355,58.87243471300732,0.46535232196872794,,
external_family_probes_88blocks,DIAGNOSTIC_32k8k_L4096_OUT_OF_RANGE_UNKNOWN,4K_alt,32k8k,4096,Owlii,Exercise,r1,1.0,8.0,645135.0,1488.0,11504.0,0.0023064939896300773,0.017831926651011028,0.00018040470229031575,37.43752146660367,1.9702690497483622e-05,47.054744647811944,1.3174695231091512e-05,48.802594224900744,40.06030845904184,0.4633246517062347,0.04673225735396885,0.07461117962305919
external_family_probes_88blocks,DIAGNOSTIC_32k8k_L4096_OUT_OF_RANGE_UNKNOWN,4K_alt,32k8k,4096,Owlii,Exercise,r2,2.0,8.0,645135.0,4792.0,16296.0,0.007427902687034496,0.025259829338045527,0.00018453138589178412,37.3392975654904,2.390887926995724e-05,46.21440780985053,1.296268100060957e-05,48.87305166416431,39.89040560836965,0.46313520527893903,0.043716164585050815,0.07208611708272016
external_family_probes_88blocks,DIAGNOSTIC_32k8k_L4096_OUT_OF_RANGE_UNKNOWN,4K_alt,32k8k,4096,Owlii,Exercise,r3,3.0,8.0,645135.0,14568.0,30864.0,0.022581320188797695,0.04784114952684322,0.00013956990218810176,38.552082258598304,2.2863467200916946e-05,46.408579090218694,1.1408134729481882e-05,49.42785358466524,40.89361577830922,0.4630333311885062,0.0417408832920912,0.06295123199170297
external_family_probes_88blocks,DIAGNOSTIC_32k8k_L4096_OUT_OF_RANGE_UNKNOWN,4K_alt,32k8k,4096,Owlii,Exercise,r4,4.0,8.0,645135.0,38688.0,69552.0,0.05996884373038201,0.10780999325722523,0.0001149703057929274,39.394143135203706,2.5989211592298676e-05,45.8520689503949,1.2102541997865666e-05,49.17123401609224,41.42352022221367,0.4630979692274971,0.04082859044879506,0.05598114898344506
external_family_probes_88blocks,DIAGNOSTIC_32k8k_L4096_OUT_OF_RANGE_UNKNOWN,4K_alt,32k8k,4096,Owlii,Exercise,r5,5.0,8.0,645135.0,98184.0,167736.0,0.15219140179962334,0.26000139505684855,0.00010734944451323944,39.692001985072764,3.077640482873862e-05,45.11782114011776,1.419896623176112e-05,48.47743273658125,41.46840822339195,0.463243630419311,0.04048455974077277,0.05214412279836978
external_family_probes_88blocks,DIAGNOSTIC_32k8k_L4096_OUT_OF_RANGE_UNKNOWN,4K_alt,32k8k,4096,Owlii,Model,x_low,0.0,8.0,657755.0,11704.0,11704.0,0.017793859415739903,0.017793859415739903,1.278621832230753e-06,58.93257884341076,1.2433969853098186e-06,59.05390189939471,1.3069771726082179e-06,58.83731997650415,58.935836867045424,0.5231738348164431,,
external_family_probes_88blocks,DIAGNOSTIC_32k8k_L4096_OUT_OF_RANGE_UNKNOWN,4K_alt,32k8k,4096,Owlii,Model,r1,1.0,8.0,657755.0,3528.0,15232.0,0.00536369924972064,0.023157558665460543,0.00033267020429047893,34.779860951086484,1.8752886266758715e-05,47.269318802957805,2.551889930801464e-05,45.93138061720646,37.734983140835396,0.5225396453370001,0.05322653803700451,0.11347848626547045
external_family_probes_88blocks,DIAGNOSTIC_32k8k_L4096_OUT_OF_RANGE_UNKNOWN,4K_alt,32k8k,4096,Owlii,Model,r2,2.0,8.0,657755.0,11936.0,27168.0,0.0181465743323882,0.04130413299784874,0.00031462292260377097,35.02209638999234,2.90590916268077e-05,45.36717965661907,3.4761741730491515e-05,44.588984714353714,37.511092838865856,0.5226249562798838,0.04903570926694635,0.10186546927566754
external_family_probes_88blocks,DIAGNOSTIC_32k8k_L4096_OUT_OF_RANGE_UNKNOWN,4K_alt,32k8k,4096,Owlii,Model,r3,3.0,8.0,657755.0,35144.0,62312.0,0.05343022858055051,0.09473436157839925,0.00024018565271758492,36.194529383639185,3.224489715166133e-05,44.91539003950308,2.8111066570119716e-05,45.51122676387219,38.449224138151294,0.5231275305222474,0.04609528948528502,0.08751085545690045
external_family_probes_88blocks,DIAGNOSTIC_32k8k_L4096_OUT_OF_RANGE_UNKNOWN,4K_alt,32k8k,4096,Owlii,Model,r4,4.0,8.0,657755.0,86976.0,149288.0,0.13223160599311293,0.2269659675715122,0.00016686518278811367,37.776342714718254,3.2897223583692874e-05,44.82840753513923,2.168114889269381e-05,46.63917708086741,39.765705113039516,0.523517551985008,0.04365445005415326,0.07194238895833527
external_family_probes_88blocks,DIAGNOSTIC_32k8k_L4096_OUT_OF_RANGE_UNKNOWN,4K_alt,32k8k,4096,Owlii,Model,r5,5.0,8.0,657755.0,187144.0,336432.0,0.2845193119018479,0.5114852794733601,0.00011756861505434714,39.297085977144356,3.511540392310916e-05,44.545023316455726,1.9281540126961922e-05,47.148582794618655,40.93451524674257,0.5236925394411828,0.0420065506735334,0.06022233980781737
external_family_probes_88blocks,DIAGNOSTIC_2k128_L2048_RANGE_UNKNOWN,2K_alt,2k128,2048,8i,Longdress,x_low,0.0,16.0,857966.0,19568.0,19568.0,0.022807430597482883,0.022807430597482883,1.2653441597842252e-06,58.977913350678584,1.2588567379374793e-06,59.00023691229221,1.2110346494808487e-06,59.16843430875893,59.00451891564033,0.4921782831801706,,
external_family_probes_88blocks,DIAGNOSTIC_2k128_L2048_RANGE_UNKNOWN,2K_alt,2k128,2048,8i,Longdress,r1,1.0,16.0,857966.0,208.0,19776.0,0.00024243384935999796,0.023049864446842882,0.004419827178339099,23.54594711863816,0.0038287610584103807,24.169417358335142,0.0008917769222854929,30.497437706652043,24.49281722210202,0.4817427039253931,0.06479856369472263,0.03824867604877571
external_family_probes_88blocks,DIAGNOSTIC_2k128_L2048_RANGE_UNKNOWN,2K_alt,2k128,2048,8i,Longdress,r2,2.0,16.0,857966.0,11104.0,30880.0,0.012942237804295275,0.03599210225113816,0.006145388260153812,22.114506735723808,0.002890178343755936,25.3907535747898,0.0011763206061091583,29.294742951920515,23.421567117631646,0.4865775050644998,0.05278486420357701,0.06999527994285072
external_family_probes_88blocks,DIAGNOSTIC_2k128_L2048_RANGE_UNKNOWN,2K_alt,2k128,2048,8i,Longdress,r3,3.0,16.0,857966.0,37576.0,68456.0,0.043796607324765785,0.07978870957590393,0.005077147333058451,22.943802336791297,0.0016554689773743048,27.810789532878665,0.0010467694136208426,29.801489758389565,24.409386664002,0.4909115194713056,0.04578472343472125,0.060065303519019515
external_family_probes_88blocks,DIAGNOSTIC_2k128_L2048_RANGE_UNKNOWN,2K_alt,2k128,2048,8i,Longdress,r4,4.0,16.0,857966.0,121608.0,190064.0,0.14173988246620495,0.2215285920421089,0.002306972715299052,26.369575418747168,0.0005830667318854941,32.34281737468907,0.0006828535137872278,31.656724514825957,27.777124300249756,0.4983821085966218,0.044967464703895614,0.050962953536729
external_family_probes_88blocks,DIAGNOSTIC_2k128_L2048_RANGE_UNKNOWN,2K_alt,2k128,2048,8i,Longdress,r5,5.0,16.0,857966.0,210128.0,400192.0,0.24491413412652716,0.4664427261686361,0.0005795035018019376,32.36943935354115,0.00026045782477216307,35.84262590796743,0.000455513916481483,33.41498350285294,32.93428069150841,0.4941345541448826,0.041648385232856626,0.042908260160536976
external_family_probes_88blocks,DIAGNOSTIC_2k128_L2048_RANGE_UNKNOWN,2K_alt,2k128,2048,8i,Loot,x_low,0.0,16.0,805285.0,14384.0,14384.0,0.017861999167996422,0.017861999167996422,1.2788990247818025e-06,58.93163743802212,1.314433532509158e-06,58.81261370146692,1.3738934855312022e-06,58.62046935718355,58.877863460847905,0.4610876932827805,,
external_family_probes_88blocks,DIAGNOSTIC_2k128_L2048_RANGE_UNKNOWN,2K_alt,2k128,2048,8i,Loot,r1,1.0,16.0,805285.0,128.0,14512.0,0.00015894993697883358,0.018020949104975256,0.001919817317863443,27.167400950560676,0.0028951287469017976,25.383321183525243,0.0001959056633776573,37.07953008935771,28.18340712203088,0.4452843742390399,0.05887597813678046,0.03872774655200929
external_family_probes_88blocks,DIAGNOSTIC_2k128_L2048_RANGE_UNKNOWN,2K_alt,2k128,2048,8i,Loot,r2,2.0,16.0,805285.0,3952.0,18464.0,0.004907579304221487,0.022928528409196743,0.001771693587965199,27.516113866039582,0.0021086112467475393,26.76003481405539,0.0001631728205942968,37.873521792153575,28.71627997530581,0.44820099448043843,0.040844872060676406,0.04330938468091738
external_family_probes_88blocks,DIAGNOSTIC_2k128_L2048_RANGE_UNKNOWN,2K_alt,2k128,2048,8i,Loot,r3,3.0,16.0,805285.0,14280.0,32744.0,0.017732852344201123,0.04066138075339786,0.001153695120662722,29.379089441330592,0.0007892396037501007,31.02791130137298,6.139635837149052e-05,42.118573875896,31.177627728156565,0.45502436052220785,0.036463407280036525,0.04051134766461535
external_family_probes_88blocks,DIAGNOSTIC_2k128_L2048_RANGE_UNKNOWN,2K_alt,2k128,2048,8i,Loot,r4,4.0,16.0,805285.0,35312.0,68056.0,0.04385031386403571,0.08451169461743357,0.0007707620855872487,31.1307965678932,0.0006121338460609529,32.131536068574114,4.315967986397235e-05,43.64921785347466,32.820691666175996,0.46746302295151365,0.04254241753427304,0.03979337170194108
external_family_probes_88blocks,DIAGNOSTIC_2k128_L2048_RANGE_UNKNOWN,2K_alt,2k128,2048,8i,Loot,r5,5.0,16.0,805285.0,22560.0,90616.0,0.02801492639251942,0.112526621009953,0.00020942562517070062,36.78970179441584,1.6376779872629603e-05,47.85771488474821,1.8122769655930927e-05,47.41775429486527,39.50170999326357,0.4605970819104553,0.04276326769102638,0.03998380404010469
external_family_probes_88blocks,DIAGNOSTIC_2k128_L2048_RANGE_UNKNOWN,2K_alt,2k128,2048,8i,Redandblack,x_low,0.0,8.0,757691.0,14888.0,14888.0,0.01964917096811233,0.01964917096811233,1.2389379143993898e-06,59.069504564240454,1.2745861648610753e-06,58.94630799928883,1.2971249916924898e-06,58.87018173039383,59.02918963939067,0.4715558527039277,,
external_family_probes_88blocks,DIAGNOSTIC_2k128_L2048_RANGE_UNKNOWN,2K_alt,2k128,2048,8i,Redandblack,r1,1.0,8.0,757691.0,152.0,15040.0,0.0002006094832854026,0.019849780451397733,0.00297781003020384,25.26103011575711,0.0033990625881722193,24.686408385215085,0.0012283924576478261,29.106628587968505,25.669902208465782,0.455586825592708,0.0642521588030274,0.03843082065615968
external_family_probes_88blocks,DIAGNOSTIC_2k128_L2048_RANGE_UNKNOWN,2K_alt,2k128,2048,8i,Redandblack,r2,2.0,8.0,757691.0,7424.0,22464.0,0.00979818949941335,0.029647969950811082,0.0033789618383334285,24.712167130770723,0.0024228312280303384,26.156768373226477,0.001609057967213097,27.934283099175616,25.295506782128303,0.4583192388472621,0.05052503480066463,0.060272171471027654
external_family_probes_88blocks,DIAGNOSTIC_2k128_L2048_RANGE_UNKNOWN,2K_alt,2k128,2048,8i,Redandblack,r3,3.0,8.0,757691.0,24864.0,47328.0,0.03281548810794902,0.0624634580587601,0.0022807328311144123,26.419255857310038,0.0010992384674437478,29.58908082043772,0.0013503359200450805,28.695581795981116,27.100024720034884,0.4631318011510596,0.0442595152306715,0.05311963880155877
external_family_probes_88blocks,DIAGNOSTIC_2k128_L2048_RANGE_UNKNOWN,2K_alt,2k128,2048,8i,Redandblack,r4,4.0,8.0,757691.0,61432.0,108760.0,0.08107790642887404,0.14354136448763413,0.0009702460396299782,30.131181212963803,0.0005964528865262343,32.244238553126074,0.000846768548402174,30.722352813907612,30.46920983060206,0.4743001838935258,0.04663362614943602,0.04426967878729584
external_family_probes_88blocks,DIAGNOSTIC_2k128_L2048_RANGE_UNKNOWN,2K_alt,2k128,2048,8i,Redandblack,r5,5.0,8.0,757691.0,57312.0,166072.0,0.07564033359245391,0.21918169808008806,0.00023190805757514028,36.34684161669782,0.00010469245774447787,39.80084604643417,0.0006457428643778415,31.899403841921217,36.222662448567796,0.4702255956084819,0.04397861156076627,0.03987236584407894
external_family_probes_88blocks,DIAGNOSTIC_2k128_L2048_RANGE_UNKNOWN,2K_alt,2k128,2048,8i,Soldier,x_low,0.0,16.0,1089091.0,21912.0,21912.0,0.02011953087483048,0.02011953087483048,1.2414675943768095e-06,59.060646122085,1.266428874392471e-06,58.97419196182369,1.2744468486043524e-06,58.94678272269394,59.03560642712846,0.47629153711959127,,
external_family_probes_88blocks,DIAGNOSTIC_2k128_L2048_RANGE_UNKNOWN,2K_alt,2k128,2048,8i,Soldier,r1,1.0,16.0,1089091.0,160.0,22072.0,0.00014691150693560043,0.02026644238176608,0.0028284141896782887,25.48456992640213,0.002923438828401365,25.341059891417924,0.00017913260015086082,37.46825370168588,26.964591643939574,0.4631863362926455,0.059402165883545174,0.03858649235302903
external_family_probes_88blocks,DIAGNOSTIC_2k128_L2048_RANGE_UNKNOWN,2K_alt,2k128,2048,8i,Soldier,r2,2.0,16.0,1089091.0,8640.0,30712.0,0.007933221374522422,0.0281996637562885,0.0028391559867961946,25.468107461342953,0.002243663644503175,26.49042249147233,0.0001498607679326233,38.24312046273843,27.192773465283558,0.46602533446609856,0.04134278057114215,0.04495181782539724
external_family_probes_88blocks,DIAGNOSTIC_2k128_L2048_RANGE_UNKNOWN,2K_alt,2k128,2048,8i,Soldier,r3,3.0,16.0,1089091.0,32496.0,63208.0,0.029837727058620447,0.05803739081490895,0.002127779221451546,26.720734364707646,0.0010921215736494313,29.617290138050578,6.367414875851588e-05,41.9603685228426,28.98775810614238,0.4716295942415863,0.036671484257803776,0.04267327072599548
external_family_probes_88blocks,DIAGNOSTIC_2k128_L2048_RANGE_UNKNOWN,2K_alt,2k128,2048,8i,Soldier,r4,4.0,16.0,1089091.0,91408.0,154616.0,0.08393054391230852,0.14196793472721747,0.0007862864081997333,31.044192315127695,0.0003491185483610864,34.57027076889417,2.7189761282622784e-05,45.65594605361922,33.31142133915994,0.48013014683115945,0.04115279464082064,0.04033558569788866
external_family_probes_88blocks,DIAGNOSTIC_2k128_L2048_RANGE_UNKNOWN,2K_alt,2k128,2048,8i,Soldier,r5,5.0,16.0,1089091.0,58240.0,212856.0,0.05347578852455855,0.19544372325177603,0.00029683932849057656,35.27478559542244,1.9518531335946858e-05,47.09552863753865,1.6473693329183843e-05,47.83209023011973,38.32204155502413,0.4752723356207464,0.03982161483576564,0.03993398826607255
external_family_probes_88blocks,DIAGNOSTIC_2k128_L2048_RANGE_UNKNOWN,2K_alt,2k128,2048,Owlii,Basketball,x_low,0.0,8.0,796217.0,13976.0,13976.0,0.017553003766561125,0.017553003766561125,1.2744256497659395e-06,58.94685496278089,1.2853911656502058e-06,58.909646892727885,1.2457102948763429e-06,59.04582946413308,58.95457576669329,0.49374693603454556,,
external_family_probes_88blocks,DIAGNOSTIC_2k128_L2048_RANGE_UNKNOWN,2K_alt,2k128,2048,Owlii,Basketball,r1,1.0,8.0,796217.0,144.0,14120.0,0.00018085521911740142,0.017733858985678527,0.00292752450884307,25.334994603851474,0.0029364741491066902,25.321738180628884,0.00017953513089757298,37.45850557324516,26.848776422122864,0.48100478813405423,0.06114432797354959,0.03856810651135692
external_family_probes_88blocks,DIAGNOSTIC_2k128_L2048_RANGE_UNKNOWN,2K_alt,2k128,2048,Owlii,Basketball,r2,2.0,8.0,796217.0,4672.0,18792.0,0.005867747109142357,0.023601606094820884,0.002416749083479833,26.167684374354888,0.0022143076546678954,26.547620386324855,0.00014944799657477757,38.25509902520658,27.726103207207597,0.4829445532394925,0.04202301524550358,0.04679066908565256
external_family_probes_88blocks,DIAGNOSTIC_2k128_L2048_RANGE_UNKNOWN,2K_alt,2k128,2048,Owlii,Basketball,r3,3.0,8.0,796217.0,14664.0,33456.0,0.018417089813455377,0.04201869590827626,0.0014101696396526173,28.507286397322098,0.0008557932493255404,30.67631143643428,6.095629475213001e-05,42.14981439595128,30.483730527039768,0.4883858938929677,0.037071741602030236,0.04318771843820009
external_family_probes_88blocks,DIAGNOSTIC_2k128_L2048_RANGE_UNKNOWN,2K_alt,2k128,2048,Owlii,Basketball,r4,4.0,8.0,796217.0,30136.0,63592.0,0.03784897835640284,0.0798676742646791,0.0009114709131163274,30.402571860047626,0.0007341815590585068,31.34196528167243,5.020129325085565e-05,42.99285094718012,32.093780923642285,0.4975329339130674,0.04425449561847131,0.0414808673575626
external_family_probes_88blocks,DIAGNOSTIC_2k128_L2048_RANGE_UNKNOWN,2K_alt,2k128,2048,Owlii,Basketball,r5,5.0,8.0,796217.0,18728.0,82320.0,0.023521225997435374,0.10338890026211447,0.00018581088959979057,37.30928837411729,4.301288668630389e-05,43.66401410041502,2.2002896334238288e-05,46.575201473966594,39.26186822738567,0.4922542770996343,0.043877775159132375,0.04050423983213217
external_family_probes_88blocks,DIAGNOSTIC_2k128_L2048_RANGE_UNKNOWN,2K_alt,2k128,2048,Owlii,Dancer,x_low,0.0,8.0,702038.0,12728.0,12728.0,0.018130072731105725,0.018130072731105725,1.2872383866737802e-06,58.9034101764114,1.1718885022472724e-06,59.31113706715748,1.4403375088998085e-06,58.4153572937845,58.89336942742629,0.49597799849017565,,
external_family_probes_88blocks,DIAGNOSTIC_2k128_L2048_RANGE_UNKNOWN,2K_alt,2k128,2048,Owlii,Dancer,r1,1.0,8.0,702038.0,360.0,13088.0,0.0005127927548081442,0.018642865485913866,0.003587786700902283,24.451733842942524,0.0029297616200635573,25.3316771456146,0.00017021018314919198,37.690144609775885,26.2165281016307,0.4847344308444362,0.06171342651446303,0.03875294985002059
external_family_probes_88blocks,DIAGNOSTIC_2k128_L2048_RANGE_UNKNOWN,2K_alt,2k128,2048,Owlii,Dancer,r2,2.0,8.0,702038.0,4392.0,17480.0,0.00625607160865936,0.024898937094573227,0.0030188349887091868,25.20160625119201,0.0022158174540119584,26.544660210107672,0.00014810295967463333,38.29436262494875,27.006082542776063,0.48755475641317986,0.04308270903374636,0.048858594303352584
external_family_probes_88blocks,DIAGNOSTIC_2k128_L2048_RANGE_UNKNOWN,2K_alt,2k128,2048,Owlii,Dancer,r3,3.0,8.0,702038.0,14848.0,32328.0,0.02114985228719813,0.04604878938177136,0.0017875712795659662,27.47736631649975,0.0009215423657423748,30.354846943188104,6.775931736989588e-05,41.69030977883676,29.61366932762792,0.4932387141383158,0.03777587062305059,0.04514408812532956
external_family_probes_88blocks,DIAGNOSTIC_2k128_L2048_RANGE_UNKNOWN,2K_alt,2k128,2048,Owlii,Dancer,r4,4.0,8.0,702038.0,34776.0,67104.0,0.049535780114466736,0.0955845694962381,0.0010066331126838352,29.971287878079977,0.0006672429043770302,31.757160359088125,6.0639894540663575e-05,42.172415626604305,31.719662906771536,0.501353940258833,0.04403937746153677,0.041983374956689974
external_family_probes_88blocks,DIAGNOSTIC_2k128_L2048_RANGE_UNKNOWN,2K_alt,2k128,2048,Owlii,Dancer,r5,5.0,8.0,702038.0,22392.0,89496.0,0.031895709349066576,0.12748027884530466,0.00023036648452176233,36.37580705136129,3.7458673828032894e-05,44.26447602277455,2.9274219301043408e-05,45.33514678075235,38.48180813896184,0.496599985233505,0.043190875644522175,0.040762233160579614
external_family_probes_88blocks,DIAGNOSTIC_2k128_L2048_RANGE_UNKNOWN,2K_alt,2k128,2048,Owlii,Exercise,x_low,0.0,8.0,645135.0,10016.0,10016.0,0.01552543266138095,0.01552543266138095,1.320748269391042e-06,58.79179949707397,1.0064586113365134e-06,59.97204079928582,1.4939512698133741e-06,58.256635682477324,58.872434183025874,0.46535232196872794,,
external_family_probes_88blocks,DIAGNOSTIC_2k128_L2048_RANGE_UNKNOWN,2K_alt,2k128,2048,Owlii,Exercise,r1,1.0,8.0,645135.0,104.0,10120.0,0.00016120656916769358,0.015686639230548645,0.00226900803904648,26.44163965416368,0.0029235414853895883,25.34090739094374,0.00018325122137552335,37.36953122089932,27.670034567103144,0.4487115446805746,0.06020542388259725,0.03889562786512906
external_family_probes_88blocks,DIAGNOSTIC_2k128_L2048_RANGE_UNKNOWN,2K_alt,2k128,2048,Owlii,Exercise,r2,2.0,8.0,645135.0,3136.0,13256.0,0.004860998085671991,0.020547637316220637,0.001986946676707407,27.018137878083888,0.0021666238975506275,26.642164709573084,0.00015050073697250147,38.2246137341029,28.37195071402241,0.45126478532710224,0.041253624581381695,0.04540847121412129
external_family_probes_88blocks,DIAGNOSTIC_2k128_L2048_RANGE_UNKNOWN,2K_alt,2k128,2048,Owlii,Exercise,r3,3.0,8.0,645135.0,9416.0,22672.0,0.014595394762336565,0.0351430320785572,0.0010371294603442969,29.84167029142382,0.0007460338102414947,31.272414898616777,5.6528256042661985e-05,42.477344127838506,31.599972596874775,0.4576093736645847,0.03676834281281571,0.04212489634291429
external_family_probes_88blocks,DIAGNOSTIC_2k128_L2048_RANGE_UNKNOWN,2K_alt,2k128,2048,Owlii,Exercise,r4,4.0,8.0,645135.0,15968.0,38640.0,0.02475140861990126,0.059894440698458465,0.0009274230057439953,30.32722135156037,0.0008178638558759075,30.873189843027173,5.6267596447372356e-05,42.49741635973386,31.91674178901541,0.47000808526003934,0.04444590492694209,0.040816165646851005
external_family_probes_88blocks,DIAGNOSTIC_2k128_L2048_RANGE_UNKNOWN,2K_alt,2k128,2048,Owlii,Exercise,r5,5.0,8.0,645135.0,8600.0,47240.0,0.0133305432196362,0.07322498391809466,0.0002159274428015318,36.656921585000475,4.133152299680382e-05,43.83718591405409,2.078214046807517e-05,46.82309724074314,38.82522658310001,0.46297282019109004,0.04476194807000695,0.04043555363256229
external_family_probes_88blocks,DIAGNOSTIC_2k128_L2048_RANGE_UNKNOWN,2K_alt,2k128,2048,Owlii,Model,x_low,0.0,8.0,657755.0,11704.0,11704.0,0.017793859415739903,0.017793859415739903,1.2786222869893386e-06,58.93257729878588,1.243396622936059e-06,59.053903165096244,1.3069766610393126e-06,58.837321676393024,58.93583607927557,0.5231738348164431,,
external_family_probes_88blocks,DIAGNOSTIC_2k128_L2048_RANGE_UNKNOWN,2K_alt,2k128,2048,Owlii,Model,r1,1.0,8.0,657755.0,160.0,11864.0,0.0002432516666539973,0.0180371110823939,0.00444182135110035,23.52438912647415,0.0029572152147179487,25.29117068046328,0.00019755305990219139,37.043162391369506,25.435083478834713,0.5140473567402595,0.062283017112624864,0.03852555855485106
external_family_probes_88blocks,DIAGNOSTIC_2k128_L2048_RANGE_UNKNOWN,2K_alt,2k128,2048,Owlii,Model,r2,2.0,8.0,657755.0,4728.0,16592.0,0.007188086749625621,0.02522519783201952,0.004181243410572693,23.78694549313614,0.0022762866998492204,26.42773039148252,0.00019132861593483153,37.182200701547636,25.791450506480874,0.5171217550980083,0.04321635048837234,0.048944797026418956
external_family_probes_88blocks,DIAGNOSTIC_2k128_L2048_RANGE_UNKNOWN,2K_alt,2k128,2048,Owlii,Model,r3,3.0,8.0,657755.0,16544.0,33136.0,0.02515222233202332,0.05037742016404284,0.0026700917337854845,25.73473817739369,0.0010240344355307446,29.8968543895635,0.00011331230074856662,39.457229422349805,27.97031410953443,0.522298860416934,0.03846334031099741,0.04738169197559021
external_family_probes_88blocks,DIAGNOSTIC_2k128_L2048_RANGE_UNKNOWN,2K_alt,2k128,2048,Owlii,Model,r4,4.0,8.0,657755.0,44720.0,77856.0,0.06798884082979224,0.11836626099383508,0.0012384797992692912,29.071110727579384,0.000527365738895946,32.77888088216751,7.557853208378457e-05,41.21601547376707,31.052695090176364,0.5279945785498925,0.043372979371088506,0.04457449796065992
external_family_probes_88blocks,DIAGNOSTIC_2k128_L2048_RANGE_UNKNOWN,2K_alt,2k128,2048,Owlii,Model,r5,5.0,8.0,657755.0,53800.0,131656.0,0.0817933729124066,0.2001596339062417,0.00031305025702877266,35.04385935302817,5.686865197444003e-05,42.45127066226482,4.778587769792179e-05,43.207004327615635,36.99017888850618,0.5233376346061283,0.04159520798798335,0.040540997310965034
rwtt_reference_88blocks,R03_32k8k_L8192,8K,32k8k,8192,RWTT_Train,train_low,x_low,0.0,20.0,1072315.0,2064.0,2064.0,0.001924807542559789,0.001924807542559789,2.4913757402419783e-06,56.03560768807191,2.193493453863145e-06,56.58863657340803,9.086058276940972e-07,60.41624481997211,56.65231594022646,0.4481345418618858,,
rwtt_reference_88blocks,R03_32k8k_L8192,8K,32k8k,8192,RWTT_Train,train_low,r1,1.0,20.0,1072315.0,160.0,2224.0,0.00014920988702013868,0.0020740174295799277,1.0955380201956212e-06,59.603725458306734,1.588692054160073e-06,57.989602765748145,7.149835843795681e-07,61.45703929241173,59.63362435100003,0.4481298914949037,0.043261131352551364,0.04708723845993014
rwtt_reference_88blocks,R03_32k8k_L8192,8K,32k8k,8192,RWTT_Train,train_low,r2,2.0,20.0,1072315.0,160.0,2384.0,0.00014920988702013868,0.0022232273166000664,1.2412174076713564e-06,59.06152142205984,1.3445616621741147e-06,58.714192760528846,4.3896181371558844e-07,63.57573258377303,59.58238173458261,0.4482616933530544,0.04200488131276146,0.04775261944303683
rwtt_reference_88blocks,R03_32k8k_L8192,8K,32k8k,8192,RWTT_Train,train_low,r3,3.0,20.0,1072315.0,160.0,2544.0,0.00014920988702013868,0.0023724372036202047,1.5099962084857784e-06,58.21024143194097,1.1904577782720022e-06,59.24286003021515,2.6595945887156257e-07,65.75184559347258,59.28201927691669,0.4483882764461802,0.041750509485199844,0.04823845294936342
rwtt_reference_88blocks,R03_32k8k_L8192,8K,32k8k,8192,RWTT_Train,train_low,r4,4.0,20.0,1072315.0,312.0,2856.0,0.0002909592796892704,0.0026633964833094755,1.8249490844973655e-06,57.387492477172586,1.0638642369039734e-06,59.73113790203942,1.9999290663011105e-07,66.98985407666179,58.88074335521709,0.4485137697234063,0.04172344418679655,0.04844696886008685
rwtt_reference_88blocks,R03_32k8k_L8192,8K,32k8k,8192,RWTT_Train,train_low,r5,5.0,20.0,1072315.0,1240.0,4096.0,0.0011563766244060748,0.00381977310771555,2.068856311944237e-06,56.84269671294978,9.510677164851805e-07,60.21788559982818,2.3432331193609186e-07,66.30184502945593,58.446988863372844,0.44863139364747556,0.04178821859596283,0.0486404999630136
rwtt_reference_88blocks,R03_32k8k_L8192,8K,32k8k,8192,RWTT_Train,train_typical,x_low,0.0,20.0,1440416.0,31392.0,31392.0,0.021793704041054806,0.021793704041054806,1.1944493727425986e-06,59.22832253284956,1.2643050223061723e-06,58.981481368736084,1.2709929932115984e-06,58.95856843637909,59.16374812527656,0.4908797659953505,,
rwtt_reference_88blocks,R03_32k8k_L8192,8K,32k8k,8192,RWTT_Train,train_typical,r1,1.0,20.0,1440416.0,8704.0,40096.0,0.0060426987759091815,0.02783640281696399,0.000253096239916026,35.967143068206134,7.458467686035691e-05,41.273503875212015,4.425226385932591e-05,43.540645067409855,37.57712591898233,0.49097328278536045,0.054001059568196626,0.11468256007957678
rwtt_reference_88blocks,R03_32k8k_L8192,8K,32k8k,8192,RWTT_Train,train_typical,r2,2.0,20.0,1440416.0,31536.0,71632.0,0.021893675160509187,0.049730077977473176,0.00025849939531487825,35.87540468476107,9.313534793474393e-05,40.30885458659326,4.4720260036036796e-05,43.494956798110884,37.382029936658824,0.49117222710760705,0.049174628360310925,0.09906993602211009
rwtt_reference_88blocks,R03_32k8k_L8192,8K,32k8k,8192,RWTT_Train,train_typical,r3,3.0,20.0,1440416.0,102672.0,174304.0,0.07127940817097284,0.121009486148446,0.00022516267011591374,36.475036098531405,8.221612795430689e-05,40.850429805801895,3.867750486683848e-05,44.12541550553768,37.978257737816,0.4915730637525931,0.04717571057946886,0.09117604976756068
rwtt_reference_88blocks,R03_32k8k_L8192,8K,32k8k,8192,RWTT_Train,train_typical,r4,4.0,20.0,1440416.0,278744.0,453048.0,0.1935163175082754,0.3145258036567214,0.00019510297616285072,37.09736105688798,6.017620124517159e-05,42.205752315233546,3.38380126662864e-05,44.70595151348438,38.686983771255726,0.49202517242190824,0.0450595371168122,0.07861821204265505
rwtt_reference_88blocks,R03_32k8k_L8192,8K,32k8k,8192,RWTT_Train,train_typical,r5,5.0,20.0,1440416.0,747448.0,1200496.0,0.5189112034301202,0.8334370070868415,0.00018679852208141235,37.28626564157459,4.7632880992601056e-05,43.220931501417795,3.1556886845339265e-05,45.00905847432782,38.99344797814915,0.49244062516019405,0.04402070432117744,0.07154716241414327
rwtt_reference_88blocks,R03_32k8k_L8192,8K,32k8k,8192,RWTT_Train,train_high,x_low,0.0,20.0,1328618.0,25592.0,25592.0,0.019262120489109736,0.019262120489109736,1.1976055114866354e-06,59.216862139987335,1.2073842534534741e-06,59.18154492457085,1.196186322883611e-06,59.222011675903005,59.21309118004973,0.5325225752050582,,
rwtt_reference_88blocks,R03_32k8k_L8192,8K,32k8k,8192,RWTT_Train,train_high,r1,1.0,20.0,1328618.0,10016.0,35608.0,0.0075386604727619225,0.02680078096187166,0.00033919957203953536,34.6954470435455,0.00011199010912531386,39.5082033216894,5.2495200102982e-05,42.79880404481414,36.309961203472064,0.5317563308348442,0.10051035608817004,0.29782520524708694
rwtt_reference_88blocks,R03_32k8k_L8192,8K,32k8k,8192,RWTT_Train,train_high,r2,2.0,20.0,1328618.0,38264.0,73872.0,0.02879985067190118,0.05560063163377284,0.00033401658559183904,34.76231967762751,0.00016155120121387684,37.91689808437926,8.568785214224925e-05,40.67080743088919,35.89520294762919,0.535599464937509,0.09169399750271777,0.27047646225695665
rwtt_reference_88blocks,R03_32k8k_L8192,8K,32k8k,8192,RWTT_Train,train_high,r3,3.0,20.0,1328618.0,102040.0,175912.0,0.07680160888983892,0.13240224052361174,0.0002272413184918264,36.4351269953884,7.352902307097083e-05,41.33541204158888,5.051958361776078e-05,42.96540237555624,37.86394704868444,0.537980624955684,0.06495718434032156,0.16895120749785833
rwtt_reference_88blocks,R03_32k8k_L8192,8K,32k8k,8192,RWTT_Train,train_high,r4,4.0,20.0,1328618.0,253720.0,429632.0,0.19096534895658496,0.3233675894801967,0.00017146745849181194,37.658182892562735,4.4138323876383615e-05,43.55184162906552,3.153243959449037e-05,45.012424275572485,39.3141704075018,0.5467959208239412,0.050650929941958495,0.1082135223162317
rwtt_reference_88blocks,R03_32k8k_L8192,8K,32k8k,8192,RWTT_Train,train_high,r5,5.0,20.0,1328618.0,710864.0,1140496.0,0.5350401695596477,0.8584077590398445,0.00017147209812246175,37.65806538112665,4.232343146313598e-05,43.734191281871915,3.067620272903818e-05,45.13198400782062,39.35182094705655,0.5482534185279563,0.04708797581841031,0.0924379540958663
rwtt_reference_88blocks,R03_32k8k_L8192,8K,32k8k,8192,RWTT_Val,val28,x_low,0.0,28.0,2144542.0,41800.0,41800.0,0.01949134127473372,0.01949134127473372,1.282121395123943e-06,58.92070852557859,1.1724547481210732e-06,59.30903910250887,1.1734874123708642e-06,59.305215645802534,59.01731323772287,0.484338696961956,,
rwtt_reference_88blocks,R03_32k8k_L8192,8K,32k8k,8192,RWTT_Val,val28,r1,1.0,28.0,2144542.0,10728.0,52528.0,0.005002466727161324,0.024493808001895042,0.00022157503514465515,36.544791731389346,4.417686670356475e-05,43.54805090221218,5.398384439685872e-05,42.677361909004496,38.186770399944095,0.48399707627259175,0.05440034697083346,0.11626635535252398
rwtt_reference_88blocks,R03_32k8k_L8192,8K,32k8k,8192,RWTT_Val,val28,r2,2.0,28.0,2144542.0,41488.0,94016.0,0.019345855665218962,0.043839663667114004,0.00023811168212875485,36.23219296910968,5.658601569564045e-05,42.472908842996034,6.185476078209754e-05,42.08626868357826,37.74404191765405,0.48453786517801917,0.05120280026820581,0.1120946434236315
rwtt_reference_88blocks,R03_32k8k_L8192,8K,32k8k,8192,RWTT_Val,val28,r3,3.0,28.0,2144542.0,140048.0,234064.0,0.06530438667090689,0.1091440503380209,0.00021459096240476422,36.68388572493043,4.719875164497167e-05,43.2606948782502,4.388503234258149e-05,43.57683577239041,38.36760562502789,0.48509252894992244,0.04868062485842883,0.10227103206870007
rwtt_reference_88blocks,R03_32k8k_L8192,8K,32k8k,8192,RWTT_Val,val28,r4,4.0,28.0,2144542.0,422816.0,656880.0,0.19715911369420602,0.3063031640322269,0.0001920199360845997,37.16653679202386,4.099059051717965e-05,43.87315825120793,3.426254485787269e-05,44.65180382856638,38.940522853989684,0.48549754711894677,0.046776890716479204,0.0923437357700815
rwtt_reference_88blocks,R03_32k8k_L8192,8K,32k8k,8192,RWTT_Val,val28,r5,5.0,28.0,2144542.0,1287224.0,1944104.0,0.6002325904552114,0.9065357544874384,0.00018999751962480254,37.21252068627659,4.087063930733963e-05,43.88588568907483,3.417161449988384e-05,44.66334501686273,38.97804435294964,0.4861307185716748,0.045842601414697814,0.08674214395873561
rwtt_reference_88blocks,DIAGNOSTIC_8k256_L8192,same_lambda_control,8k256,8192,RWTT_Train,train_low,x_low,0.0,20.0,1072315.0,2064.0,2064.0,0.001924807542559789,0.001924807542559789,2.491375998312897e-06,56.035607238204925,2.193492189698624e-06,56.58863907635525,9.086070717934646e-07,60.41623887344278,56.65231517237845,0.4481345418618858,,
rwtt_reference_88blocks,DIAGNOSTIC_8k256_L8192,same_lambda_control,8k256,8192,RWTT_Train,train_low,r1,1.0,20.0,1072315.0,160.0,2224.0,0.00014920988702013868,0.0020740174295799277,0.00045941289293630354,33.377968209552684,0.0019399736528703346,27.12204168260871,4.4236282199695206e-05,43.54221380075984,33.86650809258558,0.43536391863108564,0.060418006859855836,0.038914169401769505
rwtt_reference_88blocks,DIAGNOSTIC_8k256_L8192,same_lambda_control,8k256,8192,RWTT_Train,train_low,r2,2.0,20.0,1072315.0,6280.0,8504.0,0.005856488065540443,0.007930505495120371,0.00041724956025868923,33.7960411235351,0.0013244832264323557,28.779535373395678,4.281979495881039e-05,43.68355416641543,34.40491703512771,0.437684351483031,0.03921103827500902,0.0399825316985429
rwtt_reference_88blocks,DIAGNOSTIC_8k256_L8192,same_lambda_control,8k256,8192,RWTT_Train,train_low,r3,3.0,20.0,1072315.0,1296.0,9800.0,0.0012086000848631233,0.009139105579983493,0.0001605029769531087,37.94516908042175,0.00038851589391010444,34.105912098199234,2.0252529172455992e-05,46.93520733582492,38.58901673956933,0.44239334497464505,0.03624220026159979,0.040058944576608975
rwtt_reference_88blocks,DIAGNOSTIC_8k256_L8192,same_lambda_control,8k256,8192,RWTT_Train,train_low,r4,4.0,20.0,1072315.0,168.0,9968.0,0.0001566703813711456,0.00929577596135464,0.0002975260233621165,35.26475042344532,0.0003459620525235254,34.60971534974397,4.2695894114226715e-06,53.69613887252999,37.48679459536824,0.4522521498189916,0.04451324037540173,0.04024554285903187
rwtt_reference_88blocks,DIAGNOSTIC_8k256_L8192,same_lambda_control,8k256,8192,RWTT_Train,train_low,r5,5.0,20.0,1072315.0,232.0,10200.0,0.00021635433617920108,0.00951213029753384,7.796830683556378e-06,51.08081896841988,2.045200879541224e-06,56.892640291765694,7.212846387293351e-07,61.41893316924205,53.09956090894088,0.4482741380166852,0.04572128929553232,0.039993647205226114
rwtt_reference_88blocks,DIAGNOSTIC_8k256_L8192,same_lambda_control,8k256,8192,RWTT_Train,train_typical,x_low,0.0,20.0,1440416.0,31392.0,31392.0,0.021793704041054806,0.021793704041054806,1.1944490916895056e-06,59.22832355474153,1.2643048625499996e-06,58.98148191750578,1.270992849808974e-06,58.95856892638157,59.16374902154207,0.4908797683423865,,
rwtt_reference_88blocks,DIAGNOSTIC_8k256_L8192,same_lambda_control,8k256,8192,RWTT_Train,train_typical,r1,1.0,20.0,1440416.0,1840.0,33232.0,0.0012774087485837426,0.02307111278963855,0.0030609720308465106,25.14140638682482,0.002341631825321207,26.304813880001873,8.330770883183032e-05,40.79314809538916,27.243300037042488,0.4827512728927407,0.06917831091596548,0.03834747860755982
rwtt_reference_88blocks,DIAGNOSTIC_8k256_L8192,same_lambda_control,8k256,8192,RWTT_Train,train_typical,r2,2.0,20.0,1440416.0,18104.0,51336.0,0.012568591295847866,0.03563970408548642,0.0027746624536609168,25.567898426057837,0.0017114256034884306,27.666419751102133,9.882627937505337e-05,40.05127554703894,27.64063573181101,0.48547248812596094,0.049136921575139575,0.06216766978565728
rwtt_reference_88blocks,DIAGNOSTIC_8k256_L8192,same_lambda_control,8k256,8192,RWTT_Train,train_typical,r3,3.0,20.0,1440416.0,65376.0,116712.0,0.04538688823228845,0.08102659231777487,0.002020790654261099,26.94478675306272,0.0009118284793191707,30.400868475168053,7.439864660809759e-05,41.28434964668921,29.169242330029196,0.4890857791732722,0.041085386865181164,0.05084646535010159
rwtt_reference_88blocks,DIAGNOSTIC_8k256_L8192,same_lambda_control,8k256,8192,RWTT_Train,train_typical,r4,4.0,20.0,1440416.0,213200.0,329912.0,0.14801279630329017,0.22903938862106502,0.0009724730509713533,30.12122424939632,0.0001846833966390274,37.335721466397324,4.565231968117573e-05,43.405371502405394,32.68355480814758,0.4937470494510921,0.04136816322331467,0.045128164713914704
rwtt_reference_88blocks,DIAGNOSTIC_8k256_L8192,same_lambda_control,8k256,8192,RWTT_Train,train_typical,r5,5.0,20.0,1440416.0,432704.0,762616.0,0.30040210605824985,0.5294414946793149,0.0005437169706957557,32.646271114262866,6.572187174713363e-05,41.822900764318014,3.817981808652554e-05,44.18166145198674,35.23527361273524,0.4921732391610534,0.039173208521454,0.041462549577402544
rwtt_reference_88blocks,DIAGNOSTIC_8k256_L8192,same_lambda_control,8k256,8192,RWTT_Train,train_high,x_low,0.0,20.0,1328618.0,25592.0,25592.0,0.019262120489109736,0.019262120489109736,1.1976052346913444e-06,59.216863143745925,1.2073853460591147e-06,59.18154099448493,1.1961865477740252e-06,59.222010859402644,59.21309133954539,0.5325225741806033,,
rwtt_reference_88blocks,DIAGNOSTIC_8k256_L8192,same_lambda_control,8k256,8192,RWTT_Train,train_high,r1,1.0,20.0,1328618.0,3448.0,29040.0,0.0025951778464539843,0.02185729833556372,0.015401787591349095,18.12428870332077,0.002490668395010331,26.03684090128572,0.00012975559951726052,38.86873891383361,21.70641400438049,0.5192215960876033,0.08952644738166651,0.05781387488104732
rwtt_reference_88blocks,DIAGNOSTIC_8k256_L8192,same_lambda_control,8k256,8192,RWTT_Train,train_high,r2,2.0,20.0,1328618.0,15888.0,44928.0,0.01195829049433321,0.03381558882989693,0.010749217243008605,19.686231598803936,0.0018561534924529672,27.31386113155391,0.00022190925859759072,36.538245775608694,22.746187062498276,0.5270656672170194,0.07755467012101054,0.11289863979272265
rwtt_reference_88blocks,DIAGNOSTIC_8k256_L8192,same_lambda_control,8k256,8192,RWTT_Train,train_high,r3,3.0,20.0,1328618.0,61792.0,106720.0,0.046508477229722914,0.08032406605961985,0.005483969538858034,22.609049661988287,0.0009520546631546277,30.213381154549374,0.00015701641482613178,38.04054943159149,25.488528569758827,0.5332764837388394,0.05658300909653556,0.08306581960907565
rwtt_reference_88blocks,DIAGNOSTIC_8k256_L8192,same_lambda_control,8k256,8192,RWTT_Train,train_high,r4,4.0,20.0,1328618.0,193384.0,300104.0,0.1455527472907939,0.22587681335041374,0.0024164354986156203,26.168247928980264,0.0002382638957644834,36.22941761506616,8.02678009032202e-05,40.954586352252875,29.274186442650077,0.5464980446396988,0.04758972927997962,0.05844210484493911
rwtt_reference_88blocks,DIAGNOSTIC_8k256_L8192,same_lambda_control,8k256,8192,RWTT_Train,train_high,r5,5.0,20.0,1328618.0,397248.0,697352.0,0.29899339012417414,0.5248702034745879,0.00115622490786073,29.369576791142038,7.292387119894421e-05,41.37130284672652,5.8096478535336534e-05,42.358501911728496,32.4934081881634,0.5478949655005912,0.043591000453505425,0.05171629761507309
rwtt_reference_88blocks,DIAGNOSTIC_8k256_L8192,same_lambda_control,8k256,8192,RWTT_Val,val28,x_low,0.0,28.0,2144542.0,41800.0,41800.0,0.01949134127473372,0.01949134127473372,1.2821222972412054e-06,58.9207054698273,1.172454861156417e-06,59.30903868380935,1.1734875194375167e-06,59.30521524956092,59.017310844041766,0.48433869288207193,,
rwtt_reference_88blocks,DIAGNOSTIC_8k256_L8192,same_lambda_control,8k256,8192,RWTT_Val,val28,r1,1.0,28.0,2144542.0,2304.0,44104.0,0.0010743552702628346,0.020565696544996553,0.0032302200347160605,24.907678935796444,0.002263744504927008,26.451725908944614,9.967274625201842e-05,40.014235755941144,26.989004409958053,0.4744475845045716,0.06982183918622512,0.03921552897437005
rwtt_reference_88blocks,DIAGNOSTIC_8k256_L8192,same_lambda_control,8k256,8192,RWTT_Val,val28,r2,2.0,28.0,2144542.0,23616.0,67720.0,0.011012141520194056,0.03157783806519061,0.0034712685912408016,24.595117812635312,0.001653341624826394,27.816374002411663,0.00011658045453803933,39.33374255733185,26.840102929444424,0.4771256712182377,0.04961418457879657,0.06177125663186134
rwtt_reference_88blocks,DIAGNOSTIC_8k256_L8192,same_lambda_control,8k256,8192,RWTT_Val,val28,r3,3.0,28.0,2144542.0,85976.0,153696.0,0.040090611421925985,0.07166844948711659,0.002746819667010835,25.61169851752674,0.0008500365787964942,30.705623853119842,8.843775591485014e-05,40.533622860635006,28.11367972736441,0.48091213424964285,0.04263018040010819,0.05429128178712104
rwtt_reference_88blocks,DIAGNOSTIC_8k256_L8192,same_lambda_control,8k256,8192,RWTT_Val,val28,r4,4.0,28.0,2144542.0,279056.0,432752.0,0.13012382131009792,0.2017922707972145,0.0017070860508680394,27.67744586398315,0.00016974845631511569,37.70194166484134,5.6977365028060445e-05,42.44297638989728,30.77619915482969,0.48641239886319165,0.04364565991866334,0.048617770806742205
rwtt_reference_88blocks,DIAGNOSTIC_8k256_L8192,same_lambda_control,8k256,8192,RWTT_Val,val28,r5,5.0,28.0,2144542.0,658280.0,1091032.0,0.30695598407492136,0.5087482548721358,0.0010587266106225402,29.752161709845133,5.0106395521776116e-05,43.00106837754556,4.854699285225565e-05,43.13837666438143,33.081551912624725,0.48573172594510666,0.041861804462316916,0.04709601716256471
rwtt_reference_88blocks,R04_8k256_L4096,4K,8k256,4096,RWTT_Train,train_low,x_low,0.0,20.0,1072315.0,2064.0,2064.0,0.001924807542559789,0.001924807542559789,2.4913758417579928e-06,56.03560751111007,2.19349297212611e-06,56.58863752720964,9.08606187150047e-07,60.41624310184858,56.65231571196483,0.4481345418618858,,
rwtt_reference_88blocks,R04_8k256_L4096,4K,8k256,4096,RWTT_Train,train_low,r1,1.0,20.0,1072315.0,160.0,2224.0,0.00014920988702013868,0.0020740174295799277,0.00044937315262222907,33.47392877658569,0.001869056036896441,27.283776776740932,4.232487192412672e-05,43.73404347400461,33.98267411378245,0.43563809191914116,0.06043050712486716,0.03993647899464109
rwtt_reference_88blocks,R04_8k256_L4096,4K,8k256,4096,RWTT_Train,train_low,r2,2.0,20.0,1072315.0,688.0,2912.0,0.0006416025141865963,0.002715619943766524,0.00035970591180696287,34.440524244443644,0.0011535213085879185,29.379743785016437,3.822409480459774e-05,44.17662790442078,35.024939644512386,0.43834792314189064,0.04015595330508415,0.04050671743038658
rwtt_reference_88blocks,R04_8k256_L4096,4K,8k256,4096,RWTT_Train,train_low,r3,3.0,20.0,1072315.0,160.0,3072.0,0.00014920988702013868,0.0028648298307866627,5.041414210410177e-05,42.974476187877386,0.00017682490976785747,37.52456554861981,1.0270417805471154e-05,49.88411888737694,43.156942695407636,0.44391842178340324,0.0380124325987529,0.041129701313597423
rwtt_reference_88blocks,R04_8k256_L4096,4K,8k256,4096,RWTT_Train,train_low,r4,4.0,20.0,1072315.0,160.0,3232.0,0.00014920988702013868,0.003014039717806801,0.00045845323599968843,33.387049574488515,0.0005299496867117619,32.7576536024953,9.080124740580444e-06,50.41908185204285,35.43737911268366,0.453441888978785,0.04587629212526247,0.04131107941429039
rwtt_reference_88blocks,R04_8k256_L4096,4K,8k256,4096,RWTT_Train,train_low,r5,5.0,20.0,1072315.0,160.0,3392.0,0.00014920988702013868,0.0031632496048269398,4.397301253889027e-06,53.56813780361656,2.1422217756879702e-06,56.6913557039878,3.541906902001473e-07,64.50762858300773,55.32597638858686,0.44819306952069765,0.04828481955342398,0.041057829590037405
rwtt_reference_88blocks,R04_8k256_L4096,4K,8k256,4096,RWTT_Train,train_typical,x_low,0.0,20.0,1440416.0,31392.0,31392.0,0.021793704041054806,0.021793704041054806,1.1944496087727629e-06,59.22832167465842,1.2643053053792285e-06,58.98148039636747,1.2709919131867978e-06,58.9585721267929,59.16374782138886,0.4908797609394434,,
rwtt_reference_88blocks,R04_8k256_L4096,4K,8k256,4096,RWTT_Train,train_typical,r1,1.0,20.0,1440416.0,1232.0,32624.0,0.0008553084664430276,0.022649012507497835,0.0030864555084420446,25.10539979049173,0.00227115815676429,26.43752621738704,8.137069281778498e-05,40.895319862575505,27.24565560286412,0.4828255864220363,0.0691395202583473,0.03873183925556441
rwtt_reference_88blocks,R04_8k256_L4096,4K,8k256,4096,RWTT_Train,train_typical,r2,2.0,20.0,1440416.0,15696.0,48320.0,0.010896852020527403,0.033545864528025236,0.0027443467571898355,25.615610149697915,0.0015830683233552627,28.005003410973078,9.618202771475009e-05,40.169060713457625,27.73346562782727,0.485741857594997,0.04922349035822603,0.06207928814984811
rwtt_reference_88blocks,R04_8k256_L4096,4K,8k256,4096,RWTT_Train,train_typical,r3,3.0,20.0,1440416.0,56824.0,105144.0,0.039449714526914446,0.07299557905493968,0.00194214023474731,27.117194145010938,0.0007686210890555603,31.142877037451946,7.441632924505727e-05,41.283317563506834,29.39116993387805,0.48958700313346276,0.04083445247356007,0.050756462773261665
rwtt_reference_88blocks,R04_8k256_L4096,4K,8k256,4096,RWTT_Train,train_typical,r4,4.0,20.0,1440416.0,177704.0,282848.0,0.12336991535778553,0.19636549441272522,0.0010006326944843426,29.997253111646145,0.00029929739102871366,35.238970688824,4.890674857907518e-05,43.10631209006641,32.29110018109591,0.49430365663647274,0.043175124061469936,0.04539012999512445
rwtt_reference_88blocks,R04_8k256_L4096,4K,8k256,4096,RWTT_Train,train_typical,r5,5.0,20.0,1440416.0,309448.0,592296.0,0.2148323817563815,0.4111978761691067,0.0006005549905437799,32.21447219741024,7.364170194972417e-05,41.328761829758406,4.151573532774111e-05,43.81787265437896,34.804183458574855,0.4921700981088132,0.04171045790120683,0.041897000915555316
rwtt_reference_88blocks,R04_8k256_L4096,4K,8k256,4096,RWTT_Train,train_high,x_low,0.0,20.0,1328618.0,25592.0,25592.0,0.019262120489109736,0.019262120489109736,1.1976070366770265e-06,59.21685660910641,1.2073835876760142e-06,59.18154731936403,1.1961877186177574e-06,59.222006608471006,59.21308669780919,0.5325225739795098,,
rwtt_reference_88blocks,R04_8k256_L4096,4K,8k256,4096,RWTT_Train,train_high,r1,1.0,20.0,1328618.0,2672.0,28264.0,0.002011112298644155,0.021273232787753893,0.015376552881785481,18.131410138331944,0.002436026606189167,26.133179726655833,0.0001279860323229196,38.92837424227743,21.731251849865615,0.5192555873456282,0.08932632388708864,0.05684575207642102
rwtt_reference_88blocks,R04_8k256_L4096,4K,8k256,4096,RWTT_Train,train_high,r2,2.0,20.0,1328618.0,13984.0,42248.0,0.010525222449191567,0.03179845523694546,0.01067613395369955,19.715859857474392,0.0017470861851587212,27.576856703945047,0.0002164934943949009,36.645551496147554,22.81469591811737,0.5273029408300822,0.07765559710551129,0.1136935670177961
rwtt_reference_88blocks,R04_8k256_L4096,4K,8k256,4096,RWTT_Train,train_high,r3,3.0,20.0,1328618.0,52968.0,95216.0,0.039866989608751346,0.07166544484569681,0.005306886051401016,22.75160237371377,0.0008331209422383514,30.792919484922194,0.0001523082902446246,38.17276457074292,25.684412287243468,0.5336181683148881,0.05661154142366756,0.08349674890659517
rwtt_reference_88blocks,R04_8k256_L4096,4K,8k256,4096,RWTT_Train,train_high,r4,4.0,20.0,1328618.0,164496.0,259712.0,0.1238098535470692,0.195475298392766,0.002460420855861258,26.08990600317177,0.0003847845850280885,34.14782334688632,8.761469182827157e-05,40.57423062268587,28.907686248575352,0.5467734958718814,0.049262237742515855,0.05848859799004952
rwtt_reference_88blocks,R04_8k256_L4096,4K,8k256,4096,RWTT_Train,train_high,r5,5.0,20.0,1328618.0,300408.0,560120.0,0.2261056225340918,0.42158092092685784,0.001199715188570139,29.209218428802124,8.138503507111533e-05,40.89455445031305,6.379527266816965e-05,41.952115020028735,32.262747505394316,0.5476980151008795,0.045977296908436285,0.05182528625300234
rwtt_reference_88blocks,R04_8k256_L4096,4K,8k256,4096,RWTT_Val,val28,x_low,0.0,28.0,2144542.0,41800.0,41800.0,0.01949134127473372,0.01949134127473372,1.2821214476454911e-06,58.92070834767174,1.1724545291447384e-06,59.30903991362949,1.1734880483328381e-06,59.305213292179495,59.01731291147993,0.48433869429272913,,
rwtt_reference_88blocks,R04_8k256_L4096,4K,8k256,4096,RWTT_Val,val28,r1,1.0,28.0,2144542.0,1752.0,43552.0,0.0008169576534290305,0.02030829892816275,0.00324700623122983,24.885168779320107,0.0021945448398198344,26.58655541049413,9.80299772853276e-05,40.086410979930605,26.99799738329317,0.4746009423290319,0.06981896630432535,0.039619581065432355
rwtt_reference_88blocks,R04_8k256_L4096,4K,8k256,4096,RWTT_Val,val28,r2,2.0,28.0,2144542.0,20568.0,64120.0,0.009590859027242181,0.02989915795540493,0.0034260291514595213,24.652089460219543,0.0015290606543405835,28.15575286776724,0.00011436548202117189,39.41705035244072,26.935667497690652,0.4774252115306337,0.04976675169882057,0.061846361196600176
rwtt_reference_88blocks,R04_8k256_L4096,4K,8k256,4096,RWTT_Val,val28,r3,3.0,28.0,2144542.0,74336.0,138456.0,0.03466287906695229,0.06456203702235722,0.0026666923524725126,25.740270845464618,0.0007029906028897329,31.53050480300818,8.8405098965787e-05,40.535226853393965,28.31341959114873,0.4814183367118763,0.04240167451613842,0.05415165824934282
rwtt_reference_88blocks,R04_8k256_L4096,4K,8k256,4096,RWTT_Val,val28,r4,4.0,28.0,2144542.0,232448.0,370904.0,0.10839050948873932,0.17295254651109654,0.001785101479706684,27.483370900145854,0.0003221050887611372,34.92002413946456,6.206553916228105e-05,42.07149467548787,30.236468026978443,0.4872366503546386,0.04561963431330182,0.048945313535959184
rwtt_reference_88blocks,R04_8k256_L4096,4K,8k256,4096,RWTT_Val,val28,r5,5.0,28.0,2144542.0,501544.0,872448.0,0.23386998249509686,0.4068225290061934,0.001106828937373361,29.559194950160084,5.5065737866669636e-05,42.59118536967418,5.224740889911798e-05,42.81935242608643,32.84571343709014,0.4856480572384505,0.04462560633039106,0.04740349700414842
rwtt_reference_88blocks,R05_8k256_L2048,2K,8k256,2048,RWTT_Train,train_low,x_low,0.0,20.0,1072315.0,2064.0,2064.0,0.001924807542559789,0.001924807542559789,2.4913757470732258e-06,56.035607676163735,2.19349330736198e-06,56.58863686346884,9.086059067720988e-07,60.4162444419959,56.65231592030589,0.4481345418618858,,
rwtt_reference_88blocks,R05_8k256_L2048,2K,8k256,2048,RWTT_Train,train_low,r1,1.0,20.0,1072315.0,160.0,2224.0,0.00014920988702013868,0.0020740174295799277,0.0004351938559710108,33.613172445983004,0.0017717640941840574,27.515941037889565,4.020833027196304e-05,43.95683961434001,34.14397691601595,0.43600521915226464,0.0604667249634762,0.042911201078443796
rwtt_reference_88blocks,R05_8k256_L2048,2K,8k256,2048,RWTT_Train,train_low,r2,2.0,20.0,1072315.0,184.0,2408.0,0.00017159137007315947,0.002245608799653087,0.00028950511195731426,35.38343763282823,0.0009617834865680656,30.169226838581086,3.466456192731859e-05,44.60114283818025,35.883874434216345,0.43901408237997097,0.04112728585727671,0.04373940171232617
rwtt_reference_88blocks,R05_8k256_L2048,2K,8k256,2048,RWTT_Train,train_low,r3,3.0,20.0,1072315.0,160.0,2568.0,0.00014920988702013868,0.0023948186866732256,3.2906684581294163e-06,54.82715871597502,3.0346513213927397e-05,45.17891201753236,4.4920325929557505e-06,53.4755710127757,53.45217941576976,0.44550853166064525,0.03964158586893888,0.04419671222869254
rwtt_reference_88blocks,R05_8k256_L2048,2K,8k256,2048,RWTT_Train,train_low,r4,4.0,20.0,1072315.0,160.0,2728.0,0.00014920988702013868,0.0025440285736933643,0.0007522281666372766,31.23650408767755,0.0008315849969456505,30.80093354600901,1.4983347236873763e-05,48.24391155654102,33.307983703576916,0.4547799041630573,0.04776524498160224,0.04440101756237134
rwtt_reference_88blocks,R05_8k256_L2048,2K,8k256,2048,RWTT_Train,train_low,r5,5.0,20.0,1072315.0,160.0,2888.0,0.00014920988702013868,0.002693238460713503,2.3002930048259302e-06,56.38216841254437,1.9276635568610167e-06,57.149687630416196,3.898271531527161e-07,64.09127913669698,57.44174715529743,0.4480638715925119,0.051453081693601896,0.04411393090399128
rwtt_reference_88blocks,R05_8k256_L2048,2K,8k256,2048,RWTT_Train,train_typical,x_low,0.0,20.0,1440416.0,31392.0,31392.0,0.021793704041054806,0.021793704041054806,1.1944497740971137e-06,59.22832107354935,1.2643052187040802e-06,58.981480694100455,1.2709937393740517e-06,58.958565886765186,59.16374662777022,0.49087976640500397,,
rwtt_reference_88blocks,R05_8k256_L2048,2K,8k256,2048,RWTT_Train,train_typical,r1,1.0,20.0,1440416.0,888.0,32280.0,0.0006164885699686758,0.02241019261102348,0.003055091656227527,25.149757558971288,0.0021679337521631568,26.63953993125149,7.889331284658333e-05,41.02959806890803,27.320960419248404,0.4828932939982832,0.06912642624460764,0.04151814596907122
rwtt_reference_88blocks,R05_8k256_L2048,2K,8k256,2048,RWTT_Train,train_typical,r2,2.0,20.0,1440416.0,13400.0,45680.0,0.009302868060338124,0.031713060671361606,0.00268473416887248,25.710987098553936,0.0014200541987429553,28.476950797255363,9.305795908636833e-05,40.312464764884155,27.881917269182892,0.4861047927578426,0.04939139674336416,0.06259526010988894
rwtt_reference_88blocks,R05_8k256_L2048,2K,8k256,2048,RWTT_Train,train_typical,r3,3.0,20.0,1440416.0,47968.0,93648.0,0.033301490680470086,0.06501455135183169,0.0018399966398505007,27.351829700859625,0.0005922715157752309,32.274791534625564,7.432943105685785e-05,41.288391914243185,29.709270206753313,0.4900559536730196,0.040467378998951885,0.05150532724545994
rwtt_reference_88blocks,R05_8k256_L2048,2K,8k256,2048,RWTT_Train,train_typical,r4,4.0,20.0,1440416.0,143840.0,237488.0,0.09986004043276386,0.16487459178459557,0.0012482506034837975,29.03698215307205,0.0006568206366165766,31.82553210596428,5.777937478356296e-05,42.382271618604214,31.0537120803751,0.4949204136354811,0.046634535638625144,0.04728315727065427
rwtt_reference_88blocks,R05_8k256_L2048,2K,8k256,2048,RWTT_Train,train_typical,r5,5.0,20.0,1440416.0,185696.0,423184.0,0.1289183124875036,0.2937929042720992,0.000712995323548754,31.469133186244758,8.810107419443825e-05,40.55018796311301,4.8060074563727734e-05,43.182155597370624,34.068392834744024,0.4921365755592136,0.04652598816938797,0.04420244865814462
rwtt_reference_88blocks,R05_8k256_L2048,2K,8k256,2048,RWTT_Train,train_high,x_low,0.0,20.0,1328618.0,25592.0,25592.0,0.019262120489109736,0.019262120489109736,1.1976064160884027e-06,59.21685885957986,1.2073843504322268e-06,59.181544575739615,1.1961867427334431e-06,59.22201015157164,59.213088485598796,0.5325225754163302,,
rwtt_reference_88blocks,R05_8k256_L2048,2K,8k256,2048,RWTT_Train,train_high,r1,1.0,20.0,1328618.0,2128.0,27720.0,0.0016016642857465426,0.02086378477485628,0.015222272339322749,18.17520512429638,0.00235399171608265,26.281950698128576,0.00012968496081702368,38.87110384847916,21.77553566154825,0.5193571477722873,0.08935443665239978,0.05738154968260702
rwtt_reference_88blocks,R05_8k256_L2048,2K,8k256,2048,RWTT_Train,train_high,r2,2.0,20.0,1328618.0,12336.0,40056.0,0.009284835821884094,0.030148620596740373,0.010634133269146582,19.732979013199127,0.0015975847838928985,27.96536084531207,0.0002117764858793254,36.741222624521924,22.888057193628594,0.5275924377090195,0.07764342509324304,0.11371152776998845
rwtt_reference_88blocks,R05_8k256_L2048,2K,8k256,2048,RWTT_Train,train_high,r3,3.0,20.0,1328618.0,44616.0,84672.0,0.03358075835191154,0.06372937894865191,0.005166184652343509,22.86830075115725,0.000676829245762531,31.69520883717745,0.00014624249136785053,38.34926422963543,25.906784696719548,0.5340726040611404,0.056512243437630026,0.08407950017035566
rwtt_reference_88blocks,R05_8k256_L2048,2K,8k256,2048,RWTT_Train,train_high,r4,4.0,20.0,1328618.0,134864.0,219536.0,0.10150697943276397,0.16523635838141587,0.002763085944367038,25.586056063669275,0.0007730542746475327,31.11790014034498,9.79719464239289e-05,40.08898263669244,28.090402394881632,0.5470734180959065,0.05236288708865896,0.05964005813662325
rwtt_reference_88blocks,R05_8k256_L2048,2K,8k256,2048,RWTT_Train,train_high,r5,5.0,20.0,1328618.0,220280.0,439816.0,0.16579633875199642,0.3310326971334123,0.001269799129253818,28.96264975072654,9.320557780062142e-05,40.30558096921274,7.193859743860674e-05,41.43038033720892,31.938982476347615,0.5473900096191955,0.0502958290569429,0.05311253259897975
rwtt_reference_88blocks,R05_8k256_L2048,2K,8k256,2048,RWTT_Val,val28,x_low,0.0,28.0,2144542.0,41800.0,41800.0,0.01949134127473372,0.01949134127473372,1.2821206173116983e-06,58.92071116027192,1.1724538195646242e-06,59.309042542019874,1.173488109615842e-06,59.305213065378126,59.01731532112869,0.4843386968144154,,
rwtt_reference_88blocks,R05_8k256_L2048,2K,8k256,2048,RWTT_Val,val28,r1,1.0,28.0,2144542.0,1280.0,43080.0,0.0005968640390349081,0.020088205313768627,0.0032317347216091175,24.905642956912907,0.0020900777640707967,26.798375550953793,9.59291857482397e-05,40.180492418278185,27.051590713838674,0.474724778002972,0.06973062358214556,0.04189055024825809
rwtt_reference_88blocks,R05_8k256_L2048,2K,8k256,2048,RWTT_Val,val28,r2,2.0,28.0,2144542.0,17520.0,60600.0,0.008169576534290306,0.02825778184805893,0.0034098260070084922,24.672677811611603,0.0013677603452086368,28.639899917030913,0.00011094195826462094,39.549041725475654,27.028126064022022,0.4778872952204901,0.049832650296869764,0.06200398066888997
rwtt_reference_88blocks,R05_8k256_L2048,2K,8k256,2048,RWTT_Val,val28,r3,3.0,28.0,2144542.0,62496.0,123096.0,0.029141886705879392,0.05739966855393833,0.0025604143462561813,25.91689748074263,0.0005175020947084266,32.86087887960959,8.704633915220108e-05,40.602494889858235,28.620594831740448,0.4820282675601641,0.04226837343982885,0.055326600691707355
rwtt_reference_88blocks,R05_8k256_L2048,2K,8k256,2048,RWTT_Val,val28,r4,4.0,28.0,2144542.0,188248.0,311344.0,0.08778004814081515,0.14517971669475346,0.0020671900466702584,26.846195947679192,0.0006808700679267154,31.669357576412935,7.199355226218443e-05,41.427063972123975,29.271699654326504,0.48835478457269477,0.04862925086341666,0.05076337951920289
rwtt_reference_88blocks,R05_8k256_L2048,2K,8k256,2048,RWTT_Val,val28,r5,5.0,28.0,2144542.0,357792.0,669136.0,0.1668384205112327,0.31201813720598615,0.001197918411816311,29.21572759997282,6.249067453555233e-05,42.041847874547365,5.8875824137877443e-05,42.300630006099276,32.454605435060444,0.48556275639972973,0.04899456116834913,0.049094068960849994
rwtt_reference_88blocks,R06_2k128_L1024,1K,2k128,1024,RWTT_Train,train_low,x_low,0.0,20.0,1072315.0,2064.0,2064.0,0.001924807542559789,0.001924807542559789,2.4913758248845306e-06,56.03560754052374,2.1934945501729855e-06,56.58863440280116,9.086054504370251e-07,60.41624662318196,56.652315783640695,0.4481345418618858,,
rwtt_reference_88blocks,R06_2k128_L1024,1K,2k128,1024,RWTT_Train,train_low,r1,1.0,20.0,1072315.0,160.0,2224.0,0.00014920988702013868,0.0020740174295799277,0.0011226604966263394,29.49751558728598,0.0026273714770295685,25.80478519136838,0.00018915580863482985,37.23180317763675,30.002710236590126,0.4330641357649613,0.05653126105026093,0.04136255839498365
rwtt_reference_88blocks,R06_2k128_L1024,1K,2k128,1024,RWTT_Train,train_low,r2,2.0,20.0,1072315.0,160.0,2384.0,0.00014920988702013868,0.0022232273166000664,0.0006515005756178053,31.86085196240689,0.0014836219594003776,28.286767472119692,0.00013315407222845395,38.756455470673025,32.27604183965426,0.43621483314145143,0.04095345248247962,0.04204720845273234
rwtt_reference_88blocks,R06_2k128_L1024,1K,2k128,1024,RWTT_Train,train_low,r3,3.0,20.0,1072315.0,160.0,2544.0,0.00014920988702013868,0.0023724372036202047,1.0826700434959342e-05,49.65503879591384,1.2476697726893438e-05,49.039003464456115,6.113966724497526e-06,52.13676929268162,49.888250691577596,0.4459114103685508,0.04009446425828457,0.042438483961732325
rwtt_reference_88blocks,R06_2k128_L1024,1K,2k128,1024,RWTT_Train,train_low,r4,4.0,20.0,1072315.0,160.0,2704.0,0.00014920988702013868,0.0025216470906403434,0.0010164293819326302,29.929227892859988,0.0011121400184455402,29.538405316297165,5.8901623079171256e-05,42.298727377321555,31.42656250634733,0.4571603982265741,0.044646413978258796,0.042604382781341585
rwtt_reference_88blocks,R06_2k128_L1024,1K,2k128,1024,RWTT_Train,train_low,r5,5.0,20.0,1072315.0,160.0,2864.0,0.00014920988702013868,0.002670856977660482,4.187220225791129e-06,53.78074196899392,4.612490262134852e-06,53.360645377121386,8.084873228298179e-07,60.92326785489455,54.62104563074743,0.4481920689955409,0.04799922201730578,0.04233910107975995
rwtt_reference_88blocks,R06_2k128_L1024,1K,2k128,1024,RWTT_Train,train_typical,x_low,0.0,20.0,1440416.0,31392.0,31392.0,0.021793704041054806,0.021793704041054806,1.1944489171504195e-06,59.22832418935516,1.264305180758323e-06,58.981480824445825,1.2709930258712604e-06,58.95856832478201,59.16374928566985,0.4908797630012014,,
rwtt_reference_88blocks,R06_2k128_L1024,1K,2k128,1024,RWTT_Train,train_typical,r1,1.0,20.0,1440416.0,496.0,31888.0,0.00034434496700953056,0.022138049008064337,0.0042069521673627165,23.760324258409838,0.00308220101343272,25.11139041095262,0.00021708059965647614,36.633789874097765,25.538390729438678,0.4822378189001199,0.06128175500813386,0.04094020939518615
rwtt_reference_88blocks,R06_2k128_L1024,1K,2k128,1024,RWTT_Train,train_typical,r2,2.0,20.0,1440416.0,12192.0,44080.0,0.008464221447137493,0.030602270455201832,0.003511749197988521,24.544765080902614,0.00211049654062253,26.756153553739548,0.00020168718867189295,36.953216876365666,26.372245114440116,0.48606916379380505,0.045029392673408566,0.05610850978186731
rwtt_reference_88blocks,R06_2k128_L1024,1K,2k128,1024,RWTT_Train,train_typical,r3,3.0,20.0,1440416.0,40864.0,84944.0,0.02836958212072068,0.05897185257592251,0.002267592248626816,26.44435036239347,0.0008223086439250231,30.84965144510134,0.00011293633530147105,39.471663088974495,28.623427088554585,0.49083979412344636,0.038585438773630396,0.048087694921915974
rwtt_reference_88blocks,R06_2k128_L1024,1K,2k128,1024,RWTT_Train,train_typical,r4,4.0,20.0,1440416.0,104232.0,189176.0,0.0723624286317286,0.13133428120765112,0.0016583422446141464,27.803258359034345,0.0010784229742398601,29.672108686951447,9.748996040596929e-05,40.11040105991573,29.575257487634154,0.4967531875394918,0.04510743676382303,0.04413956175763027
rwtt_reference_88blocks,R06_2k128_L1024,1K,2k128,1024,RWTT_Train,train_typical,r5,5.0,20.0,1440416.0,79456.0,268632.0,0.05516184213449448,0.1864961233421456,0.0009197480178624282,30.36331139438491,0.00012611834626664534,38.99221732595709,6.91612952606652e-05,41.60136881805114,32.84668181378971,0.4918947093864508,0.04526414381155343,0.04207810076141307
rwtt_reference_88blocks,R06_2k128_L1024,1K,2k128,1024,RWTT_Train,train_high,x_low,0.0,20.0,1328618.0,25592.0,25592.0,0.019262120489109736,0.019262120489109736,1.1976067922733175e-06,59.216857495400404,1.2073839028610572e-06,59.181546185647214,1.1961874505001049e-06,59.22200758191379,59.21308734249543,0.5325225772488282,,
rwtt_reference_88blocks,R06_2k128_L1024,1K,2k128,1024,RWTT_Train,train_high,r1,1.0,20.0,1328618.0,2008.0,27600.0,0.001511344871136775,0.02077346536024651,0.018091543976211145,17.425243678148625,0.003162968241496824,24.999051686950665,0.0002589439897049199,35.867941648479814,20.67730692554028,0.519881807817637,0.0725696484437227,0.0473247301357216
rwtt_reference_88blocks,R06_2k128_L1024,1K,2k128,1024,RWTT_Train,train_high,r2,2.0,20.0,1328618.0,11624.0,39224.0,0.008748940628532806,0.029522405988779317,0.011929147688649697,19.233905846062157,0.0022157194796509645,26.544852241563085,0.00032375251566532914,34.89786848284202,22.105769475097258,0.5276980930192432,0.06557828830689248,0.09929017974322706
rwtt_reference_88blocks,R06_2k128_L1024,1K,2k128,1024,RWTT_Train,train_high,r3,3.0,20.0,1328618.0,38616.0,77840.0,0.029064787621423165,0.05858719361020248,0.005636270201043003,22.49008195121029,0.0008932905349830657,30.490072676303633,0.00019080743625399073,37.194047037349534,25.328076427614363,0.5347825685968813,0.04973197291663474,0.07390124555104192
rwtt_reference_88blocks,R06_2k128_L1024,1K,2k128,1024,RWTT_Train,train_high,r4,4.0,20.0,1328618.0,101096.0,178936.0,0.07609109616157542,0.1346782897717779,0.003272797492659583,24.85080866229227,0.0012609880550017603,28.992890273614087,0.000138340408686795,38.59050945657788,27.086031462993198,0.5483919938647225,0.048680532241750285,0.0536592002890574
rwtt_reference_88blocks,R06_2k128_L1024,1K,2k128,1024,RWTT_Train,train_high,r5,5.0,20.0,1328618.0,138680.0,317616.0,0.10437913681735457,0.23905742658913245,0.0014548593460445643,28.371789916879916,0.00013764800340307484,38.61230083706292,0.00011063912756174098,39.560912574885464,31.050494114153484,0.5466950295655738,0.04709118235700121,0.046169313391064545
rwtt_reference_88blocks,R06_2k128_L1024,1K,2k128,1024,RWTT_Val,val28,x_low,0.0,28.0,2144542.0,41800.0,41800.0,0.01949134127473372,0.01949134127473372,1.2821212137708266e-06,58.92070913987816,1.172454473776675e-06,59.309040118720986,1.1734872863070635e-06,59.3052161123505,59.01731388379255,0.48433869404889224,,
rwtt_reference_88blocks,R06_2k128_L1024,1K,2k128,1024,RWTT_Val,val28,r1,1.0,28.0,2144542.0,776.0,42576.0,0.0003618488236649131,0.019853190098398633,0.004308808902536461,23.65642766625086,0.0029739596343513123,25.266649304668736,0.00023585701390956915,36.27351204188559,25.434840918007435,0.47350924538369316,0.06137788475238557,0.04106723552214007
rwtt_reference_88blocks,R06_2k128_L1024,1K,2k128,1024,RWTT_Val,val28,r2,2.0,28.0,2144542.0,15440.0,58016.0,0.007199672470858579,0.02705286256925721,0.004162516416333964,23.806440406906223,0.002045736292833013,26.891503500709312,0.00022460647518310575,36.485777276126015,25.776990402284085,0.47704090365055757,0.045147280813009595,0.05477372648950654
rwtt_reference_88blocks,R06_2k128_L1024,1K,2k128,1024,RWTT_Val,val28,r3,3.0,28.0,2144542.0,51912.0,109928.0,0.024206567183109495,0.051259429752366706,0.002926855503816039,25.33598717759025,0.0007072898053073114,31.50402601681002,0.00012666897652734946,38.97329738492837,27.811655808409988,0.48240715296501097,0.039954155144017095,0.05067508623531442
rwtt_reference_88blocks,R06_2k128_L1024,1K,2k128,1024,RWTT_Val,val28,r4,4.0,28.0,2144542.0,139952.0,249880.0,0.06525962186797928,0.11651905162034598,0.002448094004825806,26.111719096501403,0.0010079703061822512,29.96552261592024,0.0001120393951690381,39.50629244327747,28.267766204775764,0.49050124406836154,0.04567273402611705,0.046924526391007394
rwtt_reference_88blocks,R06_2k128_L1024,1K,2k128,1024,RWTT_Val,val28,r5,5.0,28.0,2144542.0,210792.0,460672.0,0.09829231602831746,0.21481136764866343,0.001360811585189909,28.66202002039056,8.105465109075656e-05,40.91222059346065,8.293529537590458e-05,40.81260604253343,31.71211834479218,0.48523416063762825,0.04608924454298186,0.044225130045499626
