model_id,partition_id,sample,points,conditioning_lambda,x_low_bits,r1_bits,r2_bits,r3_bits,r4_bits,num_base_residual_streams,num_native_r5_streams,base_bits,enhancement_bits,full_bits,base_bpp,enhancement_bpp,full_bpp,base_y_mse,base_u_mse,base_v_mse,base_y_psnr,base_u_psnr,base_v_psnr,base_yuv_psnr_611,full_y_mse,full_u_mse,full_v_mse,full_y_psnr,full_u_psnr,full_v_psnr,full_yuv_psnr_611,hard_full_max_abs_difference,seconds
RWT115,0,RWT115/model_mesh_P0.h5,68949,32768,1144,224,672,2440,6480,4,0,10960,23592,34552,0.15895807045787466,0.34216594874472434,0.501124019202599,8.9614e-05,2.47847e-05,1.3582e-05,40.4762,46.0582,48.6704,42.198224999999994,5.37491e-05,1.71025e-05,1.15767e-05,42.6963,47.6694,49.3642,44.151424999999996,0.0,7.454986117780209
RWT115,1,RWT115/model_mesh_P1.h5,68949,32768,1024,176,592,1928,6160,4,0,9880,18776,28656,0.14329431898939796,0.27231721997418384,0.4156115389635818,8.96269e-05,2.25522e-05,1.22193e-05,40.4756,46.4681,49.1295,42.306400000000004,4.98798e-05,1.49131e-05,1.06401e-05,43.0208,48.2643,49.7305,44.51495,0.0,5.792394511401653
RWT115,10,RWT115/model_mesh_P10.h5,68949,32768,1016,184,728,1600,3576,4,0,7104,10272,17376,0.10303267632598007,0.14897968063351172,0.2520123569594918,4.51289e-05,1.56189e-05,1.64277e-05,43.4554,48.0635,47.8442,44.580012499999995,2.33059e-05,1.10147e-05,1.29013e-05,46.3253,49.5803,48.8937,47.053225000000005,0.0,5.87317556142807
RWT115,11,RWT115/model_mesh_P11.h5,68950,32768,1752,472,1456,4200,11080,4,0,18960,33856,52816,0.2749818709209572,0.4910224800580131,0.7660043509789702,0.000132859,3.31983e-05,2.93921e-05,38.7661,44.7888,45.3177,40.3378875,6.69765e-05,2.14237e-05,2.18495e-05,41.7408,46.6911,46.6056,42.9676875,0.0,5.832643076777458
RWT115,12,RWT115/model_mesh_P12.h5,68949,32768,1184,64,360,1528,4576,4,0,7712,12592,20304,0.11185078826378918,0.1826277393435728,0.294478527607362,5.85404e-05,1.60577e-05,1.04006e-05,42.3254,47.9432,49.8294,43.965625,3.492e-05,1.0924e-05,9.58458e-06,44.5693,49.6162,50.1843,45.9020375,0.0,5.670930579304695
RWT115,13,RWT115/model_mesh_P13.h5,68950,32768,1064,168,512,1928,6624,4,0,10296,22560,32856,0.14932559825960842,0.32719361856417695,0.47651921682378534,8.72538e-05,2.42428e-05,1.40546e-05,40.5922,46.1542,48.5218,42.27865,4.96888e-05,1.57061e-05,1.13896e-05,43.0374,48.0393,49.4349,44.46232499999999,0.0,5.660208247601986
RWT115,14,RWT115/model_mesh_P14.h5,68949,32768,1000,264,744,1808,4672,4,0,8488,16424,24912,0.12310548376336132,0.23820505010950122,0.36131053387286255,6.33767e-05,1.65093e-05,1.48411e-05,41.9807,47.8227,48.2853,43.499025,3.42222e-05,1.22187e-05,1.28228e-05,44.6569,49.1297,48.9202,45.7489125,0.0,5.843912839889526
RWT115,15,RWT115/model_mesh_P15.h5,68950,32768,1256,392,1648,4056,10216,4,0,17568,25400,42968,0.25479332849891223,0.36838288614938364,0.6231762146482959,0.000118833,2.9579e-05,1.77709e-05,39.2506,45.2902,47.5029,41.037087500000005,6.59249e-05,2.13215e-05,1.49728e-05,41.8095,46.7118,48.247,43.226975,0.0,5.780292771756649
RWT115,16,RWT115/model_mesh_P16.h5,68949,32768,1376,224,1000,3224,7808,4,0,13632,19688,33320,0.19771135186877256,0.2855443878808975,0.48325573974967007,0.000103935,3.80056e-05,1.45074e-05,39.8324,44.2015,48.3841,41.4475,6.48462e-05,2.32495e-05,1.23429e-05,41.8812,46.3359,49.0858,43.338612499999996,0.0,5.623653300106525
RWT115,17,RWT115/model_mesh_P17.h5,68949,32768,1760,544,1744,4720,11944,4,0,20712,27120,47832,0.3003959448287865,0.39333420354174825,0.6937301483705347,0.000128995,2.97646e-05,2.50528e-05,38.8943,45.263,46.0114,40.580025,6.78221e-05,2.02942e-05,1.85564e-05,41.6863,46.9263,47.3151,43.0449,0.0,5.732738859951496
RWT115,18,RWT115/model_mesh_P18.h5,68949,32768,1736,488,1328,4072,11520,4,0,19144,24672,43816,0.27765449825233146,0.35782970021320104,0.6354841984655325,0.000118543,2.93305e-05,2.03807e-05,39.2612,45.3268,46.9078,40.975225,6.18227e-05,1.86883e-05,1.5603e-05,42.0885,47.2843,48.0679,43.4854,0.0,5.626851372420788
RWT115,19,RWT115/model_mesh_P19.h5,68950,32768,1200,224,768,2904,6920,4,0,12016,14992,27008,0.17427121102248005,0.2174329224075417,0.39170413343002175,8.60638e-05,2.94603e-05,1.18084e-05,40.6518,45.3076,49.2781,42.312062499999996,5.36696e-05,2.05161e-05,1.05431e-05,42.7027,46.8791,49.7703,44.108200000000004,0.0,5.61927792429924
RWT115,2,RWT115/model_mesh_P2.h5,68949,32768,1008,72,344,1912,5216,4,0,8552,21904,30456,0.12403370607260439,0.31768408533843856,0.44171779141104295,8.42598e-05,2.43171e-05,9.97158e-06,40.7438,46.1409,50.0124,42.5770125,4.58512e-05,1.78475e-05,9.42397e-06,43.3865,47.4842,50.2577,44.75761249999999,0.0,5.788347005844116
RWT115,20,RWT115/model_mesh_P20.h5,68949,32768,1528,368,1000,3360,9328,4,0,15584,28312,43896,0.22602213230068602,0.4106223440514003,0.6366444763520863,0.000122904,3.27894e-05,2.52265e-05,39.1043,44.8427,45.9814,40.6812375,6.50991e-05,2.09932e-05,1.83606e-05,41.8642,46.7792,47.3611,43.1656875,0.0,5.8627579137682915
RWT115,21,RWT115/model_mesh_P21.h5,68949,32768,1504,472,1664,5320,13272,4,0,22232,29816,52048,0.32244122467330927,0.4324355683186123,0.7548767929919216,0.000144931,2.4075e-05,2.44678e-05,38.3884,46.1843,46.114,40.3285875,7.54777e-05,1.60176e-05,1.71334e-05,41.2218,47.954,47.6616,42.868300000000005,0.0,5.796942010521889
RWT115,22,RWT115/model_mesh_P22.h5,68949,32768,1624,312,1072,3608,9368,4,0,15984,27368,43352,0.23182352173345516,0.39693106499006514,0.6287545867235202,0.000109342,2.87444e-05,2.53242e-05,39.6121,45.4145,45.9646,41.1314625,5.35784e-05,1.98769e-05,1.84052e-05,42.7101,47.0165,47.3506,43.82846249999999,0.0,5.873480170965195
RWT115,23,RWT115/model_mesh_P23.h5,68950,32768,1480,512,1880,5848,12264,4,0,21984,25424,47408,0.3188397389412618,0.3687309644670051,0.6875707034082669,0.000125994,2.20618e-05,2.34395e-05,38.9965,46.5636,46.3005,40.8553875,6.43306e-05,1.74435e-05,1.79045e-05,41.9158,47.5837,47.4704,43.3186125,0.0,5.7425528690218925
RWT115,24,RWT115/model_mesh_P24.h5,68949,32768,1424,304,1480,4592,11040,4,0,18840,27656,46496,0.2732454422834269,0.4011080653816589,0.6743535076650858,0.000131767,2.50576e-05,3.55144e-05,38.8019,46.0106,44.496,40.41475,5.97729e-05,1.72809e-05,2.38258e-05,42.235,47.6243,46.2295,43.40797499999999,0.0,5.813386328518391
RWT115,25,RWT115/model_mesh_P25.h5,68949,32768,1568,360,1400,4728,11944,4,0,20000,26984,46984,0.2900694716384574,0.39136173113460676,0.6814312027730641,0.000130686,2.77655e-05,3.04264e-05,38.8377,45.5649,45.1675,40.469825,6.54945e-05,1.91796e-05,2.13809e-05,41.838,47.1716,46.6997,43.112412500000005,0.0,5.756198771297932
RWT115,26,RWT115/model_mesh_P26.h5,68949,32768,1376,480,1968,5536,12920,4,0,22280,25616,47896,0.32313739140524156,0.37152097927453626,0.6946583706797778,0.000122786,2.45569e-05,3.32739e-05,39.1085,46.0983,44.779,40.6910375,6.06329e-05,1.7145e-05,2.33186e-05,42.1729,47.6586,46.323,43.377374999999994,0.0,5.875406101346016
RWT115,27,RWT115/model_mesh_P27.h5,68950,32768,1400,432,1792,5936,14944,4,0,24504,26672,51176,0.3553879622915156,0.3868310369833213,0.7422189992748368,0.00012898,2.52631e-05,2.82111e-05,38.8948,45.9751,45.4958,40.6049625,6.84366e-05,1.61883e-05,1.90051e-05,41.6471,47.908,47.2113,43.125237500000004,0.0,5.8175023049116135
RWT115,28,RWT115/model_mesh_P28.h5,68949,32768,1520,568,1960,5176,12704,4,0,21928,31128,53056,0.3180321687044047,0.45146412565809513,0.7694962943624998,0.000151439,2.96298e-05,2.83374e-05,38.1976,45.2827,45.4764,39.9930875,7.63673e-05,1.80854e-05,1.88951e-05,41.1709,47.4267,47.2365,42.711075,0.0,5.782371647655964
RWT115,29,RWT115/model_mesh_P29.h5,68950,32768,1488,600,2120,6720,16680,4,0,27608,32416,60024,0.4004060913705584,0.4701377810007252,0.8705438723712835,0.000178446,2.31096e-05,2.48338e-05,37.4849,46.3621,46.0496,39.6651375,8.2295e-05,1.73024e-05,1.83346e-05,40.8463,47.6189,47.3673,42.507999999999996,0.0,5.778770536184311
RWT115,3,RWT115/model_mesh_P3.h5,68950,32768,720,16,56,256,832,4,0,1880,1792,3672,0.027266134880348077,0.02598984771573604,0.05325598259608412,1.05503e-05,5.20392e-06,4.19256e-06,49.7674,52.8367,53.7752,50.6520375,7.54622e-06,4.58866e-06,4.63521e-06,51.2227,53.3831,53.3393,51.757325,0.0,5.818818986415863
RWT115,30,RWT115/model_mesh_P30.h5,68949,32768,1664,440,1816,5024,10960,4,0,19904,25440,45344,0.28867713817459284,0.3689683679241178,0.6576455060987106,0.000123602,2.61494e-05,2.55484e-05,39.0797,45.8254,45.9264,40.77875,6.42652e-05,1.88612e-05,1.90747e-05,41.9202,47.2443,47.1954,43.245112500000005,0.0,5.845998741686344
RWT115,31,RWT115/model_mesh_P31.h5,68950,32768,1504,528,2088,6616,14952,4,0,25688,27208,52896,0.3725598259608412,0.3946047860768673,0.7671646120377085,0.000148408,1.84631e-05,1.97026e-05,38.2854,47.3369,47.0548,40.5130125,7.33662e-05,1.40187e-05,1.60998e-05,41.345,48.5329,47.9318,43.0668375,0.0,5.758426405489445
RWT115,4,RWT115/model_mesh_P4.h5,68949,32768,968,168,600,1584,4488,4,0,7808,14848,22656,0.11324312172765377,0.21534757574439078,0.32859069747204456,6.4716e-05,2.10451e-05,1.48799e-05,41.8899,46.7685,48.274,43.2977375,3.63014e-05,1.30398e-05,1.26552e-05,44.4008,48.8473,48.9773,45.528675,0.0,5.799624592065811
RWT115,5,RWT115/model_mesh_P5.h5,68949,32768,1272,256,928,2984,9368,4,0,14808,28208,43016,0.21476743680111388,0.40911398279888034,0.6238814195999942,0.0001373,4.34177e-05,1.7377e-05,38.6233,43.6233,47.6002,40.3704125,7.54202e-05,2.502e-05,1.42044e-05,41.2251,46.0171,48.4758,42.7304375,0.0,5.7907461524009705
RWT115,6,RWT115/model_mesh_P6.h5,68949,32768,1168,232,840,2208,5712,4,0,10160,15712,25872,0.14735529159233637,0.22787857691917215,0.37523386851150853,7.48464e-05,2.54555e-05,2.11741e-05,41.2583,45.9422,46.742,42.529250000000005,3.2537e-05,1.51813e-05,1.43959e-05,44.8762,48.1869,48.4176,45.7327125,0.0,5.893008731305599
RWT115,7,RWT115/model_mesh_P7.h5,68950,32768,1608,560,1504,3672,10288,4,0,17632,28424,46056,0.2557215373459028,0.4122407541696882,0.6679622915155911,0.000124048,3.40268e-05,2.3625e-05,39.0641,44.6818,46.2663,40.666587500000006,6.80806e-05,2.18981e-05,1.86751e-05,41.6698,46.5959,47.2874,42.987762499999995,0.0,5.79545783996582
RWT115,8,RWT115/model_mesh_P8.h5,68949,32768,896,32,168,1408,4856,4,0,7360,19816,27176,0.10674556556295232,0.2874008324993836,0.3941463980623359,7.59883e-05,2.42978e-05,8.94015e-06,41.1925,46.1443,50.4866,42.9732375,4.23176e-05,1.69368e-05,8.7916e-06,43.7348,47.7117,50.5593,45.084975,0.0,5.804605007171631
RWT115,9,RWT115/model_mesh_P9.h5,68949,32768,736,8,32,168,688,4,0,1632,1944,3576,0.023669668885698124,0.02819475264325806,0.051864421528956185,1.08621e-05,5.01934e-06,5.537e-06,49.6409,52.9935,52.5673,50.425775,7.91978e-06,4.00127e-06,5.60652e-06,51.0129,53.978,52.5131,51.571062500000004,0.0,5.788259409368038
RWT14,0,RWT14/mesh_P0.h5,50118,32768,1224,432,1864,7072,20488,4,0,31080,54968,86048,0.6201364779121273,1.0967716189792092,1.7169080968913364,0.000493743,1.49434e-05,6.94607e-06,33.065,48.2555,51.5826,37.2785125,0.000114434,1.38672e-05,6.59713e-06,39.4145,48.5801,51.8064,42.1091875,0.0,4.1881203353405
RWT14,1,RWT14/mesh_P1.h5,50119,32768,1200,504,2096,6928,19192,4,0,29920,44136,74056,0.5969791895289212,0.8806241146072348,1.477603304136156,0.00045708,1.80773e-05,9.5089e-06,33.4001,47.4287,50.2187,37.256,0.000107963,1.51625e-05,8.40988e-06,39.6673,48.1923,50.7521,42.118525,0.0,4.265152737498283
RWT14,10,RWT14/mesh_P10.h5,50119,32768,856,360,1600,6464,20048,4,0,29328,51464,80792,0.5851673018216644,1.0268361300105748,1.6120034318322394,0.000401555,1.28291e-05,8.04486e-06,33.9626,48.9181,50.9448,37.9548125,0.000122593,1.23087e-05,7.77862e-06,39.1153,49.0979,51.091,41.8600875,0.0,4.287579879164696
RWT14,11,RWT14/mesh_P11.h5,50119,32768,1144,456,2192,7752,22664,4,0,34208,58328,92536,0.6825355653544564,1.163790179373092,1.8463257447275485,0.000512648,1.72879e-05,9.42991e-06,32.9018,47.6226,50.2549,36.9110375,0.00011107,1.41513e-05,9.01975e-06,39.5441,48.492,50.4481,42.0255875,0.0,4.330606631934643
RWT14,12,RWT14/mesh_P12.h5,50118,32768,1152,592,1904,7064,20024,4,0,30736,46280,77016,0.6132726764834989,0.9234207270840815,1.5366934035675806,0.000390298,1.34887e-05,7.94945e-06,34.086,48.7003,50.9966,38.0266125,0.000108615,1.25795e-05,7.89418e-06,39.6411,49.0034,51.0269,42.234612500000004,0.0,4.23188117146492
RWT14,13,RWT14/mesh_P13.h5,50119,32768,1192,496,1920,6976,19240,4,0,29824,45624,75448,0.5950637482790958,0.9103134539795287,1.5053772022586245,0.000385553,1.21495e-05,8.19461e-06,34.1392,49.1544,50.8647,38.1067875,0.000100338,1.15912e-05,8.0555e-06,39.9853,49.3587,50.9391,42.5262,0.0,4.204722635447979
RWT14,14,RWT14/mesh_P14.h5,50119,32768,1272,640,2456,8736,25952,4,0,39056,66000,105056,0.7792653484706399,1.3168658592549731,2.096131207725613,0.000663156,1.86384e-05,1.08958e-05,31.7838,47.2959,49.6274,35.9532625,0.000107279,1.44519e-05,9.29041e-06,39.6949,48.4008,50.3197,42.1112375,0.0,4.457513377070427
RWT14,15,RWT14/mesh_P15.h5,50119,32768,1168,656,2560,8768,24592,4,0,37744,60792,98536,0.7530876513896926,1.2129531714519444,1.9660408228416368,0.000665182,1.71158e-05,1.94737e-05,31.7706,47.666,47.1055,35.6743875,9.85841e-05,1.34827e-05,1.50349e-05,40.0619,48.7022,48.229,42.162825,0.0,4.378498375415802
RWT14,16,RWT14/mesh_P16.h5,50118,32768,1072,456,1776,6816,21312,4,0,31432,54064,85496,0.6271599026297937,1.0787341873179297,1.7058940899477233,0.000422582,1.57035e-05,1.02155e-05,33.7409,48.04,49.9074,37.5491,0.000112541,1.30741e-05,9.45516e-06,39.4869,48.8359,50.2433,42.000074999999995,0.0,4.399891994893551
RWT14,17,RWT14/mesh_P17.h5,50119,32768,920,344,1800,6192,17568,4,0,26824,38584,65408,0.5352062092220515,0.7698477623256649,1.3050539715477165,0.000296954,1.22035e-05,1.05505e-05,35.2731,49.1351,49.7673,38.817625,0.000106779,1.187e-05,1.02093e-05,39.7152,49.2555,49.91,42.182087499999994,0.0,4.197301618754864
RWT14,18,RWT14/mesh_P18.h5,50118,32768,1160,608,2136,7104,17976,4,0,28984,38368,67352,0.5783151761842052,0.7655532942256276,1.3438684704098327,0.000303817,1.30726e-05,1.18285e-05,35.1739,48.8364,49.2707,38.6438125,9.86004e-05,1.13464e-05,1.04031e-05,40.0612,49.4514,49.8284,42.455875,0.0,4.289342068135738
RWT14,19,RWT14/mesh_P19.h5,50119,32768,968,456,1864,5904,15312,4,0,24504,30776,55280,0.48891637901793733,0.6140585406731978,1.1029749196911351,0.000265459,1.18984e-05,1.01285e-05,35.76,49.2451,49.9445,39.2187,0.000100065,1.11226e-05,9.5565e-06,39.9972,49.5379,50.197,42.4647625,0.0,4.271478518843651
RWT14,2,RWT14/mesh_P2.h5,50118,32768,1272,480,1968,7168,22336,4,0,33224,61528,94752,0.6629155193742767,1.2276627159902629,1.8905782353645397,0.000571196,1.38272e-05,8.39174e-06,32.4321,48.5927,50.7615,36.74335,0.000114128,1.22352e-05,8.18656e-06,39.4261,49.1239,50.869,42.068687499999996,0.0,4.220736972987652
RWT14,20,RWT14/mesh_P20.h5,50118,32768,976,392,1664,5328,15568,4,0,23928,37264,61192,0.47743325751227106,0.7435252803384014,1.2209585378506724,0.000298586,1.39108e-05,8.65687e-06,35.2493,48.5665,50.6264,38.8360875,9.89776e-05,1.28521e-05,8.50678e-06,40.0446,48.9103,50.7023,42.485025,0.0,4.253260180354118
RWT14,21,RWT14/mesh_P21.h5,50119,32768,896,456,1616,5696,15080,4,0,23744,33072,56816,0.4737524691234861,0.6598695105648557,1.1336219796883418,0.000279557,1.09537e-05,9.78512e-06,35.5353,49.6044,50.0943,39.113812499999995,9.86545e-05,1.0827e-05,9.75059e-06,40.0588,49.6549,50.1097,42.514675,0.0,4.232691928744316
RWT14,22,RWT14/mesh_P22.h5,50119,32768,1120,512,1904,6912,19680,4,0,30128,47552,77680,0.6011293122368763,0.9487818990801892,1.5499112113170654,0.00039697,1.32763e-05,1.23855e-05,34.0124,48.7692,49.0709,37.7393125,9.39495e-05,1.19495e-05,1.10692e-05,40.2711,49.2265,49.5588,42.5514875,0.0,4.300229415297508
RWT14,23,RWT14/mesh_P23.h5,50119,32768,1040,368,1488,5208,12832,4,0,20936,26264,47200,0.4177258125660927,0.5240328019314032,0.941758614497496,0.000218197,8.86377e-06,1.0759e-05,36.6115,50.5238,49.6823,39.9843875,9.22242e-05,8.75899e-06,1.02731e-05,40.3515,50.5755,49.883,42.8209375,0.0,4.273792997002602
RWT14,24,RWT14/mesh_P24.h5,50118,32768,936,464,1656,6552,19672,4,0,29280,46952,76232,0.5842212378786065,0.9368290833632626,1.5210503212418691,0.000365217,1.28212e-05,8.08144e-06,34.3745,48.9207,50.9251,38.261599999999994,0.00011668,1.21608e-05,7.89826e-06,39.33,49.1504,51.0247,42.0193875,0.0,4.294800274074078
RWT14,25,RWT14/mesh_P25.h5,50119,32768,1232,584,2200,7824,20912,4,0,32752,46048,78800,0.6534847063987709,0.918773319499591,1.5722580258983618,0.000394178,1.43464e-05,9.27703e-06,34.0431,48.4326,50.3259,37.8771375,0.000108364,1.26573e-05,8.55702e-06,39.6512,48.9766,50.6768,42.195075,0.0,4.349343024194241
RWT14,26,RWT14/mesh_P26.h5,50119,32768,944,320,1480,4984,13432,4,0,21160,28848,50008,0.422195175482352,0.5755900955725374,0.9977852710548893,0.000255549,1.23138e-05,6.34241e-06,35.9253,49.0961,51.9775,39.578175,9.93302e-05,1.18891e-05,6.3889e-06,40.0292,49.2485,51.9457,42.671175,0.0,4.6633912324905396
RWT14,27,RWT14/mesh_P27.h5,50119,32768,1024,424,1968,7088,19752,4,0,30256,47144,77400,0.6036832339033101,0.9406412737684311,1.5443245076717413,0.000399684,1.64178e-05,1.20647e-05,33.9828,47.8469,49.1848,37.6160625,0.00011039,1.4063e-05,9.78132e-06,39.5707,48.5192,50.096,42.004925,0.0,4.34867399930954
RWT14,28,RWT14/mesh_P28.h5,50118,32768,1368,672,2520,8544,22600,4,0,35704,47144,82848,0.7123987389760166,0.9406600423001716,1.653058781276188,0.00040485,1.65799e-05,1.57085e-05,33.9271,47.8042,48.0386,37.425675000000005,0.000107676,1.31704e-05,1.30365e-05,39.6788,48.804,48.8484,41.96565,0.0,4.371056593954563
RWT14,29,RWT14/mesh_P29.h5,50119,32768,1272,576,2520,8464,23160,4,0,35992,52552,88544,0.7181308485803787,1.0485444641752628,1.7666753127556416,0.000443903,1.30213e-05,9.9627e-06,33.5271,48.8535,50.0162,37.504037499999995,0.000108922,1.1308e-05,8.93603e-06,39.6288,49.4661,50.4886,42.2159375,0.0,4.32657528668642
RWT14,3,RWT14/mesh_P3.h5,50119,32768,1216,352,1816,6336,19184,4,0,28904,47240,76144,0.5767074363016021,0.9425567150182566,1.5192641513198588,0.000437336,1.45216e-05,8.23402e-06,33.5918,48.3799,50.8439,37.596824999999995,0.000119139,1.32876e-05,8.10759e-06,39.2394,48.7655,50.9111,41.889125,0.0,4.257200174033642
RWT14,30,RWT14/mesh_P30.h5,50119,32768,1384,512,2288,8248,22688,4,0,35120,49776,84896,0.7007322572277979,0.993156288034478,1.6938885452622758,0.000436058,1.45782e-05,1.10946e-05,33.6046,48.3629,49.5489,37.442425,0.000107458,1.15964e-05,8.81924e-06,39.6876,49.3568,50.5457,42.25351250000001,0.0,4.323765397071838
RWT14,31,RWT14/mesh_P31.h5,50119,32768,1304,608,2656,8600,23512,4,0,36680,49176,85856,0.7318581775374609,0.9811847802230691,1.71304295776053,0.000430282,1.52884e-05,1.20343e-05,33.6625,48.1564,49.1958,37.4159,0.000107386,1.22517e-05,9.98608e-06,39.6905,49.118,50.0061,42.1583875,0.0,4.345394536852837
RWT14,4,RWT14/mesh_P4.h5,50118,32768,1064,472,1816,6720,20704,4,0,30776,55840,86616,0.6140707929286883,1.114170557484337,1.7282413504130252,0.00045578,1.34525e-05,8.57225e-06,33.4124,48.712,50.6691,37.4819375,0.000118598,1.18621e-05,8.12804e-06,39.2592,49.2584,50.9001,41.9642125,0.0,4.203554064035416
RWT14,5,RWT14/mesh_P5.h5,50119,32768,1280,608,2288,8440,25584,4,0,38200,66888,105088,0.7621859973263633,1.3345836908158581,2.0967696881422215,0.00065335,2.23667e-05,1.20227e-05,31.8485,46.504,49.2,35.849375,0.000112016,1.52606e-05,1.01573e-05,39.5072,48.1643,49.9322,41.8924625,0.0,4.269538886845112
RWT14,6,RWT14/mesh_P6.h5,50119,32768,1208,480,1840,6984,21832,4,0,32344,60088,92432,0.6453440810870129,1.198906602286558,1.844250683373571,0.000510471,1.34771e-05,8.8599e-06,32.9203,48.704,50.5257,37.093937499999996,0.000112758,1.24265e-05,8.42337e-06,39.4785,49.0565,50.7451,42.084075,0.0,4.194967590272427
RWT14,7,RWT14/mesh_P7.h5,50119,32768,1408,672,2616,9656,28648,4,0,43000,75296,118296,0.8579580598176341,1.5023444202797342,2.3603024800973684,0.000919231,1.80902e-05,1.14377e-05,30.3658,47.4256,49.4166,34.879625,0.00010348,1.37769e-05,9.81126e-06,39.8515,48.6085,50.0827,42.225025,0.0,4.283017784357071
RWT14,8,RWT14/mesh_P8.h5,50118,32768,1152,520,2232,7664,23032,4,0,34600,61336,95936,0.6903707250887905,1.2238317570533541,1.9142024821421446,0.000565859,1.76213e-05,1.15522e-05,32.4729,47.5396,49.3733,36.468787500000005,0.00011105,1.48444e-05,9.65678e-06,39.5448,48.2844,50.1517,41.9631125,0.0,4.349606864154339
RWT14,9,RWT14/mesh_P9.h5,50119,32768,1040,560,1928,7376,23328,4,0,34232,64608,98840,0.6830144256669127,1.2890919611325047,1.9721063867994173,0.000574461,1.60896e-05,9.05054e-06,32.4074,47.9346,50.4333,36.601537500000006,0.000112188,1.3817e-05,8.50889e-06,39.5006,48.5959,50.7013,42.037600000000005,0.0,4.322469957172871
RWT144,0,RWT144/cabbage_model_P0.h5,64477,32768,2000,952,3736,11776,30712,4,0,49176,66352,115528,0.762690571831816,1.029080137103153,1.791770708934969,0.000405631,0.000107514,7.94752e-05,33.9187,39.6853,40.9977,35.5244,8.29679e-05,4.31876e-05,5.00885e-05,40.8109,43.6464,43.0026,41.4393,0.0,5.490917205810547
RWT144,1,RWT144/cabbage_model_P1.h5,64478,32768,1920,976,3288,10048,24824,4,0,41056,54416,95472,0.6367443158906914,0.8439467725425727,1.480691088433264,0.000383382,8.11967e-05,5.31528e-05,34.1637,40.9046,42.7447,36.0789375,7.75768e-05,3.63184e-05,3.85565e-05,41.1027,44.3987,44.139,41.8942375,0.0,5.503364361822605
RWT144,10,RWT144/cabbage_model_P10.h5,64477,32768,1856,1112,4088,12392,30256,4,0,49704,59736,109440,0.7708795384400638,0.9264699039967741,1.697349442436838,0.000345984,7.4649e-05,3.49651e-05,34.6094,41.2698,44.5637,36.686237500000004,9.14644e-05,3.82037e-05,3.09414e-05,40.3875,44.1789,45.0946,41.44981250000001,0.0,5.753797948360443
RWT144,11,RWT144/cabbage_model_P11.h5,64478,32768,1624,1088,3736,11696,26664,4,0,44808,54432,99240,0.6949347064114892,0.8441949191972455,1.5391296256087348,0.000327005,9.74285e-05,4.54411e-05,34.8545,40.1131,43.4255,36.583200000000005,8.77758e-05,4.39589e-05,3.52517e-05,40.5663,43.5695,44.5282,41.4369375,0.0,5.5674310848116875
RWT144,12,RWT144/cabbage_model_P12.h5,64477,32768,1544,592,2288,7536,14760,4,0,26720,27960,54680,0.41441134047799993,0.4336430044822185,0.8480543449602184,0.000137556,4.54998e-05,3.24575e-05,38.6152,43.4199,44.8869,39.999750000000006,6.75582e-05,3.28112e-05,2.81796e-05,41.7032,44.8398,45.5007,42.569962499999995,0.0,5.236027903854847
RWT144,13,RWT144/cabbage_model_P13.h5,64478,32768,1688,824,2720,6848,10664,4,0,22744,16848,39592,0.35274046961754396,0.261298427370576,0.61403889698812,8.65269e-05,3.75253e-05,3.66228e-05,40.6285,44.2568,44.3625,41.5487875,5.53218e-05,2.94834e-05,3.09455e-05,42.571,45.3042,45.094,43.228024999999995,0.0,5.279354080557823
RWT144,14,RWT144/cabbage_model_P14.h5,64478,32768,1480,712,2880,8680,17544,4,0,31296,29848,61144,0.4853748565402153,0.4629175842923168,0.9482924408325321,0.000147773,4.28121e-05,4.5238e-05,38.3041,43.6843,43.445,39.6192375,7.59617e-05,3.13576e-05,3.72472e-05,41.1941,45.0366,44.2891,42.061287500000006,0.0,5.290656611323357
RWT144,15,RWT144/cabbage_model_P15.h5,64478,32768,1424,352,1552,4232,5968,4,0,13528,15080,28608,0.20980799652594684,0.23387822202921926,0.4436862185551661,7.97902e-05,3.79836e-05,2.82832e-05,40.9805,44.204,45.4847,41.946462499999996,4.81271e-05,3.00469e-05,2.46217e-05,43.1761,45.222,46.0868,43.795674999999996,0.0,5.428009077906609
RWT144,16,RWT144/cabbage_model_P16.h5,64477,32768,1512,808,3632,13336,34536,4,0,53824,75176,129000,0.8347782930347256,1.165935139662205,2.0007134326969305,0.000450199,9.85487e-05,0.000111891,33.466,40.0635,39.5121,35.04645,8.83881e-05,4.31996e-05,5.81473e-05,40.5361,43.6452,42.3547,41.15206249999999,0.0,5.598179362714291
RWT144,17,RWT144/cabbage_model_P17.h5,64478,32768,1856,896,3728,11704,29896,4,0,48080,64920,113000,0.7456806972920996,1.0068550513353391,1.7525357486274389,0.000403816,9.4727e-05,6.01481e-05,33.9382,40.2353,42.2078,35.759037500000005,8.86792e-05,4.30705e-05,4.28987e-05,40.5218,43.6582,43.6756,41.308075,0.0,5.523907445371151
RWT144,18,RWT144/cabbage_model_P18.h5,64477,32768,1608,1024,4016,13144,33352,4,0,53144,73400,126544,0.8242318966453154,1.1383904337980986,1.9626223304434138,0.000464539,0.000146152,0.000103799,33.3298,38.352,39.8381,34.7711125,8.52836e-05,5.25763e-05,5.98007e-05,40.6913,42.7921,42.2329,41.14659999999999,0.0,6.17207557708025
RWT144,19,RWT144/cabbage_model_P19.h5,64478,32768,1904,1008,3856,13152,34824,4,0,54744,76256,131000,0.8490337789633674,1.1826669561710972,2.0317007351344643,0.000392702,0.000198215,0.000100304,34.0594,37.0286,39.9868,35.171475,8.37977e-05,6.69625e-05,5.92142e-05,40.7677,41.7417,42.2757,41.07795,0.0,5.517551019787788
RWT144,2,RWT144/cabbage_model_P2.h5,64477,32768,1432,768,3960,13120,32304,4,0,51584,66472,118056,0.800037222575492,1.0309412658777548,1.830978488453247,0.000318468,8.28826e-05,0.00011072,34.9693,40.8154,39.5577,36.2736125,9.2043e-05,3.90944e-05,5.61218e-05,40.3601,44.0789,42.5087,41.093525,0.0,5.529766149818897
RWT144,20,RWT144/cabbage_model_P20.h5,64477,32768,2000,1064,4368,13872,35816,4,0,57120,73200,130320,0.8858972967104549,1.1352885525070955,2.0211858492175505,0.000390323,0.000115179,8.15902e-05,34.0858,39.3863,40.8836,35.5980875,9.33353e-05,4.70875e-05,4.94952e-05,40.2995,43.2709,43.0544,41.0152875,0.0,5.413941636681557
RWT144,21,RWT144/cabbage_model_P21.h5,64478,32768,1584,824,3624,12200,30568,4,0,48800,65576,114376,0.7568472967523806,1.0170290641769286,1.7738763609293091,0.000377347,7.28077e-05,7.23953e-05,34.2326,41.3782,41.4029,36.0220875,9.02293e-05,3.7629e-05,4.58659e-05,40.4465,44.2448,43.3851,41.288612500000006,0.0,5.414154149591923
RWT144,22,RWT144/cabbage_model_P22.h5,64478,32768,1960,1064,4048,13272,32832,4,0,53176,69744,122920,0.824715406805422,1.081671267719222,1.906386674524644,0.000391518,0.000139206,0.000110819,34.0725,38.5634,39.5539,35.3190375,8.76808e-05,5.20115e-05,6.12542e-05,40.571,42.839,42.1286,41.0492,0.0,5.363862842321396
RWT144,23,RWT144/cabbage_model_P23.h5,64478,32768,1600,984,3736,12192,30696,4,0,49208,63944,113152,0.76317503644654,0.9917181054002916,1.7548931418468314,0.000363284,8.26114e-05,8.19665e-05,34.3975,40.8296,40.8636,36.009775,8.78368e-05,3.90341e-05,4.77446e-05,40.5632,44.0856,43.2108,41.334450000000004,0.0,5.392768956720829
RWT144,24,RWT144/cabbage_model_P24.h5,64477,32768,1480,1072,4176,12712,30208,4,0,49648,58920,108568,0.7700110116785831,0.9138142283294818,1.6838252400080649,0.000303957,9.14489e-05,4.24843e-05,35.1719,40.3882,43.7177,36.8921625,9.09858e-05,4.18318e-05,3.566e-05,40.4103,43.7849,44.4782,41.3406125,0.0,5.339019551873207
RWT144,25,RWT144/cabbage_model_P25.h5,64478,32768,1824,1104,4032,12656,31064,4,0,50680,58360,109040,0.7860045286764478,0.9051149229194454,1.6911194515958932,0.000310412,8.34557e-05,3.83541e-05,35.0806,40.7854,44.1619,36.928862499999994,9.27658e-05,4.12893e-05,3.25626e-05,40.3261,43.8416,44.8728,41.33387499999999,0.0,5.400477088987827
RWT144,26,RWT144/cabbage_model_P26.h5,64478,32768,1616,1096,3536,11128,25096,4,0,42472,44016,86488,0.6587052948292441,0.6826514470051801,1.341356741834424,0.000234459,5.27958e-05,3.62238e-05,36.2993,42.774,44.4101,38.1224875,8.96204e-05,3.26161e-05,3.11354e-05,40.4759,44.8657,45.0675,41.598575000000004,0.0,5.478718437254429
RWT144,27,RWT144/cabbage_model_P27.h5,64478,32768,1608,848,3432,10064,22504,4,0,38456,39336,77792,0.5964204845063432,0.6100685505133534,1.2064890350196966,0.000199853,5.20759e-05,2.8887e-05,36.9929,42.8336,45.393,38.772999999999996,8.27959e-05,3.2998e-05,2.67841e-05,40.8199,44.8151,45.7212,41.931962500000004,0.0,5.475493647158146
RWT144,28,RWT144/cabbage_model_P28.h5,64477,32768,1408,648,2608,7152,13280,4,0,25096,21520,46616,0.3892240643950556,0.3337624269119221,0.7229864913069777,0.00010555,3.38779e-05,4.36386e-05,39.7654,44.7008,43.6013,40.8618125,6.18542e-05,2.69504e-05,3.54546e-05,42.0863,45.6943,44.5033,42.839425000000006,0.0,5.310532197356224
RWT144,29,RWT144/cabbage_model_P29.h5,64478,32768,1552,656,2512,7968,15744,4,0,28432,27640,56072,0.4409566053537641,0.42867334594745493,0.869629951301219,0.000141679,3.94884e-05,4.04566e-05,38.4869,44.0353,43.9301,39.86085,7.00113e-05,2.87307e-05,3.25151e-05,41.5483,45.4165,44.8792,42.4481875,0.0,5.334187388420105
RWT144,3,RWT144/cabbage_model_P3.h5,64478,32768,1704,832,3480,9912,23120,4,0,39048,45808,84856,0.605601910729241,0.7104438723285462,1.3160457830577872,0.000336871,6.84078e-05,5.46348e-05,34.7254,41.6489,42.6253,36.578325,8.40118e-05,3.56559e-05,3.83021e-05,40.7566,44.4787,44.1678,41.6482625,0.0,5.608042627573013
RWT144,30,RWT144/cabbage_model_P30.h5,64478,32768,1456,432,1552,4032,7288,4,0,14760,16872,31632,0.22891528893576105,0.2616706473525854,0.4905859362883464,8.43104e-05,2.97048e-05,3.74878e-05,40.7412,45.2717,44.2611,41.7475,5.01302e-05,2.36141e-05,3.04591e-05,42.999,46.2683,45.1628,43.678137500000005,0.0,5.352073527872562
RWT144,31,RWT144/cabbage_model_P31.h5,64478,32768,1480,736,2728,7104,12560,4,0,24608,19072,43680,0.3816495548869382,0.29579081237011073,0.6774403672570489,0.000101486,3.22071e-05,3.4285e-05,39.9359,44.9205,44.649,41.148112499999996,6.1598e-05,2.51022e-05,2.91091e-05,42.1043,46.0029,45.3597,42.99855,0.0,5.554358281195164
RWT144,32,RWT144/cabbage_model_P32.h5,64477,32768,1968,1064,4584,15616,43632,4,0,66864,100376,167240,1.0370209532081207,1.5567721823285823,2.593793135536703,0.000596294,0.000121447,7.60495e-05,32.2454,39.1561,41.189,34.2271875,9.84404e-05,4.58466e-05,4.69923e-05,40.0683,43.3869,43.2797,40.88455,0.0,5.827199265360832
RWT144,33,RWT144/cabbage_model_P33.h5,64478,32768,2152,1288,4464,13536,33456,4,0,54896,71152,126048,0.8513911721827601,1.1035081733304384,1.9548993455131982,0.000415186,0.000130346,4.99905e-05,33.8176,38.849,43.0111,35.5957125,9.41304e-05,4.8661e-05,3.62374e-05,40.2627,43.1282,44.4084,41.1391,0.0,5.75007077306509
RWT144,34,RWT144/cabbage_model_P34.h5,64477,32768,1864,984,3864,13016,36208,4,0,55936,83072,139008,0.8675341594677172,1.2883974130310034,2.1559315724987207,0.000471993,0.000202034,0.000107702,33.2606,36.9458,39.6778,34.523399999999995,8.60643e-05,6.48329e-05,6.29582e-05,40.6518,41.882,42.0095,40.9752875,0.0,5.899329304695129
RWT144,35,RWT144/cabbage_model_P35.h5,64478,32768,1936,944,3928,13200,37488,4,0,57496,88000,145496,0.8917150035671082,1.3648066007010142,2.2565216042681224,0.000550355,0.000214199,0.000116585,32.5936,36.6918,39.3336,33.948375,8.45784e-05,6.81992e-05,6.73046e-05,40.7274,41.6622,41.7196,40.968275000000006,0.0,5.527970790863037
RWT144,36,RWT144/cabbage_model_P36.h5,64477,32768,2192,1096,4416,14384,37704,4,0,59792,86744,146536,0.9273384307582548,1.3453479535338182,2.272686384292073,0.000596274,9.92746e-05,7.02539e-05,32.2455,40.0316,41.5333,34.379737500000005,9.16592e-05,4.07733e-05,4.43107e-05,40.3782,43.8962,43.5349,41.2125375,0.0,5.601136416196823
RWT144,37,RWT144/cabbage_model_P37.h5,64478,32768,2192,1312,4496,14776,38400,4,0,61176,83240,144416,0.9487887341418778,1.2909829709358231,2.239771705077701,0.000575414,0.000143387,5.09904e-05,32.4002,38.4349,42.9251,34.47015,9.70143e-05,5.07817e-05,3.85644e-05,40.1316,42.9429,44.1381,40.983825,0.0,5.523099221289158
RWT144,38,RWT144/cabbage_model_P38.h5,64478,32768,2040,1000,3968,12776,34512,4,0,54296,79320,133616,0.8420856726325259,1.2301870405409596,2.0722727131734855,0.000471526,0.000104038,9.41898e-05,33.2649,39.8281,40.26,34.9596875,8.46367e-05,4.09339e-05,5.16842e-05,40.7244,43.8792,42.8664,41.3865,0.0,5.55680874735117
RWT144,39,RWT144/cabbage_model_P39.h5,64478,32768,2072,1224,4592,14376,37064,4,0,59328,83648,142976,0.9201277955271565,1.2973107106299824,2.217438506157139,0.000558172,0.000155485,6.67943e-05,32.5323,38.0831,41.7526,34.3786875,9.0326e-05,5.38e-05,4.44067e-05,40.4419,42.6922,43.5255,41.1086375,0.0,5.496924020349979
RWT144,4,RWT144/cabbage_model_P4.h5,64477,32768,1952,1048,3912,12192,31688,4,0,50792,72512,123304,0.7877537726631202,1.1246180808660453,1.9123718535291654,0.000434221,0.0001116,8.10478e-05,33.6229,39.5234,40.9126,35.271675,8.3347e-05,4.26395e-05,4.63422e-05,40.7911,43.7019,43.3402,41.4735875,0.0,5.504392735660076
RWT144,40,RWT144/cabbage_model_P40.h5,64477,32768,1736,792,2776,6560,11840,4,0,23704,20440,44144,0.36763497060967476,0.3170122679405059,0.6846472385501807,0.000115468,4.46052e-05,2.96672e-05,39.3754,43.5061,45.2772,40.6294625,6.63045e-05,3.425e-05,2.73147e-05,41.7846,44.6534,45.636,42.624625,0.0,5.444145061075687
RWT144,41,RWT144/cabbage_model_P41.h5,64478,32768,1552,1088,4088,11520,25560,4,0,43808,44608,88416,0.6794255404944322,0.6918328732280778,1.37125841372251,0.00026272,5.83995e-05,3.69897e-05,35.8051,42.3359,44.3192,37.6857125,9.44066e-05,3.60508e-05,3.20906e-05,40.25,44.4309,44.9362,41.3583875,0.0,5.522107511758804
RWT144,42,RWT144/cabbage_model_P42.h5,64478,32768,1576,968,3000,8888,21264,4,0,35696,45576,81272,0.553615186575266,0.706845745835789,1.260460932411055,0.000295607,7.77802e-05,4.01412e-05,35.2929,41.0913,43.9641,37.101600000000005,7.56224e-05,3.48926e-05,3.31665e-05,41.2135,44.5727,44.793,42.0808375,0.0,5.321251727640629
RWT144,43,RWT144/cabbage_model_P43.h5,64478,32768,1832,992,3264,9320,19744,4,0,35152,40472,75624,0.545178200316387,0.6276869629951302,1.172865163311517,0.00023249,6.91508e-05,4.14326e-05,36.336,41.602,43.8266,37.930575,7.33003e-05,3.75064e-05,3.44894e-05,41.3489,44.2589,44.6231,42.121925000000005,0.0,5.3459019884467125
RWT144,44,RWT144/cabbage_model_P44.h5,64477,32768,1616,424,1544,3952,6760,4,0,14296,14112,28408,0.22172247468089396,0.2188687438931712,0.4405912185740652,8.21417e-05,3.41966e-05,3.6522e-05,40.8544,44.6602,44.3745,41.770137500000004,5.01467e-05,2.85963e-05,3.21371e-05,42.9976,45.4369,44.9299,43.54405,0.0,5.452580727636814
RWT144,45,RWT144/cabbage_model_P45.h5,64478,32768,1216,592,2344,6480,11256,4,0,21888,22144,44032,0.3394646235925432,0.3434349700673098,0.682899593659853,0.000119243,3.31732e-05,4.15035e-05,39.2357,44.7921,43.8191,40.503175,6.60917e-05,2.68321e-05,3.49094e-05,41.7985,45.7135,44.5706,42.6343875,0.0,5.444584898650646
RWT144,46,RWT144/cabbage_model_P46.h5,64478,32768,1832,568,1872,4768,9720,4,0,18760,20416,39176,0.290951952603989,0.3166351313626353,0.6075870839666243,0.000122762,3.0222e-05,3.16697e-05,39.1094,45.1968,44.9936,40.605850000000004,5.88302e-05,2.35338e-05,2.58701e-05,42.304,46.2831,45.872,43.2473875,0.0,5.486380226910114
RWT144,47,RWT144/cabbage_model_P47.h5,64478,32768,1520,504,1944,5272,8240,4,0,17480,15952,33432,0.271100220230156,0.24740221470889295,0.518502434939049,9.27283e-05,3.27441e-05,4.10772e-05,40.3279,44.8487,43.864,41.3350125,5.18792e-05,2.67823e-05,3.60281e-05,42.8501,45.7215,44.4336,43.4069625,0.0,5.576458998024464
RWT144,48,RWT144/cabbage_model_P48.h5,64477,32768,2072,1352,5216,17984,50776,4,0,77400,116488,193888,1.2004280596181585,1.8066597391317833,3.007087798749942,0.000738209,0.000496656,0.000130481,31.3182,33.0394,38.8445,32.4741375,9.17438e-05,0.000124817,8.02408e-05,40.3742,39.0373,40.956,40.279812500000006,0.0,5.579189628362656
RWT144,49,RWT144/cabbage_model_P49.h5,64478,32768,2208,1592,5288,16976,46552,4,0,72616,105408,178024,1.1262135922330097,1.6347901609851423,2.761003753218152,0.000695892,0.000285578,0.000110551,31.5746,35.4427,39.5644,33.0568375,9.24671e-05,8.53581e-05,6.34951e-05,40.3401,40.6876,41.9726,40.5876,0.0,5.361856065690517
RWT144,5,RWT144/cabbage_model_P5.h5,64478,32768,1992,1032,3808,11856,30000,4,0,48688,66688,115376,0.7551102701696703,1.034275256676696,1.789385526846366,0.00048195,0.000114048,5.57993e-05,33.17,39.4291,42.5337,35.12285,7.83068e-05,4.19584e-05,3.64334e-05,41.062,43.7718,44.385,41.8161,0.0,5.820082202553749
RWT144,50,RWT144/cabbage_model_P50.h5,64477,32768,1304,864,3472,11632,27864,4,0,45136,56616,101752,0.7000325697535555,0.8780805558571273,1.5781131256106828,0.000296689,8.72395e-05,9.42959e-05,35.277,40.5929,40.2551,36.56375,8.64205e-05,4.07588e-05,5.18162e-05,40.6338,43.8978,42.8553,41.3194875,0.0,5.520173117518425
RWT144,51,RWT144/cabbage_model_P51.h5,64478,32768,1240,912,3936,12688,31312,4,0,50088,68688,118776,0.77682310245355,1.06529358851081,1.84211669096436,0.000354788,0.000106827,0.000110639,34.5003,39.7132,39.5609,35.7844875,9.08863e-05,4.35617e-05,6.12844e-05,40.415,43.609,42.1265,41.0281875,0.0,5.528160214424133
RWT144,52,RWT144/cabbage_model_P52.h5,64477,32768,1600,960,4048,13136,32856,4,0,52600,64928,117528,0.8157947795337872,1.0069947423112118,1.822789521844999,0.000330135,8.97217e-05,9.52108e-05,34.8131,40.471,40.2131,36.1953375,8.85251e-05,3.91019e-05,5.20864e-05,40.5293,44.078,42.8328,41.260825,0.0,5.584021508693695
RWT144,53,RWT144/cabbage_model_P53.h5,64478,32768,1968,1312,4576,13576,34920,4,0,56352,81336,137688,0.873972517757995,1.2614535190297467,2.1354260367877416,0.000582001,0.000205266,7.58003e-05,32.3508,36.8768,41.2033,34.0231125,8.17377e-05,6.00004e-05,4.68592e-05,40.8758,42.2185,43.292,41.3456625,0.0,5.537715867161751
RWT144,54,RWT144/cabbage_model_P54.h5,64478,32768,1864,920,4256,13920,36112,4,0,57072,79584,136656,0.885139117218276,1.2342814603430627,2.1194205775613386,0.000458308,0.000110645,9.33656e-05,33.3884,39.5607,40.2981,35.023649999999996,9.23667e-05,4.57025e-05,5.40578e-05,40.3448,43.4006,42.6714,41.0176,0.0,5.439448729157448
RWT144,55,RWT144/cabbage_model_P55.h5,64478,32768,1216,840,3960,13800,38072,4,0,57888,88136,146024,0.8977945966065946,1.3669158472657341,2.2647104438723287,0.00052884,0.000131194,0.000131646,32.7668,38.8209,38.8059,34.27845,9.61785e-05,4.91915e-05,6.8891e-05,40.1692,43.0811,41.6184,40.7143375,0.0,5.481893725693226
RWT144,56,RWT144/cabbage_model_P56.h5,64477,32768,1688,960,3368,9672,21400,4,0,37088,39752,76840,0.575212866603595,0.6165299253997549,1.19174279200335,0.000284165,7.15895e-05,3.29114e-05,35.4643,41.4515,44.8265,37.382975,7.74242e-05,3.91562e-05,2.80248e-05,41.1112,44.072,45.5246,42.032975,0.0,5.591823592782021
RWT144,57,RWT144/cabbage_model_P57.h5,64478,32768,1688,904,3520,11032,26864,4,0,44008,53832,97840,0.6825273736778436,0.8348894196470114,1.517416793324855,0.000329052,8.03624e-05,5.82166e-05,34.8274,40.9495,42.3495,36.532925,8.78139e-05,3.81638e-05,3.80395e-05,40.5644,44.1835,44.1977,41.470949999999995,0.0,5.593300856649876
RWT144,58,RWT144/cabbage_model_P58.h5,64478,32768,1888,1024,4056,13168,34912,4,0,55048,80624,135672,0.8537485654021527,1.250410992896802,2.1041595582989547,0.000511133,0.000134739,6.86963e-05,32.9147,38.7051,41.6307,34.728,9.22012e-05,5.21909e-05,4.86442e-05,40.3526,42.8241,43.1297,41.008675000000004,0.0,5.4301769733428955
RWT144,59,RWT144/cabbage_model_P59.h5,64478,32768,1528,848,3528,12240,30088,4,0,48232,58128,106360,0.7480380905114923,0.9015167964266881,1.6495548869381804,0.000354644,7.94981e-05,5.39502e-05,34.5021,40.9964,42.6801,36.3361375,9.60117e-05,4.05444e-05,4.03577e-05,40.1768,43.9207,43.9407,41.115275,0.0,5.518576443195343
RWT144,6,RWT144/cabbage_model_P6.h5,64478,32768,2096,984,3616,11528,28672,4,0,46896,61032,107928,0.7273178448463041,0.9465554142498216,1.6738732590961258,0.000352023,0.000117754,6.78078e-05,34.5343,39.2902,41.6872,36.0229,7.81288e-05,4.34807e-05,4.047e-05,41.0719,43.617,43.9287,41.7471375,0.0,5.389920733869076
RWT144,60,RWT144/cabbage_model_P60.h5,64477,32768,1520,424,1504,3952,6232,4,0,13632,12336,25968,0.21142422879476402,0.19132403802906464,0.40274826682382864,7.23842e-05,2.9326e-05,3.1282e-05,41.4036,45.3275,45.0471,42.349525,4.68045e-05,2.48264e-05,2.69475e-05,43.2971,46.0509,45.6948,43.9410375,0.0,5.320346854627132
RWT144,61,RWT144/cabbage_model_P61.h5,64478,32768,1616,744,2376,5200,7976,4,0,17912,12064,29976,0.27780017990632466,0.18710257762337543,0.46490275752970006,7.14172e-05,3.28807e-05,2.57773e-05,41.462,44.8306,45.8876,42.436275,4.83003e-05,2.68587e-05,2.3491e-05,43.1605,45.7091,46.291,43.87038749999999,0.0,5.325035214424133
RWT144,62,RWT144/cabbage_model_P62.h5,64478,32768,1384,536,2768,9312,20664,4,0,34664,37176,71840,0.5376097273488631,0.5765687521325104,1.1141784794813734,0.000206565,5.36955e-05,4.99802e-05,36.8494,42.7006,43.012,38.351125,8.02427e-05,3.36171e-05,3.95483e-05,40.9559,44.7344,44.0287,41.812312500000004,0.0,5.337444230914116
RWT144,63,RWT144/cabbage_model_P63.h5,64478,32768,1496,824,3616,10560,20968,4,0,37464,30376,67840,0.5810353919166227,0.47110642389652285,1.0521418158131455,0.000152649,5.21642e-05,4.59563e-05,38.1631,42.8263,43.3765,39.397675,8.10786e-05,3.25615e-05,3.44344e-05,40.9109,44.873,44.6301,41.871062499999994,0.0,5.35468202829361
RWT144,7,RWT144/cabbage_model_P7.h5,64478,32768,2016,1000,3856,12648,32432,4,0,51952,73840,125792,0.8057321877229443,1.1451968113154876,1.9509289990384318,0.000443818,0.000192476,9.01404e-05,33.528,37.1562,40.4508,34.846875000000004,8.25065e-05,6.20397e-05,5.70216e-05,40.8351,42.0733,42.4396,41.190437499999994,0.0,5.440158233046532
RWT144,8,RWT144/cabbage_model_P8.h5,64477,32768,1672,1056,3608,11056,26672,4,0,44064,54880,98944,0.6834064860337795,0.8511562262512213,1.534562712285001,0.000317203,6.49196e-05,3.96072e-05,34.9866,41.8762,44.0223,36.977262499999995,8.69317e-05,3.45907e-05,3.24904e-05,40.6082,44.6104,44.8825,41.642762499999996,0.0,5.3734293058514595
RWT144,9,RWT144/cabbage_model_P9.h5,64478,32768,1808,1216,3840,10760,22792,4,0,40416,43184,83600,0.626818449703775,0.6697478209621887,1.2965662706659635,0.000227336,7.1291e-05,3.88694e-05,36.4333,41.4697,44.1039,38.021675,8.1595e-05,3.858e-05,3.20024e-05,40.8834,44.1364,44.9482,41.798125,0.0,5.369565948843956
RWT158,0,RWT158/sutr13_P0.h5,90046,32768,2080,928,3288,9616,22312,4,0,38224,38000,76224,0.42449414743575503,0.4220065299957799,0.846500677431535,0.000166753,3.10087e-05,1.64189e-05,37.7793,45.0852,47.8465,39.950937499999995,8.7924e-05,2.47357e-05,1.45137e-05,40.5589,46.0668,48.3822,42.225300000000004,0.0,7.442329630255699
RWT158,1,RWT158/sutr13_P1.h5,90046,32768,1984,1032,3568,11344,27112,4,0,45040,48824,93864,0.5001887923949981,0.5422117584345779,1.042400550829576,0.000212633,2.38156e-05,1.39484e-05,36.7237,46.2314,48.5547,39.391037499999996,9.63189e-05,2.03356e-05,1.2395e-05,40.1629,46.9174,49.0675,42.120287499999996,0.0,7.443254590034485
RWT158,10,RWT158/sutr13_P10.h5,90046,32768,2096,912,3800,10920,24256,4,0,41984,41112,83096,0.4662505830353375,0.4565666437154343,0.9228172267507718,0.000178398,2.38998e-05,1.83568e-05,37.4861,46.216,47.362,39.811825000000006,8.72859e-05,1.94294e-05,1.61965e-05,40.5906,47.1154,47.9058,42.320600000000006,0.0,7.235676154494286
RWT158,11,RWT158/sutr13_P11.h5,90046,32768,2016,944,3512,9904,21384,4,0,37760,38472,76232,0.4193412255958066,0.4272482953157275,0.846589520911534,0.0001642,2.91283e-05,1.62327e-05,37.8463,45.3568,47.8961,40.0413375,8.43289e-05,2.24594e-05,1.41458e-05,40.7402,46.486,48.4937,42.4276125,0.0,7.228866554796696
RWT158,12,RWT158/sutr13_P12.h5,90046,32768,2016,1176,3992,12464,30240,4,0,49888,54136,104024,0.5540279412744598,0.601203829153988,1.1552317704284476,0.000225813,2.39811e-05,1.72568e-05,36.4625,46.2013,47.6304,39.0758375,0.000102558,1.89498e-05,1.50402e-05,39.8903,47.224,48.2275,41.849162500000006,0.0,7.76768946647644
RWT158,13,RWT158/sutr13_P13.h5,90046,32768,2456,1104,4080,12192,28384,4,0,48216,48776,96992,0.5354596539546455,0.5416786975545832,1.0771383515092285,0.00021554,2.36526e-05,1.20259e-05,36.6647,46.2612,49.1988,39.431025000000005,9.57679e-05,1.91574e-05,1.05219e-05,40.1878,47.1766,49.779,42.2603,0.0,7.574984632432461
RWT158,14,RWT158/sutr13_P14.h5,90046,32768,2200,1000,3776,11360,25944,4,0,44280,48656,92936,0.49174866179508253,0.5403460453545965,1.032094707149679,0.000211877,2.274e-05,1.19451e-05,36.7392,46.4321,49.2281,39.511925,9.65791e-05,1.88015e-05,1.0657e-05,40.1512,47.2581,49.7236,42.2361125,0.0,7.513804271817207
RWT158,15,RWT158/sutr13_P15.h5,90047,32768,2304,1056,4136,12392,28536,4,0,48424,45312,93736,0.5377636123357802,0.50320388241696,1.0409674947527403,0.00019108,2.78435e-05,1.84408e-05,37.1878,45.5528,47.3422,39.502725,9.76231e-05,2.00463e-05,1.53265e-05,40.1045,46.9797,48.1456,41.9690375,0.0,7.442649081349373
RWT158,16,RWT158/sutr13_P16.h5,90046,32768,2232,1152,4312,12504,29952,4,0,50152,53848,104000,0.5569597761144304,0.59800546387402,1.1549652399884502,0.000215454,3.56318e-05,2.08175e-05,36.6664,44.4816,46.8157,38.9119625,9.71536e-05,2.34991e-05,1.66051e-05,40.1254,46.2895,47.7976,41.8549375,0.0,9.814125761389732
RWT158,17,RWT158/sutr13_P17.h5,90046,32768,2432,1144,4200,12144,28592,4,0,48512,47144,95656,0.5387468627146126,0.5235546276347645,1.062301490349377,0.00019313,3.64074e-05,1.66053e-05,37.1415,44.3881,47.7975,39.379325,9.25124e-05,2.50056e-05,1.38547e-05,40.338,46.0196,48.584,42.07895,0.0,7.491089694201946
RWT158,18,RWT158/sutr13_P18.h5,90046,32768,1960,944,4144,12416,31768,4,0,51232,62904,114136,0.5689536459143104,0.6985762832330142,1.2675299291473248,0.000243574,3.31355e-05,2.51613e-05,36.1337,44.7971,45.9927,38.449,0.000100436,2.37796e-05,1.98237e-05,39.9811,46.238,47.0282,41.644099999999995,0.0,7.53217650949955
RWT158,19,RWT158/sutr13_P19.h5,90046,32768,2144,1112,3896,10832,24864,4,0,42848,44480,87328,0.47584567887524154,0.4939697487950603,0.9698154276703018,0.000187961,3.23486e-05,1.78304e-05,37.2593,44.9014,47.4884,39.49320000000001,9.0978e-05,2.35408e-05,1.48523e-05,40.4106,46.2818,48.2821,42.128437500000004,0.0,7.441816680133343
RWT158,2,RWT158/sutr13_P2.h5,90046,32768,2144,984,3520,10584,25848,4,0,43080,48448,91528,0.4784221397952158,0.5380361148746197,1.0164582546698355,0.000188751,4.08648e-05,1.71267e-05,37.2411,43.8865,47.6632,39.3745375,8.96691e-05,2.79001e-05,1.44578e-05,40.4736,45.5439,48.399,42.0980625,0.0,7.416249588131905
RWT158,20,RWT158/sutr13_P20.h5,90046,32768,2200,856,3024,8584,17576,4,0,32240,32176,64416,0.3580392243964196,0.3573284765564267,0.7153677009528463,0.00014861,2.57897e-05,7.90054e-06,38.2795,45.8855,51.0234,40.8232375,7.44961e-05,2.11473e-05,7.59504e-06,41.2787,46.7475,51.1947,43.201800000000006,0.0,7.240061827003956
RWT158,21,RWT158/sutr13_P21.h5,90046,32768,2088,952,2872,8544,18224,4,0,32680,34616,67296,0.3629256157963707,0.38442573795615576,0.7473513537525265,0.000170003,1.92545e-05,6.53071e-06,37.6954,47.1547,51.8504,40.647187499999994,8.25355e-05,1.74573e-05,6.38391e-06,40.8336,47.5802,51.9491,43.0663625,0.0,7.220929391682148
RWT158,22,RWT158/sutr13_P22.h5,90046,32768,2344,1120,3696,10744,25976,4,0,43880,55080,98960,0.4873064877951269,0.6116873597938831,1.09899384758901,0.000246511,1.90275e-05,6.27417e-06,36.0816,47.2062,52.0244,39.465025000000004,9.42194e-05,1.77881e-05,5.97477e-06,40.2586,47.4987,52.2368,42.6608875,0.0,7.487436801195145
RWT158,23,RWT158/sutr13_P23.h5,90047,32768,2312,1160,3832,11400,26368,4,0,45072,46472,91544,0.5005386076160228,0.5160860439548236,1.0166246515708464,0.000210731,2.26439e-05,8.79264e-06,36.7627,46.4505,50.5588,39.6981875,9.16124e-05,2.01377e-05,8.1415e-06,40.3805,46.9599,50.893,42.5169875,0.0,7.456011265516281
RWT158,24,RWT158/sutr13_P24.h5,90046,32768,1920,840,3712,11184,28784,4,0,46440,61744,108184,0.5157364013948427,0.6856939786331431,1.2014303800279857,0.000239446,3.05984e-05,2.19454e-05,36.2079,45.143,46.5866,38.622125,0.000100707,2.41779e-05,1.82452e-05,39.9694,46.1658,47.3885,41.6713375,0.0,7.487065322697163
RWT158,25,RWT158/sutr13_P25.h5,90046,32768,1864,920,3528,10784,25576,4,0,42672,53048,95720,0.4738911223152611,0.5891211158741088,1.0630122381893699,0.000207653,2.74797e-05,2.26917e-05,36.8266,45.6099,46.4413,39.12635,9.51415e-05,2.15031e-05,1.92555e-05,40.2163,46.675,47.1544,41.8909,0.0,7.417370356619358
RWT158,26,RWT158/sutr13_P26.h5,90046,32768,1952,1000,3560,9888,23432,4,0,39832,44520,84352,0.44235168691557647,0.49441396619505584,0.9367656531106323,0.000182538,3.29339e-05,2.00392e-05,37.3865,44.8236,46.9812,39.515475,9.00595e-05,2.45219e-05,1.65867e-05,40.4547,46.1045,47.8024,42.0793875,0.0,7.458892874419689
RWT158,27,RWT158/sutr13_P27.h5,90047,32768,2152,1240,3904,11544,26368,4,0,45208,44600,89808,0.5020489300032206,0.49529690050751274,0.9973458305107333,0.000191427,3.33254e-05,1.73406e-05,37.18,44.7722,47.6094,39.4327,9.59195e-05,2.5452e-05,1.5004e-05,40.1809,45.9428,48.2379,41.9082625,0.0,7.447283066809177
RWT158,28,RWT158/sutr13_P28.h5,90046,32768,2112,1256,4216,12032,29152,4,0,48768,57104,105872,0.5415898540745842,0.6341647602336583,1.1757546143082425,0.000216924,3.09265e-05,2.16906e-05,36.6369,45.0967,46.6373,38.944424999999995,9.72644e-05,2.24541e-05,1.73671e-05,40.1205,46.487,47.6027,41.85158750000001,0.0,7.314521782100201
RWT158,29,RWT158/sutr13_P29.h5,90046,32768,2000,1176,4136,13256,32128,4,0,52696,62800,115496,0.5852120027541479,0.6974213179930258,1.2826333207471736,0.000244231,3.35523e-05,1.85415e-05,36.122,44.7428,47.3185,38.599162500000006,0.000102935,2.452e-05,1.48542e-05,39.8744,46.1048,48.2815,41.7040875,0.0,7.305231988430023
RWT158,3,RWT158/sutr13_P3.h5,90046,32768,2056,1200,4424,13120,32568,4,0,53368,63840,117208,0.5926748550740732,0.7089709703929102,1.3016458254669836,0.000249227,3.59735e-05,1.93796e-05,36.034,44.4402,47.1265,38.471337500000004,9.77345e-05,2.513e-05,1.53494e-05,40.0995,45.9981,48.1391,41.841775,0.0,7.506016507744789
RWT158,30,RWT158/sutr13_P30.h5,90046,32768,2328,1024,3928,10816,25264,4,0,43360,44816,88176,0.4815316615951847,0.497701174955023,0.9792328365502077,0.000192803,3.17933e-05,1.49889e-05,37.1489,44.9766,48.2423,39.5140375,8.96426e-05,2.51993e-05,1.33974e-05,40.4749,45.9861,48.7298,42.195662500000005,0.0,7.242296189069748
RWT158,31,RWT158/sutr13_P31.h5,90047,32768,2200,1144,4000,11432,27080,4,0,45856,47912,93768,0.5092451719657513,0.5320776927604474,1.0413228647261985,0.000208807,3.17392e-05,1.31628e-05,36.8026,44.984,48.8065,39.325762499999996,9.2635e-05,2.52017e-05,1.1568e-05,40.3323,45.9857,49.3674,42.1683625,0.0,7.533992916345596
RWT158,4,RWT158/sutr13_P4.h5,90046,32768,2048,952,3400,9984,21272,4,0,37656,37976,75632,0.41818626035581813,0.4217399995557826,0.8399262599116007,0.0001882,2.24388e-05,1.03333e-05,37.2538,46.49,49.8576,39.983799999999995,9.28968e-05,1.93578e-05,9.58013e-06,40.32,47.1314,50.1863,42.4047125,0.0,7.48484905064106
RWT158,5,RWT158/sutr13_P5.h5,90046,32768,2088,1080,3944,11808,26736,4,0,45656,45048,90704,0.5070297403549296,0.5002776358749972,1.007307376229927,0.000212086,2.45259e-05,1.49928e-05,36.7349,46.1037,48.2412,39.3442875,0.000102118,2.05965e-05,1.35936e-05,39.909,46.8621,48.6667,41.87285,0.0,7.477569185197353
RWT158,6,RWT158/sutr13_P6.h5,90046,32768,2104,792,3056,8640,18552,4,0,33144,34336,67480,0.3680785376363192,0.3813162161561868,0.7493947537925061,0.000163244,2.75663e-05,9.45381e-06,37.8716,45.5962,50.2439,40.3837125,8.25128e-05,2.27031e-05,8.84749e-06,40.8348,46.4391,50.5318,42.7474625,0.0,7.455968864262104
RWT158,7,RWT158/sutr13_P7.h5,90047,32768,2480,1128,3856,10240,23256,4,0,40960,42424,83384,0.45487356602663054,0.471131742312348,0.9260053083389785,0.000204723,1.84191e-05,6.99736e-06,36.8883,47.3473,51.5507,40.028475,8.91263e-05,1.68479e-05,6.72028e-06,40.4999,47.7346,51.7261,42.8075125,0.0,7.452871240675449
RWT158,8,RWT158/sutr13_P8.h5,90046,32768,2040,968,3576,10688,24552,4,0,41824,44896,86720,0.46447371343535526,0.4985896097550141,0.9630633231903694,0.000204899,2.26624e-05,1.16969e-05,36.8846,46.4469,49.3193,39.634225,9.22244e-05,1.96151e-05,1.08487e-05,40.3515,47.0741,49.6462,42.353662500000006,0.0,7.461748920381069
RWT158,9,RWT158/sutr13_P9.h5,90046,32768,2000,1056,4144,12544,32152,4,0,51896,68968,120864,0.5763276547542368,0.7659196410723408,1.3422472958265774,0.000274147,2.93472e-05,1.76013e-05,35.6202,45.3243,47.5445,38.323750000000004,9.7427e-05,2.25005e-05,1.46741e-05,40.1132,46.4781,48.3345,41.936474999999994,0.0,7.469994015991688
RWT166,0,RWT166/model_mesh_P0.h5,59443,32768,1336,464,1472,4296,12120,4,0,19688,36328,56016,0.33120804804602727,0.6111400837777367,0.942348131823764,0.000200794,9.8183e-05,7.12682e-05,36.9725,40.0796,41.471,37.923199999999994,7.82385e-05,4.96368e-05,5.44114e-05,41.0658,43.042,42.6431,41.50998750000001,0.0,5.1184205785393715
RWT166,1,RWT166/model_mesh_P1.h5,59443,32768,1064,360,1136,3456,9888,4,0,15904,33848,49752,0.2675504264589607,0.5694194438369531,0.8369698702959137,0.000153445,0.000112651,8.27623e-05,38.1405,39.4827,40.8217,38.64342500000001,8.34274e-05,5.84001e-05,6.12512e-05,40.7869,42.3359,42.1289,41.148275,0.0,5.248067669570446
RWT166,10,RWT166/model_mesh_P10.h5,59443,32768,1160,392,1920,5344,14992,4,0,23808,59432,83240,0.40051814343152264,0.9998149487744562,1.400333092205979,0.000522495,0.000177595,0.000158831,32.8192,37.5057,37.9906,34.051437500000006,0.000136618,0.000133612,0.000107714,38.6449,38.7415,39.6773,38.786025,0.0,5.168573170900345
RWT166,11,RWT166/model_mesh_P11.h5,59444,32768,1256,568,2280,7040,19808,4,0,30952,69544,100496,0.520691743489671,1.169907812394859,1.69059955588453,0.000591141,0.000176635,0.000159321,32.2831,37.5292,37.9773,33.6506375,0.000128539,0.000134123,0.000112193,38.9096,38.725,39.5003,38.960362499999995,0.0,5.149367466568947
RWT166,12,RWT166/model_mesh_P12.h5,59443,32768,848,248,784,1632,3656,4,0,7168,25384,32552,0.12058610769981326,0.4270309372003432,0.5476170449001565,0.00014684,0.000113554,7.75574e-05,38.3316,39.448,41.1038,38.817674999999994,0.00011518,9.71727e-05,7.31117e-05,39.3862,40.1246,41.3601,39.7252375,0.0,4.9299759939312935
RWT166,13,RWT166/model_mesh_P13.h5,59444,32768,1128,392,1640,4336,11616,4,0,19112,34624,53736,0.3215126842069847,0.5824641679563959,0.9039768521633806,0.000184066,0.000118355,8.91783e-05,37.3503,39.2681,40.4974,37.9834125,0.00010889,8.72489e-05,7.74409e-05,39.6301,40.5924,41.1103,39.9354125,0.0,4.874198794364929
RWT166,14,RWT166/model_mesh_P14.h5,59443,32768,1288,336,1768,5000,12920,4,0,21312,49864,71176,0.3585283380717662,0.8388540282287233,1.1973823663004894,0.000408389,0.000144917,0.000121426,33.8893,38.3888,39.1569,35.1101875,0.000138028,0.00012029,0.000107173,38.6003,39.1977,39.6991,38.812324999999994,0.0,5.169903606176376
RWT166,15,RWT166/model_mesh_P15.h5,59444,32768,1064,360,1592,4616,13952,4,0,21584,47080,68664,0.36309804185451855,0.7920059215396003,1.155103963394119,0.000283001,0.000154685,0.000115424,35.4821,38.1055,39.377,36.296887500000004,0.00012577,0.000124242,9.90557e-05,39.0042,39.0573,40.0412,39.1404625,0.0,5.966692961752415
RWT166,2,RWT166/model_mesh_P2.h5,59443,32768,920,40,352,1504,7056,4,0,9872,36280,46152,0.16607506350621604,0.6103325875208183,0.7764076510270344,0.000149165,0.000149707,0.000100336,38.2633,38.2476,39.9854,38.476600000000005,0.000102458,8.30235e-05,7.95232e-05,39.8945,40.808,40.9951,40.1462625,0.0,5.075725637376308
RWT166,3,RWT166/model_mesh_P3.h5,59444,32768,800,64,304,1328,5912,4,0,8408,32912,41320,0.14144404817979947,0.5536639526276832,0.6951080008074827,0.000138555,0.000163534,0.000107754,38.5838,37.8639,39.6757,38.6303,0.000104978,9.60604e-05,8.85453e-05,39.789,40.1746,40.5283,39.9296125,0.0,5.070073030889034
RWT166,4,RWT166/model_mesh_P4.h5,59443,32768,920,64,472,1776,6168,4,0,9400,31336,40736,0.1581346836465185,0.5271604730582239,0.6852951567047424,0.000138086,0.000143038,9.28938e-05,38.5985,38.4455,40.3201,38.794574999999995,0.000101185,9.32327e-05,7.95251e-05,39.9488,40.3043,40.995,40.1240125,0.0,4.907296702265739
RWT166,5,RWT166/model_mesh_P5.h5,59444,32768,752,48,304,1056,4032,4,0,6192,27904,34096,0.10416526478702645,0.46941659376892536,0.5735818585559518,0.000128558,0.000156071,9.63613e-05,38.909,38.0668,40.161,38.960225,0.000102364,0.000108748,8.7446e-05,39.8985,39.6358,40.5826,39.951175,0.0,4.874835669994354
RWT166,6,RWT166/model_mesh_P6.h5,59443,32768,1152,392,1480,3816,11464,4,0,18304,43152,61456,0.3079252393048803,0.7259391349696348,1.033864374274515,0.000215184,0.000166328,0.000125775,36.6719,37.7903,39.0041,37.103225,0.000128397,0.000117519,0.000104154,38.9145,39.2989,39.8232,39.076137499999994,0.0,4.930473655462265
RWT166,7,RWT166/model_mesh_P7.h5,59444,32768,1056,344,1496,3872,9960,4,0,16728,38088,54816,0.2814077114595249,0.6407375008411278,0.9221452123006527,0.000185275,0.000151758,0.000121829,37.3218,38.1885,39.1425,37.657725,0.000121313,0.000115435,0.000107294,39.1609,39.3766,39.6943,39.2545375,0.0,4.920677714049816
RWT166,8,RWT166/model_mesh_P8.h5,59443,32768,1008,480,2024,5512,13760,4,0,22784,48488,71272,0.3832915566172636,0.8157058021970627,1.1989973588143263,0.000343702,0.000154447,0.000121435,34.6382,38.1122,39.1566,35.637249999999995,0.000116393,0.000111168,8.88396e-05,39.3407,39.5402,40.5139,39.51228749999999,0.0,5.1435806676745415
RWT166,9,RWT166/model_mesh_P9.h5,59443,32768,1096,368,1328,3416,8632,4,0,14840,41592,56432,0.24965092609726966,0.6996955066197871,0.9493464327170567,0.000213914,0.000140751,9.18751e-05,36.6976,38.5155,40.368,37.3836375,0.000127317,0.000109681,7.70017e-05,38.9511,39.5987,41.135,39.3050375,0.0,5.187945410609245
RWT182,0,RWT182/572883_P0.h5,89187,32768,1264,96,608,1752,3416,4,0,7136,14672,21808,0.08001166089228251,0.16450828035476023,0.24451994124704274,7.23609e-05,9.27689e-06,9.12428e-06,41.405,50.326,50.398,43.64425000000001,4.35752e-05,8.87223e-06,8.73994e-06,43.6076,50.5197,50.5849,45.343775,0.0,7.187265843153
RWT182,1,RWT182/572883_P1.h5,89188,32768,1304,40,504,2344,4744,4,0,8936,18752,27688,0.1001928510561959,0.2102525003363681,0.310445351392564,8.67151e-05,1.49391e-05,1.28493e-05,40.619,48.2568,48.9112,42.61025,4.81549e-05,1.46263e-05,1.25336e-05,43.1736,48.3487,49.0192,44.551187500000005,0.0,7.300122939050198
RWT182,10,RWT182/572883_P10.h5,89188,32768,1744,696,2656,9536,27800,4,0,42432,77848,120280,0.47575907072700363,0.8728528501592142,1.348611920886218,0.000368432,2.20121e-05,2.51558e-05,34.3364,46.5734,45.9936,37.323175,8.64109e-05,1.62722e-05,1.74571e-05,40.6343,47.8855,47.5803,42.408950000000004,0.0,7.309380181133747
RWT182,11,RWT182/572883_P11.h5,89188,32768,1944,728,3112,9568,24016,4,0,39368,59992,99360,0.44140467327443156,0.6726465443781675,1.114051217652599,0.000259799,2.35399e-05,2.54808e-05,35.8536,46.282,45.9379,38.4176875,7.86859e-05,1.82501e-05,1.98007e-05,41.041,47.3873,47.0332,42.5833125,0.0,7.235404744744301
RWT182,12,RWT182/572883_P12.h5,89188,32768,1208,96,768,2288,6624,4,0,10984,25408,36392,0.12315558146835898,0.2848813741758981,0.40803695564425707,0.000102612,2.12366e-05,1.47811e-05,39.888,46.7291,48.3029,41.795,5.09688e-05,1.77716e-05,1.32443e-05,42.9269,47.5027,48.7797,44.230475000000006,0.0,7.5173004269599915
RWT182,13,RWT182/572883_P13.h5,89188,32768,1160,144,656,2288,6304,4,0,10552,19400,29952,0.11831188052204332,0.2175180517558416,0.33582993227788493,9.01483e-05,1.265e-05,1.21653e-05,40.4504,48.9791,49.1488,42.6037875,3.78981e-05,1.01527e-05,1.02342e-05,44.2138,49.9342,49.8994,45.63955,0.0,7.410183183848858
RWT182,14,RWT182/572883_P14.h5,89188,32768,1296,88,408,1128,2656,4,0,5576,11944,17520,0.06251962147374086,0.1339193613490604,0.19643898282280128,6.29856e-05,1.31023e-05,7.29273e-06,42.0076,48.8265,51.3711,44.0304,4.1268e-05,1.22961e-05,6.99989e-06,43.8439,49.1023,51.5491,45.46435,0.0,7.418255731463432
RWT182,15,RWT182/572883_P15.h5,89188,32768,1256,384,1216,3216,6384,4,0,12456,17680,30136,0.1396600439521012,0.1982329461362515,0.3378929900883527,7.99492e-05,1.5694e-05,1.49426e-05,40.9719,48.0427,48.2557,42.766225,4.67037e-05,1.29592e-05,1.24239e-05,43.3065,48.8742,49.0574,44.72132500000001,0.0,7.404579900205135
RWT182,16,RWT182/572883_P16.h5,89187,32768,2176,592,2136,5848,13192,4,0,23944,29416,53360,0.2684696200118851,0.3298238532521556,0.5982934732640407,0.000132405,1.41275e-05,1.5649e-05,38.7809,48.4994,48.0551,41.1549875,7.01264e-05,1.23841e-05,1.36784e-05,41.5412,49.0714,48.6396,43.369775000000004,0.0,7.137981414794922
RWT182,17,RWT182/572883_P17.h5,89188,32768,2144,856,2608,6592,15560,4,0,27760,37968,65728,0.31125263488361665,0.4257074942817419,0.7369601291653586,0.000175299,1.70971e-05,2.06576e-05,37.5622,47.6708,46.8492,39.98665,6.16295e-05,1.35216e-05,1.59975e-05,42.1021,48.6897,47.9595,43.657725,0.0,7.148619554936886
RWT182,18,RWT182/572883_P18.h5,89188,32768,1400,896,2960,7560,16960,4,0,29776,41568,71344,0.33385657263308965,0.46607166883437234,0.799928241467462,0.000179783,1.53223e-05,1.79846e-05,37.4525,48.1468,47.451,40.039100000000005,7.45533e-05,1.41684e-05,1.68361e-05,41.2753,48.4868,47.7376,42.984525,0.0,7.31725999712944
RWT182,19,RWT182/572883_P19.h5,89188,32768,1632,792,2768,6784,18360,4,0,30336,46008,76344,0.3401354442301655,0.5158541507826165,0.8559895950127819,0.00020242,1.63822e-05,1.73959e-05,36.9375,47.8563,47.5955,39.6346,7.52548e-05,1.44812e-05,1.52601e-05,41.2347,48.3919,48.1644,42.9955625,0.0,7.288348399102688
RWT182,2,RWT182/572883_P2.h5,89188,32768,1344,360,1664,4344,9632,4,0,17344,29880,47224,0.194465623178006,0.3350226487868323,0.5294882719648383,0.000129598,1.39294e-05,1.53996e-05,38.874,48.5607,48.1249,41.241200000000006,6.33718e-05,1.25258e-05,1.34023e-05,41.981,49.022,48.7282,43.704525000000004,0.0,7.249093286693096
RWT182,20,RWT182/572883_P20.h5,89188,32768,2112,1112,3768,11888,33072,4,0,51952,74808,126760,0.5824998878772929,0.8387675472036596,1.4212674350809527,0.000390394,2.89334e-05,3.26718e-05,34.085,45.386,44.8583,36.8442875,8.5226e-05,2.02246e-05,2.18028e-05,40.6943,46.9412,46.6149,42.21523749999999,0.0,7.26506844162941
RWT182,21,RWT182/572883_P21.h5,89188,32768,1984,848,2592,7288,18224,4,0,30936,46200,77136,0.3468628066556039,0.5180069067587568,0.8648697134143607,0.000215486,1.92178e-05,2.0254e-05,36.6658,47.163,46.9349,39.261587500000005,6.75897e-05,1.52907e-05,1.61079e-05,41.7012,48.1557,47.9296,43.2865625,0.0,7.201779626309872
RWT182,22,RWT182/572883_P22.h5,89188,32768,1560,976,3624,9320,23384,4,0,38864,53616,92480,0.4357536888370633,0.6011571063371755,1.0369107951742387,0.000264189,1.90662e-05,2.08489e-05,35.7809,47.1973,46.8092,38.5864875,8.09014e-05,1.57983e-05,1.76924e-05,40.9204,48.0139,47.5221,42.6323,0.0,7.304738916456699
RWT182,23,RWT182/572883_P23.h5,89188,32768,1576,832,3520,8504,20840,4,0,35272,47288,82560,0.3954792124501054,0.5302058572902184,0.9256850697403238,0.000205757,1.82832e-05,2.20861e-05,36.8665,47.3795,46.5588,39.392162500000005,8.09866e-05,1.52272e-05,1.92283e-05,40.9159,48.1738,47.1606,42.603725000000004,0.0,7.240728631615639
RWT182,24,RWT182/572883_P24.h5,89188,32768,2048,1008,2976,6928,13896,4,0,26856,27184,54040,0.3011167421626228,0.30479436695519574,0.6059111091178185,0.000120294,1.92729e-05,2.26347e-05,39.1975,47.1505,46.4522,41.098462500000004,5.60449e-05,1.51412e-05,1.86611e-05,42.5146,48.1984,47.2906,43.822075,0.0,7.455935001373291
RWT182,25,RWT182/572883_P25.h5,89188,32768,1944,896,1816,4192,9048,4,0,17896,25464,43360,0.20065479660940932,0.28550926133560567,0.48616405794501505,0.000105209,1.60592e-05,1.72977e-05,39.7795,47.9428,47.6201,41.7799875,5.36117e-05,1.39208e-05,1.52435e-05,42.7074,48.5633,48.1691,44.122099999999996,0.0,7.402466408908367
RWT182,26,RWT182/572883_P26.h5,89188,32768,1464,856,3136,7880,19568,4,0,32904,43984,76888,0.36892855541104186,0.493160514867471,0.8620890702785128,0.000204209,1.68919e-05,1.81369e-05,36.8992,47.7232,47.4144,39.5666,6.93496e-05,1.44185e-05,1.57294e-05,41.5896,48.4108,48.0329,43.2476625,0.0,7.355504795908928
RWT182,27,RWT182/572883_P27.h5,89188,32768,1560,752,2496,6360,16864,4,0,28032,41328,69360,0.314302372516482,0.463380723864197,0.777683096380679,0.000183128,1.8869e-05,2.09119e-05,37.3725,47.2425,46.7961,39.784200000000006,6.47845e-05,1.55697e-05,1.76251e-05,41.8853,48.0772,47.5387,43.3659625,0.0,7.406102046370506
RWT182,28,RWT182/572883_P28.h5,89188,32768,1720,568,2144,6024,14664,4,0,25120,39896,65016,0.28165224021168767,0.44732475220881734,0.728976992420505,0.000170635,1.7348e-05,1.81678e-05,37.6793,47.6075,47.407,40.136287499999995,7.59787e-05,1.49414e-05,1.51668e-05,41.1931,48.2561,48.1911,42.950725000000006,0.0,7.43322116881609
RWT182,29,RWT182/572883_P29.h5,89188,32768,2000,760,1952,4800,10328,4,0,19840,29648,49488,0.22245145086782975,0.33242140198232945,0.5548728528501592,0.0001303,1.45312e-05,1.61399e-05,38.8506,48.377,47.921,41.1752,6.56719e-05,1.30444e-05,1.45408e-05,41.8262,48.8458,48.3741,43.5221375,0.0,7.414010412991047
RWT182,3,RWT182/572883_P3.h5,89188,32768,1448,200,792,1992,4392,4,0,8824,14672,23496,0.09893707673678073,0.164506435843387,0.26344351258016774,7.58083e-05,1.11998e-05,9.19755e-06,41.2028,49.5079,50.3633,43.386,4.46396e-05,1.05632e-05,8.12672e-06,43.5028,49.762,50.9008,45.20995,0.0,7.2100198194384575
RWT182,30,RWT182/572883_P30.h5,89188,32768,1840,704,2600,6976,17736,4,0,29856,44208,74064,0.3347535542898148,0.4956720635063013,0.8304256177961161,0.000200114,1.83484e-05,1.88646e-05,36.9872,47.364,47.2435,39.566337499999996,6.99744e-05,1.50316e-05,1.58464e-05,41.5506,48.2299,48.0007,43.191775,0.0,7.2087292075157166
RWT182,31,RWT182/572883_P31.h5,89188,32768,1544,568,2088,5712,12688,4,0,22600,31408,54008,0.2533973180248464,0.3521549984302821,0.6055523164551285,0.000129067,1.80472e-05,1.97154e-05,38.8918,47.4359,47.052,40.9798375,6.07382e-05,1.53638e-05,1.70334e-05,42.1654,48.135,47.687,43.6018,0.0,7.192982472479343
RWT182,4,RWT182/572883_P4.h5,89188,32768,1240,88,664,2152,4736,4,0,8880,19352,28232,0.09956496389648832,0.21697986276180653,0.31654482665829486,8.79798e-05,1.65764e-05,1.31828e-05,40.5562,47.8051,48.7999,42.492774999999995,4.94283e-05,1.51406e-05,1.21905e-05,43.0602,48.1986,49.1398,44.46245,0.0,7.23409204185009
RWT182,5,RWT182/572883_P5.h5,89188,32768,1232,80,808,2376,4064,4,0,8560,15640,24200,0.09597703726958784,0.17535991388976097,0.2713369511593488,6.28844e-05,1.10865e-05,9.99912e-06,42.0146,49.5521,50.0004,43.9550125,3.69202e-05,1.01946e-05,9.29653e-06,44.3274,49.9163,50.3168,45.77468749999999,0.0,7.142499454319477
RWT182,6,RWT182/572883_P6.h5,89188,32768,1688,552,1832,4768,8976,4,0,17816,20152,37968,0.19975781495268422,0.2259496793290577,0.4257074942817419,9.08401e-05,1.88182e-05,1.79433e-05,40.4172,47.2542,47.461,42.1523,4.9411e-05,1.54477e-05,1.50224e-05,43.0618,48.1114,48.2326,44.339349999999996,0.0,7.392203621566296
RWT182,7,RWT182/572883_P7.h5,89188,32768,1648,536,1944,4416,8720,4,0,17264,21792,39056,0.1935686415212809,0.24433780329192267,0.43790644481320357,8.9344e-05,1.76032e-05,1.76184e-05,40.4893,47.5441,47.5403,42.252525,5.094e-05,1.44096e-05,1.50397e-05,42.9294,48.4135,48.2276,44.277187500000004,0.0,7.307483553886414
RWT182,8,RWT182/572883_P8.h5,89187,32768,1496,256,984,3224,8648,4,0,14608,28784,43392,0.163790686983529,0.3227376187112472,0.4865283056947761,0.000123591,1.78224e-05,1.57061e-05,39.0801,47.4903,48.0393,41.25127500000001,5.50453e-05,1.5586e-05,1.48026e-05,42.5928,48.0727,48.2966,43.9907625,0.0,7.527696065604687
RWT182,9,RWT182/572883_P9.h5,89188,32768,1432,208,912,2528,6200,4,0,11280,17544,28824,0.1264744135982419,0.19670807731981882,0.3231824909180607,8.57466e-05,1.3271e-05,1.30545e-05,40.6678,48.771,48.8424,42.702525,3.62976e-05,1.13405e-05,1.16391e-05,44.4012,49.4537,49.3408,45.6502125,0.0,7.43637190759182
RWT21,0,RWT21/AMPHITRITE_P0.h5,85353,32768,1288,488,1392,3408,7224,4,0,13800,11616,25416,0.16168148746968472,0.1360936346701346,0.2977751221398193,6.6117e-05,7.71457e-06,7.32575e-06,41.7969,51.1269,51.3515,44.157475,3.90338e-05,7.70431e-06,7.26606e-06,44.0856,51.1327,51.387,45.8791625,0.0,7.2005761712789536
RWT21,1,RWT21/AMPHITRITE_P1.h5,85354,32768,2032,696,2456,6200,11336,4,0,22720,16600,39320,0.26618553319118027,0.19448414837031655,0.46066968156149685,9.06371e-05,1.1097e-05,1.1026e-05,40.4269,49.548,49.5758,42.71065000000001,4.88214e-05,1.03337e-05,1.05234e-05,43.1139,49.8574,49.7784,44.789899999999996,0.0,7.08143450319767
RWT21,10,RWT21/AMPHITRITE_P10.h5,85354,32768,2144,864,2736,6552,12176,4,0,24472,17424,41896,0.28671181198303536,0.20413806031351783,0.4908498722965532,0.000100087,9.44249e-06,1.01089e-05,39.9962,50.2491,49.953,42.5224125,4.98944e-05,9.13424e-06,9.72837e-06,43.0195,50.3933,50.1196,44.8287375,0.0,7.095104083418846
RWT21,11,RWT21/AMPHITRITE_P11.h5,85354,32768,1760,432,1520,4512,9464,4,0,17688,16096,33784,0.207231061227359,0.1885793284438925,0.3958103896712515,9.31806e-05,9.41851e-06,9.6933e-06,40.3067,50.2602,50.1353,42.779462499999994,4.01298e-05,8.83659e-06,9.28344e-06,43.9653,50.5372,50.3229,45.581487499999994,0.0,7.36991611123085
RWT21,12,RWT21/AMPHITRITE_P12.h5,85353,32768,2128,768,2696,6816,13056,4,0,25464,20624,46088,0.29833749253101827,0.24163181141846216,0.5399693039494804,0.000117391,1.11812e-05,1.24191e-05,39.3036,49.5151,49.0591,41.799475,5.33413e-05,1.05781e-05,1.16438e-05,42.7294,49.7559,49.339,44.4339125,0.0,7.190800786018372
RWT21,13,RWT21/AMPHITRITE_P13.h5,85354,32768,1848,904,3184,9208,19256,4,0,34400,35272,69672,0.4030273918035476,0.4132436675492654,0.816271059352813,0.000233134,9.4317e-06,1.14149e-05,36.3239,50.2541,49.4253,39.70285,6.07498e-05,9.15736e-06,1.11126e-05,42.1646,50.3823,49.5418,44.1139625,0.0,7.109215371310711
RWT21,14,RWT21/AMPHITRITE_P14.h5,85354,32768,1880,944,2560,6496,12408,4,0,24288,18056,42344,0.28455608407338845,0.21154251704665275,0.4960986011200412,9.43568e-05,1.19927e-05,1.53337e-05,40.2523,49.2108,48.1435,42.3585125,4.79697e-05,1.13127e-05,1.42379e-05,43.1903,49.4643,48.4655,44.63395,0.0,7.128483705222607
RWT21,15,RWT21/AMPHITRITE_P15.h5,85354,32768,1464,744,2448,7120,13816,4,0,25592,23768,49360,0.2998336340417555,0.27846380954612554,0.578297443587881,0.000113323,1.06537e-05,1.34148e-05,39.4568,49.725,48.7242,41.89875,5.52144e-05,9.90796e-06,1.22362e-05,42.5795,50.0402,49.1235,44.3300875,0.0,7.375985823571682
RWT21,16,RWT21/AMPHITRITE_P16.h5,85353,32768,1808,600,2136,5056,8864,4,0,18464,13632,32096,0.2163251438145115,0.15971319110048857,0.37603833491500005,7.39903e-05,9.81879e-06,8.91722e-06,41.3083,50.0794,50.4977,43.553362500000006,4.17009e-05,9.53819e-06,8.87597e-06,43.7985,50.2053,50.5178,45.439262500000005,0.0,6.9342212826013565
RWT21,17,RWT21/AMPHITRITE_P17.h5,85354,32768,1984,768,2696,6648,11976,4,0,24072,17416,41488,0.2820254469620639,0.20404433301309838,0.48606977997516226,9.48125e-05,1.08013e-05,9.25477e-06,40.2313,49.6653,50.3363,42.673674999999996,5.21823e-05,1.05615e-05,9.07401e-06,42.8248,49.7627,50.422,44.6416875,0.0,6.88846530020237
RWT21,18,RWT21/AMPHITRITE_P18.h5,85353,32768,1736,864,2960,6496,10976,4,0,23032,15032,38064,0.26984405937694045,0.1761156608437899,0.4459597202207304,8.30053e-05,1.07203e-05,1.01921e-05,40.8089,49.6979,49.9174,43.0585875,4.68849e-05,1.02947e-05,9.74908e-06,43.2897,49.8739,50.1104,44.965312499999996,0.0,7.364471793174744
RWT21,19,RWT21/AMPHITRITE_P19.h5,85354,32768,1976,880,2672,7056,12528,4,0,25112,17776,42888,0.29420999601658976,0.20826206153197271,0.5024720575485625,9.84611e-05,9.94687e-06,9.12915e-06,40.0674,50.0231,50.3957,42.6029,5.35828e-05,9.87658e-06,9.13728e-06,42.7097,50.0539,50.3918,44.5879875,0.0,7.573650918900967
RWT21,2,RWT21/AMPHITRITE_P2.h5,85353,32768,1392,368,1312,3104,5720,4,0,11896,11184,23080,0.1393741286187949,0.1310323011493445,0.2704064297681394,5.67026e-05,8.63865e-06,1.0008e-05,42.464,50.6355,49.9965,44.42699999999999,3.35305e-05,7.70692e-06,9.08461e-06,44.7456,51.1312,50.4169,46.2527125,0.0,8.890205293893814
RWT21,20,RWT21/AMPHITRITE_P20.h5,85353,32768,1904,864,3256,8776,16408,4,0,31208,22768,53976,0.36563448267782034,0.2667510222253465,0.6323855049031668,0.000120436,1.13456e-05,1.08713e-05,39.1924,49.4517,49.6372,41.780412500000004,6.22649e-05,1.08015e-05,1.05243e-05,42.0576,49.6652,49.7781,43.9736125,0.0,8.65187082439661
RWT21,21,RWT21/AMPHITRITE_P21.h5,85354,32768,1936,792,3104,8152,14720,4,0,28704,22264,50968,0.33629355390491367,0.2608430770672728,0.5971366309721864,0.000121104,1.00537e-05,1.05489e-05,39.1684,49.9768,49.7679,41.8443875,5.84687e-05,9.7611e-06,1.01263e-05,42.3308,50.105,49.9455,44.2544125,0.0,8.487879738211632
RWT21,22,RWT21/AMPHITRITE_P22.h5,85354,32768,1984,760,2528,5824,10680,4,0,21776,15432,37208,0.2551257117416876,0.18079996250907984,0.4359256742507674,8.37069e-05,1.00267e-05,1.05038e-05,40.7724,49.9884,49.7865,43.0511625,4.6043e-05,9.90536e-06,1.01271e-05,43.3684,50.0413,49.9451,45.02459999999999,0.0,7.471550300717354
RWT21,23,RWT21/AMPHITRITE_P23.h5,85354,32768,1944,744,2352,6480,11464,4,0,22984,16968,39952,0.26927853410502145,0.19879560418961034,0.4680741382946318,9.3367e-05,9.82809e-06,8.94686e-06,40.2981,50.0753,50.4833,42.79339999999999,5.05585e-05,9.74967e-06,8.77148e-06,42.9621,50.1101,50.5693,44.8065,0.0,7.268522761762142
RWT21,24,RWT21/AMPHITRITE_P24.h5,85353,32768,1544,664,2672,7544,13656,4,0,26080,19712,45792,0.30555457921807083,0.23094677398568297,0.5365013532037538,0.000104269,9.1453e-06,8.7324e-06,39.8185,50.388,50.5887,42.4859625,5.49073e-05,8.95762e-06,8.82573e-06,42.6037,50.4781,50.5425,44.58035,0.0,7.269047014415264
RWT21,25,RWT21/AMPHITRITE_P25.h5,85354,32768,1544,352,1416,3848,6224,4,0,13384,11240,24624,0.15680577360170583,0.1316868570892987,0.2884926306910045,5.63198e-05,9.36552e-06,8.32262e-06,42.4934,50.2847,50.7974,44.505312499999995,3.19828e-05,9.49499e-06,8.20057e-06,44.9508,50.2251,50.8616,46.3489375,0.0,7.216261222958565
RWT21,26,RWT21/AMPHITRITE_P26.h5,85354,32768,1464,848,3224,7704,13752,4,0,26992,18672,45664,0.3162359116151557,0.21875951917894884,0.5349954307941045,9.89867e-05,9.29891e-06,9.92316e-06,40.0442,50.3157,50.0335,42.5768,5.59499e-05,9.2969e-06,9.95855e-06,42.522,50.3166,50.018,44.433324999999996,0.0,7.2987924963235855
RWT21,27,RWT21/AMPHITRITE_P27.h5,85354,32768,1712,520,1584,4480,8088,4,0,16384,11776,28160,0.19195351125899196,0.13796658621740046,0.32992009747639245,6.62099e-05,8.44451e-06,7.83597e-06,41.7908,50.7343,51.0591,44.067275,3.91162e-05,8.45541e-06,7.91957e-06,44.0764,50.7286,51.013,45.775,0.0,6.993214152753353
RWT21,28,RWT21/AMPHITRITE_P28.h5,85353,32768,2000,640,2200,5512,9752,4,0,20104,14952,35056,0.23553946551380736,0.1751783768584584,0.4107178423722658,8.00315e-05,9.8068e-06,9.14836e-06,40.9674,50.0847,50.3866,43.2844625,4.11098e-05,9.39911e-06,8.99759e-06,43.8605,50.2691,50.4587,45.48635,0.0,7.3118064403533936
RWT21,29,RWT21/AMPHITRITE_P29.h5,85354,32768,1696,912,3048,8848,17184,4,0,31688,26168,57856,0.37125383696136094,0.30658199967195443,0.6778358366333154,0.000141343,1.00251e-05,9.50615e-06,38.4973,49.9891,50.22,41.3991125,6.44456e-05,9.88162e-06,9.38153e-06,41.9081,50.0517,50.2773,43.9722,0.0,7.251653358340263
RWT21,3,RWT21/AMPHITRITE_P3.h5,85354,32768,1992,952,3128,7896,15544,4,0,29512,27416,56928,0.34576001124727607,0.32120345853738547,0.6669634697846615,0.00016887,1.22904e-05,1.11626e-05,37.7245,49.1043,49.5224,40.6217125,5.47812e-05,1.1315e-05,1.02171e-05,42.6137,49.4634,49.9067,44.3815375,0.0,7.126686468720436
RWT21,30,RWT21/AMPHITRITE_P30.h5,85354,32768,1560,952,3448,9792,19856,4,0,35608,29632,65240,0.41718021416688145,0.3471659207535675,0.764346134920449,0.000156598,1.05718e-05,1.0118e-05,38.0521,49.7585,49.949,41.0025125,7.039e-05,1.03257e-05,9.76759e-06,41.5249,49.8608,50.1021,43.6390375,0.0,7.045341476798058
RWT21,31,RWT21/AMPHITRITE_P31.h5,85354,32768,1616,688,2656,7888,15360,4,0,28208,21848,50056,0.330482461278909,0.25596925744546245,0.5864517187243714,0.000116701,9.40024e-06,9.10249e-06,39.3293,50.2686,50.4084,42.08160000000001,5.90978e-05,9.34236e-06,9.05254e-06,42.2843,50.2954,50.4323,44.304187500000005,0.0,7.057212643325329
RWT21,4,RWT21/AMPHITRITE_P4.h5,85353,32768,1624,488,1840,4928,11448,4,0,20328,21256,41584,0.23816386067273557,0.24903635490258105,0.4872002155753166,0.0001087,9.27956e-06,1.11987e-05,39.6377,50.3247,49.5083,42.20740000000001,4.72246e-05,8.45082e-06,9.9674e-06,43.2583,50.731,50.0142,45.036875,0.0,7.6997736766934395
RWT21,5,RWT21/AMPHITRITE_P5.h5,85354,32768,1904,800,3032,8264,15784,4,0,29784,22000,51784,0.34894673946153665,0.2577500761534316,0.6066968156149682,0.000106228,1.19807e-05,1.27606e-05,39.7376,49.2152,48.9413,42.0727625,5.66488e-05,1.08636e-05,1.16288e-05,42.4681,49.6403,49.3447,44.2242,0.0,7.255829028785229
RWT21,6,RWT21/AMPHITRITE_P6.h5,85354,32768,1800,672,2232,6064,11328,4,0,22096,17968,40064,0.2588748037584647,0.21051151674203905,0.4693863205005038,9.78283e-05,1.04729e-05,1.25998e-05,40.0954,49.7993,48.9964,42.421012499999996,4.99355e-05,9.91008e-06,1.16087e-05,43.0159,50.0392,49.3522,44.68585,0.0,7.380390137434006
RWT21,7,RWT21/AMPHITRITE_P7.h5,85354,32768,2008,640,2656,6584,11384,4,0,23272,18360,41632,0.2726527169201209,0.2151041544625911,0.487756871382712,0.000102908,9.02723e-06,1.0161e-05,39.8755,50.4445,49.9306,42.4535125,4.68437e-05,8.91781e-06,9.67122e-06,43.2935,50.4974,50.1452,45.050450000000005,0.0,7.271451324224472
RWT21,8,RWT21/AMPHITRITE_P8.h5,85353,32768,1704,344,1480,3440,6848,4,0,13816,12824,26640,0.16186894426675102,0.15024662284864035,0.3121155671153914,5.74477e-05,1.14146e-05,1.35122e-05,42.4073,49.4254,48.6927,44.070237500000005,3.21599e-05,1.10113e-05,1.24984e-05,44.9269,49.5816,49.0315,46.0218125,0.0,7.309978827834129
RWT21,9,RWT21/AMPHITRITE_P9.h5,85354,32768,1600,544,1496,3600,7920,4,0,15160,13616,28776,0.17761323429481923,0.1595238653138693,0.33713709960868854,7.80737e-05,1.01771e-05,1.16516e-05,41.075,49.9238,49.3362,43.213750000000005,3.55274e-05,9.18176e-06,1.04249e-05,44.4944,50.3707,49.8193,45.89455,0.0,7.589181885123253
RWT226,0,RWT226/socha_zeny_P0.h5,56015,32768,1216,392,1600,6184,25632,4,0,35024,93856,128880,0.6252610907792555,1.6755511916450951,2.3008122824243507,0.00110473,9.38817e-06,5.76384e-06,29.5674,50.2742,52.3929,35.0089375,9.94369e-05,9.03448e-06,5.49238e-06,40.0245,50.441,52.6024,42.8988,0.0,5.017418771982193
RWT226,1,RWT226/socha_zeny_P1.h5,56016,32768,936,264,960,4216,17880,4,0,24256,70536,94792,0.43301913738931735,1.2592116538131963,1.6922307912025136,0.000639375,6.72813e-06,4.9439e-06,31.9424,51.7211,53.0593,37.05435,0.000100715,7.03246e-06,4.84423e-06,39.9691,51.5289,53.1478,43.0614125,0.0,4.765671335160732
RWT226,10,RWT226/socha_zeny_P10.h5,56016,32768,1072,168,408,2088,9512,4,0,13248,48528,61776,0.2365038560411311,0.8663239074550129,1.1028277634961439,0.000424193,4.86865e-06,5.26556e-06,33.7244,53.1259,52.7856,38.5322375,8.89051e-05,4.90683e-06,5.18035e-06,40.5107,53.092,52.8564,43.626575,0.0,6.339381746947765
RWT226,11,RWT226/socha_zeny_P11.h5,56016,32768,1256,360,872,4728,18528,4,0,25744,86448,112192,0.45958297629248784,1.5432733504712939,2.002856326763782,0.00111459,9.59623e-06,6.21274e-06,29.5289,50.179,52.0672,34.92745,0.000102463,9.56164e-06,5.87318e-06,39.8943,50.1947,52.3113,42.733975,0.0,14.635366395115852
RWT226,12,RWT226/socha_zeny_P12.h5,56016,32768,1464,632,1848,6688,26040,4,0,36672,106552,143224,0.6546700942587832,1.9021708083404743,2.5568409025992573,0.00182128,1.00772e-05,1.01167e-05,27.3962,49.9666,49.9496,33.036675,0.000100198,9.88227e-06,8.81832e-06,39.9914,50.0514,50.5461,42.5682375,0.0,5.052957765758038
RWT226,13,RWT226/socha_zeny_P13.h5,56016,32768,1416,368,1192,4016,19936,4,0,26928,82336,109264,0.480719794344473,1.4698657526421022,1.9505855469865752,0.000989385,1.04588e-05,9.02272e-06,30.0463,49.8052,50.4466,35.066199999999995,0.000102149,9.77132e-06,8.16232e-06,39.9077,50.1005,50.8819,42.553574999999995,0.0,4.972900129854679
RWT226,14,RWT226/socha_zeny_P14.h5,56016,32768,1240,400,1136,3744,12176,4,0,18696,39808,58504,0.3337617823479006,0.7106540988289061,1.0444158811768067,0.00040503,8.46656e-06,9.85226e-06,33.9251,50.7229,50.0646,38.0422625,9.51384e-05,8.2235e-06,9.44403e-06,40.2164,50.8494,50.2484,42.799525,0.0,4.943184167146683
RWT226,15,RWT226/socha_zeny_P15.h5,56016,32768,1432,672,2056,6624,20792,4,0,31576,68832,100408,0.5636960868323336,1.2287917737789202,1.792487860611254,0.000909587,9.6162e-06,1.69736e-05,30.4116,50.17,47.7023,35.0427375,0.000100414,9.75438e-06,1.48999e-05,39.9821,50.108,48.2682,42.2836,0.0,4.903199300169945
RWT226,16,RWT226/socha_zeny_P16.h5,56015,32768,1232,296,1120,3144,9760,4,0,15552,31240,46792,0.2776399178791395,0.5577077568508435,0.8353476747299831,0.00034632,7.94277e-06,6.21355e-06,34.6052,51.0003,52.0666,38.8372625,5.31383e-05,7.25179e-06,5.93196e-06,42.7459,51.3955,52.268,45.017362500000004,0.0,5.17452210187912
RWT226,17,RWT226/socha_zeny_P17.h5,56016,32768,1424,400,1728,5840,22008,4,0,31400,72616,104016,0.5605541273921737,1.2963439017423593,1.856898029134533,0.0010051,1.3264e-05,9.64204e-06,29.9779,48.7733,50.1583,34.849875,9.88231e-05,1.19487e-05,8.49229e-06,40.0514,49.2268,50.7098,42.530625,0.0,5.118413768708706
RWT226,18,RWT226/socha_zeny_P18.h5,56016,32768,880,224,656,1504,3464,4,0,6728,7488,14216,0.12010854041702371,0.13367609254498714,0.25378463296201087,7.3911e-05,8.61038e-06,4.72991e-06,41.3129,50.6498,53.2515,43.9723375,2.45287e-05,8.47478e-06,4.6771e-06,46.1032,50.7187,53.3002,47.5797625,0.0,5.0006905645132065
RWT226,19,RWT226/socha_zeny_P19.h5,56016,32768,592,192,768,2288,3984,4,0,7824,9672,17496,0.13967437874892888,0.1726649528706084,0.31233933161953725,0.000108193,1.26955e-05,4.62801e-06,39.658,48.9635,53.3461,42.532199999999996,2.50384e-05,1.2749e-05,4.14302e-06,46.0139,48.9452,53.8268,47.356925,0.0,4.976074211299419
RWT226,2,RWT226/socha_zeny_P2.h5,56016,32768,1256,368,1216,4016,13232,4,0,20088,41848,61936,0.35861182519280205,0.7470722650671237,1.1056840902599256,0.000498929,7.00845e-06,6.96307e-06,33.0196,51.5438,51.572,37.654174999999995,9.29234e-05,6.91721e-06,6.55964e-06,40.3187,51.6007,51.8312,43.1680125,0.0,4.976573556661606
RWT226,20,RWT226/socha_zeny_P20.h5,56016,32768,1304,128,600,2088,10632,4,0,14752,40504,55256,0.2633533276206798,0.7230791202513568,0.9864324478720365,0.000360674,1.07523e-05,5.31316e-06,34.4288,49.685,52.7465,38.62553750000001,5.51097e-05,8.42979e-06,5.36819e-06,42.5877,50.7418,52.7017,44.8712125,0.0,5.766337968409061
RWT226,21,RWT226/socha_zeny_P21.h5,56016,32768,872,80,400,1224,5624,4,0,8200,22008,30208,0.14638674664381604,0.39288774635818335,0.5392744930019995,0.000181486,1.16232e-05,5.90645e-06,37.4116,49.3467,52.2867,40.762875,2.77918e-05,1.08873e-05,5.86039e-06,45.5608,49.6308,52.3207,46.9145375,0.0,5.021632805466652
RWT226,22,RWT226/socha_zeny_P22.h5,56016,32768,880,112,336,1064,3376,4,0,5768,10584,16352,0.10297057983433305,0.18894601542416453,0.29191659525849756,0.000104005,4.56851e-06,4.67445e-06,39.8295,53.4023,53.3027,43.21025000000001,2.64128e-05,4.23783e-06,5.01896e-06,45.7819,53.7286,52.9939,47.676737499999994,0.0,6.055365525186062
RWT226,23,RWT226/socha_zeny_P23.h5,56016,32768,1240,416,1912,6024,22536,4,0,32128,81400,113528,0.5735504141673807,1.453156241073979,2.0267066552413597,0.00110232,2.82504e-05,1.22757e-05,29.5769,45.4898,49.1096,34.0076,9.68347e-05,1.89033e-05,1.01402e-05,40.1397,47.2346,49.9395,42.2515375,0.0,5.029913559556007
RWT226,24,RWT226/socha_zeny_P24.h5,56015,32768,1416,280,984,3360,12936,4,0,18976,49168,68144,0.3387664018566455,0.8777648844059627,1.2165312862626083,0.000413616,8.16625e-06,5.82372e-06,33.834,50.8798,52.348,38.278975,9.31331e-05,7.98015e-06,5.78569e-06,40.309,50.9799,52.3764,43.151287499999995,0.0,4.88762704282999
RWT226,25,RWT226/socha_zeny_P25.h5,56016,32768,1528,704,2040,5376,18096,4,0,27744,62248,89992,0.4952870608397601,1.1112539274493003,1.6065409882890602,0.000609875,7.75793e-06,1.50698e-05,32.1476,51.1025,48.2189,36.525875,0.00010622,7.80904e-06,1.35925e-05,39.7379,51.074,48.667,42.27105,0.0,4.87961883097887
RWT226,26,RWT226/socha_zeny_P26.h5,56016,32768,1048,120,880,3744,15752,4,0,21544,57728,79272,0.3846043987432162,1.030562696372465,1.4151670951156812,0.000622491,1.15343e-05,7.87435e-06,32.0587,49.3801,51.0379,36.596275,9.3166e-05,1.03041e-05,7.21894e-06,40.3074,49.8699,51.4153,42.8912,0.0,4.979492001235485
RWT226,27,RWT226/socha_zeny_P27.h5,56016,32768,1360,664,1920,5400,17320,4,0,26664,62264,88928,0.4760068551842331,1.1115395601256783,1.5875464153099115,0.000683966,1.14752e-05,1.09718e-05,31.6497,49.4024,49.5972,36.112225,0.000101644,1.07653e-05,1.0546e-05,39.9292,49.6797,49.7691,42.378,0.0,4.974776886403561
RWT226,28,RWT226/socha_zeny_P28.h5,56016,32768,1424,384,1600,4512,15328,4,0,23248,52432,75680,0.41502427877749215,0.9360182804912882,1.3510425592687803,0.000617942,9.54543e-06,1.34976e-05,32.0905,50.202,48.6974,36.4303,8.42639e-05,9.30786e-06,1.20328e-05,40.7436,50.3115,49.1963,42.996175,0.0,4.808768808841705
RWT226,29,RWT226/socha_zeny_P29.h5,56016,32768,1256,360,1248,4328,16584,4,0,23776,66624,90400,0.424450157097972,1.1893744644387318,1.6138246215367038,0.000804575,1.20098e-05,1.15929e-05,30.9443,49.2046,49.3581,35.5285625,9.77065e-05,1.06867e-05,1.05053e-05,40.1008,49.7115,49.7859,42.512775000000005,0.0,4.9030772894620895
RWT226,3,RWT226/socha_zeny_P3.h5,56016,32768,976,248,736,2456,7888,4,0,12304,26352,38656,0.2196515281348186,0.4704370179948586,0.6900885461296772,0.000282615,5.48129e-06,5.6484e-06,35.488,52.6112,52.4807,39.7524875,5.63802e-05,5.30636e-06,6.07948e-06,42.4887,52.752,52.1613,44.9806875,0.0,5.539003536105156
RWT226,30,RWT226/socha_zeny_P30.h5,56016,32768,1416,560,1752,4696,13488,4,0,21912,41080,62992,0.3911739502999143,0.7333618966009712,1.1245358469008855,0.000476986,1.35296e-05,1.46054e-05,33.2149,48.6871,48.3549,37.041425,8.97209e-05,1.00214e-05,1.22394e-05,40.4711,49.9907,49.1224,42.7424625,0.0,4.931971773505211
RWT226,31,RWT226/socha_zeny_P31.h5,56016,32768,1280,608,1800,5064,13240,4,0,21992,38088,60080,0.3926021136818052,0.6799485861182519,1.0725506998000571,0.000399334,9.80375e-06,1.18244e-05,33.9866,50.0861,49.2722,37.9097375,9.26039e-05,8.74229e-06,1.09888e-05,40.3337,50.5837,49.5905,42.77205000000001,0.0,4.885970398783684
RWT226,4,RWT226/socha_zeny_P4.h5,56015,32768,1360,208,968,4376,16352,4,0,23264,73480,96744,0.41531732571632596,1.311791484423815,1.727108810140141,0.000861778,8.13849e-06,6.02043e-06,30.646,50.8946,52.2037,35.871787499999996,0.000102854,7.84662e-06,5.87965e-06,39.8778,51.0532,52.3065,42.828312499999996,0.0,4.787755869328976
RWT226,5,RWT226/socha_zeny_P5.h5,56016,32768,1168,312,1400,6184,25008,4,0,34072,97616,131688,0.6082547843473294,1.742644958583262,2.3508997429305913,0.00127482,1.26638e-05,7.80665e-06,28.9455,48.9744,51.0753,34.215337500000004,0.00010118,1.07787e-05,6.76062e-06,39.9491,49.6744,51.7001,42.633637500000006,0.0,4.785678498446941
RWT226,6,RWT226/socha_zeny_P6.h5,56016,32768,1288,360,1192,3808,14136,4,0,20784,52264,73048,0.37103684661525277,0.9330191373893173,1.30405598400457,0.000632129,8.00795e-06,5.59545e-06,31.9919,50.9648,52.5216,36.929725,7.50616e-05,7.54987e-06,5.5535e-06,41.2458,51.2206,52.5543,43.9062125,0.0,5.345666378736496
RWT226,7,RWT226/socha_zeny_P7.h5,56016,32768,1104,512,1704,5880,22160,4,0,31360,87336,118696,0.5598400457012283,1.5591259640102828,2.118966009711511,0.00101357,2.20022e-05,1.16558e-05,29.9414,46.5753,49.3346,34.444787500000004,9.36927e-05,1.56363e-05,1.0181e-05,40.2829,48.0587,49.9221,42.459775,0.0,4.786799795925617
RWT226,8,RWT226/socha_zeny_P8.h5,56015,32768,1032,208,768,3176,12600,4,0,17784,49536,67320,0.3174863875747568,0.8843345532446666,1.2018209408194234,0.000426033,6.43191e-06,4.20354e-06,33.7056,51.9166,53.7639,38.489262499999995,8.86478e-05,6.57461e-06,4.16783e-06,40.5233,51.8213,53.8009,43.59525,0.0,5.016828075051308
RWT226,9,RWT226/socha_zeny_P9.h5,56016,32768,1176,280,1136,3992,14224,4,0,20808,59528,80336,0.37146529562982006,1.06269637246501,1.4341616680948301,0.000479885,9.32567e-06,5.81826e-06,33.1886,50.3032,52.3521,37.7233625,0.000103412,9.67446e-06,5.80517e-06,39.8543,50.1437,52.3619,42.703925000000005,0.0,4.957394264638424
RWT26,0,RWT26/2017-02-25-inspection-sol-william-v2_simplified_3d_mesh_P0.h5,85232,32768,1504,896,3696,13408,56256,4,0,75760,218088,293848,0.8888680307865591,2.5587572742631877,3.4476253050497467,0.00522136,0.000126977,0.000137164,22.8222,38.9628,38.6276,26.815450000000002,9.6059e-05,6.12556e-05,8.20636e-05,40.1746,42.1285,40.8585,40.504325,0.0,7.920448154211044
RWT26,1,RWT26/2017-02-25-inspection-sol-william-v2_simplified_3d_mesh_P1.h5,85232,32768,1392,648,3016,12008,50320,4,0,67384,202344,269728,0.7905950816594706,2.3740379200300357,3.164633001689506,0.00268395,0.000207919,0.000189557,25.7123,36.8211,37.2226,28.5396875,0.000103882,9.38355e-05,0.00010271,39.8346,40.2763,39.8839,39.895975,0.0,7.297742284834385
RWT26,2,RWT26/2017-02-25-inspection-sol-william-v2_simplified_3d_mesh_P2.h5,85232,32768,1368,720,3800,13272,59584,4,0,78744,234648,313392,0.9238783555472123,2.7530504974657406,3.676928853012953,0.0071828,0.000165225,0.000156479,21.4371,37.8192,38.0554,25.56215,0.000103879,7.58855e-05,9.33907e-05,39.8347,41.1984,40.297,40.06295,0.0,7.443910837173462
RWT26,3,RWT26/2017-02-25-inspection-sol-william-v2_simplified_3d_mesh_P3.h5,85232,32768,1296,904,3128,12952,51576,4,0,69856,202128,271984,0.8195982729491271,2.371503660596959,3.191101933546086,0.00305323,0.000313166,0.000308452,25.1524,35.0423,35.1081,27.633100000000002,0.000127184,0.000136285,0.000155086,38.9557,38.6555,38.0943,38.8105,0.0,7.425541371107101
RWT26,4,RWT26/2017-02-25-inspection-sol-william-v2_simplified_3d_mesh_P4.h5,85232,32768,1496,656,3480,13352,58432,4,0,77416,235536,312952,0.9082973531068144,2.7634691195795007,3.671766472686315,0.00698763,0.00020472,0.000197184,21.5567,36.8884,37.0513,25.409987499999996,0.000110439,9.42551e-05,0.000116542,39.5688,40.257,39.3352,39.625625,0.0,7.426238097250462
RWT26,5,RWT26/2017-02-25-inspection-sol-william-v2_simplified_3d_mesh_P5.h5,85232,32768,1360,920,3416,13736,52312,4,0,71744,217096,288840,0.8417495776234278,2.5471184531631312,3.388868030786559,0.00448342,0.000336638,0.000331308,23.4839,34.7284,34.7977,26.303687499999995,0.000168244,0.000149884,0.000174647,37.7406,38.2425,37.5784,37.7830625,0.0,7.4057725220918655
RWT26,6,RWT26/2017-02-25-inspection-sol-william-v2_simplified_3d_mesh_P6.h5,85232,32768,1608,768,3408,13792,55352,4,0,74928,215672,290600,0.8791064388961892,2.530411113196921,3.4095175520931105,0.00435922,0.000267253,0.000316277,23.6059,35.7308,34.9993,26.5456875,0.000116761,0.000110854,0.000152218,39.327,39.5525,38.1753,39.211225,0.0,7.41779688000679
RWT26,7,RWT26/2017-02-25-inspection-sol-william-v2_simplified_3d_mesh_P7.h5,85233,32768,1352,624,2904,11304,50288,4,0,66472,201872,268344,0.7798857250126124,2.3684723053277486,3.1483580303403613,0.00293865,0.000242851,0.00023741,25.3185,36.1466,36.245,28.037825,0.000117614,0.000106136,0.000112238,39.2954,39.7414,39.4986,39.37655,0.0,7.413624234497547
RWT285,0,RWT285/sutr16_P0.h5,89387,32768,2016,912,3536,12488,34768,4,0,53720,75632,129352,0.600982245740432,0.846118563102017,1.447100808842449,0.000313351,1.83891e-05,8.69185e-06,35.0397,47.3544,50.6089,38.5251875,0.000112788,1.66278e-05,8.23735e-06,39.4774,47.7917,50.8421,41.93727500000001,0.0,7.364508263766766
RWT285,1,RWT285/sutr16_P1.h5,89388,32768,1856,888,3504,12832,35128,4,0,54208,71416,125624,0.6064348682149729,0.7989439298339822,1.4053787980489552,0.000301218,1.86502e-05,1.01213e-05,35.2112,47.2932,49.9476,38.563500000000005,0.000116912,1.69925e-05,9.65433e-06,39.3214,47.6974,50.1528,41.722325,0.0,7.261164411902428
RWT285,10,RWT285/sutr16_P10.h5,89387,32768,2104,856,3392,11552,32328,4,0,50232,68432,118664,0.5619609115419468,0.765569937462942,1.327530849004889,0.000289002,2.56439e-05,1.07813e-05,35.391,45.9102,49.6733,38.4911875,0.000111389,2.09084e-05,9.4164e-06,39.5316,46.7968,50.2612,41.780950000000004,0.0,7.237978219985962
RWT285,11,RWT285/sutr16_P11.h5,89388,32768,1968,1024,3592,12384,31976,4,0,50944,65296,116240,0.5699198997628317,0.7304783639862173,1.300398263749049,0.000282346,1.84704e-05,9.2329e-06,35.4922,47.3352,50.3466,38.829375,0.000108289,1.68684e-05,8.75133e-06,39.6542,47.7293,50.5793,42.029225000000004,0.0,7.4981276243925095
RWT285,12,RWT285/sutr16_P12.h5,89387,32768,1744,832,3616,11920,33160,4,0,51272,71272,122544,0.5735957130231465,0.7973418953539105,1.370937608377057,0.000299343,1.68466e-05,9.85648e-06,35.2383,47.7349,50.0628,38.653437499999995,0.000114664,1.57053e-05,9.30868e-06,39.4057,48.0395,50.3111,41.8481,0.0,8.970236755907536
RWT285,13,RWT285/sutr16_P13.h5,89388,32768,1904,856,3208,11040,28464,4,0,45472,58248,103720,0.5087036291224772,0.6516310914216673,1.1603347205441445,0.000255653,1.48975e-05,8.32326e-06,35.9235,48.2689,50.7971,39.325874999999996,0.000105571,1.36119e-05,7.99354e-06,39.7646,48.6608,50.9726,42.277625,0.0,7.262343712151051
RWT285,14,RWT285/sutr16_P14.h5,89388,32768,1848,936,3520,11912,32792,4,0,51008,77160,128168,0.570635879536403,0.863203114512015,1.4338389940484182,0.000311035,1.83811e-05,1.06692e-05,35.0719,47.3563,49.7187,38.4383,0.000107283,1.65269e-05,1.00914e-05,39.6947,47.8181,49.9605,41.99335,0.0,7.475645340979099
RWT285,15,RWT285/sutr16_P15.h5,89388,32768,1952,832,3512,12184,33392,4,0,51872,71488,123360,0.5803016064796169,0.79974940707925,1.380051013558867,0.000299028,1.6446e-05,8.48949e-06,35.2429,47.8394,50.7112,38.751000000000005,0.000108047,1.50196e-05,7.95864e-06,39.6639,48.2334,50.9916,42.15105,0.0,7.741525538265705
RWT285,16,RWT285/sutr16_P16.h5,89387,32768,1632,840,3472,12608,34256,4,0,52808,75176,127984,0.5907794198261492,0.8410171501448757,1.431796569971025,0.000301946,2.13346e-05,1.04075e-05,35.2007,46.7092,49.8265,38.4674875,0.00011002,1.88937e-05,9.77629e-06,39.5853,47.2368,50.0983,41.8558625,0.0,7.53112518042326
RWT285,17,RWT285/sutr16_P17.h5,89388,32768,1656,800,3416,11824,32928,4,0,50624,77344,127968,0.5663400008949747,0.8652615563610327,1.4316015572560075,0.000328636,1.6934e-05,7.84069e-06,34.8328,47.7124,51.0565,38.470712500000005,0.00010421,1.57183e-05,7.47499e-06,39.8209,48.0359,51.2639,42.278150000000004,0.0,8.116541363298893
RWT285,18,RWT285/sutr16_P18.h5,89387,32768,1944,936,3568,11736,28744,4,0,46928,55864,102792,0.5249980422209046,0.62496783648629,1.1499658787071945,0.000247271,1.70946e-05,9.09616e-06,36.0683,47.6714,50.4114,39.311575000000005,0.00010372,1.5497e-05,8.74651e-06,39.8414,48.0975,50.5817,42.21595,0.0,7.372968323528767
RWT285,19,RWT285/sutr16_P19.h5,89388,32768,1800,976,3480,12456,33520,4,0,52232,73384,125616,0.5843289927059561,0.8209603078713026,1.4052893005772586,0.000305989,1.85207e-05,9.49378e-06,35.1429,47.3234,50.2256,38.550799999999995,0.000107426,1.64689e-05,8.95077e-06,39.6889,47.8334,50.4814,42.056025,0.0,7.340962707996368
RWT285,2,RWT285/sutr16_P2.h5,89387,32768,1864,928,3512,12352,32080,4,0,50736,70128,120864,0.5675993153366821,0.7845436137245908,1.352142929061273,0.000284432,2.07532e-05,1.15072e-05,35.4602,46.8291,49.3903,38.622575000000005,0.000107069,1.79522e-05,1.03766e-05,39.7034,47.4588,49.8395,41.9398375,0.0,7.426105484366417
RWT285,20,RWT285/sutr16_P20.h5,89387,32768,1736,704,3216,12080,32960,4,0,50696,73136,123832,0.5671518229720205,0.8181950395471377,1.3853468625191583,0.000300218,2.30969e-05,1.02018e-05,35.2256,46.3645,49.9133,38.453925,0.000112965,1.97661e-05,9.34621e-06,39.4706,47.0408,50.2936,41.76975,0.0,7.307511746883392
RWT285,21,RWT285/sutr16_P21.h5,89388,32768,2096,952,3288,11160,29440,4,0,46936,61976,108912,0.525081666442923,0.6933369132322011,1.2184185796751241,0.000265352,1.66036e-05,8.72372e-06,35.7618,47.798,50.593,39.120225000000005,0.000103462,1.53221e-05,8.33629e-06,39.8522,48.1468,50.7903,42.2562875,0.0,7.414015918970108
RWT285,22,RWT285/sutr16_P22.h5,89388,32768,1976,992,3784,13488,35304,4,0,55544,67224,122768,0.6213809459882759,0.7520472546650557,1.3734282006533316,0.000286131,1.80481e-05,1.01485e-05,35.4344,47.4357,49.936,38.7472625,0.000115732,1.64579e-05,9.70349e-06,39.3655,47.8363,50.1307,41.769999999999996,0.0,7.3538899049162865
RWT285,23,RWT285/sutr16_P23.h5,89388,32768,1856,808,3560,12544,35744,4,0,54512,77736,132248,0.6098357721394371,0.8696469324741576,1.4794827046135948,0.000317625,1.84138e-05,1.00142e-05,34.9809,47.3486,49.9938,38.403475,0.000114313,1.71202e-05,9.43018e-06,39.4191,47.6649,50.2548,41.8042875,0.0,7.349942296743393
RWT285,24,RWT285/sutr16_P24.h5,89387,32768,1696,944,3328,10744,29688,4,0,46400,74432,120832,0.5190911430073725,0.8326937921621712,1.3517849351695437,0.000316078,1.56942e-05,7.29267e-06,35.0021,48.0426,51.3711,38.6782875,9.70257e-05,1.46639e-05,7.09725e-06,40.1311,48.3375,51.4891,42.57665,0.0,7.421201437711716
RWT285,25,RWT285/sutr16_P25.h5,89388,32768,1456,824,3256,12224,34392,4,0,52152,83832,135984,0.5834340179889919,0.9378440059068331,1.521278023895825,0.000332128,1.9761e-05,1.09572e-05,34.7869,47.0419,49.603,38.1707875,0.00010922,1.77854e-05,1.03722e-05,39.617,47.4994,49.8413,41.880337499999996,0.0,7.492243565618992
RWT285,26,RWT285/sutr16_P26.h5,89388,32768,1768,864,3568,12056,34224,4,0,52480,76296,128776,0.5871034143285452,0.8535373875688012,1.4406408018973464,0.000321275,1.82595e-05,8.74496e-06,34.9312,47.3851,50.5824,38.4443375,0.000110274,1.6412e-05,8.2621e-06,39.5753,47.8484,50.8291,42.0161625,0.0,7.4060672000050545
RWT285,27,RWT285/sutr16_P27.h5,89388,32768,1832,776,3464,13056,36736,4,0,55864,82920,138784,0.6249608448561328,0.9276412941334408,1.5526021389895734,0.000340472,1.9044e-05,9.91388e-06,34.6792,47.2024,50.0376,38.1644,0.000116353,1.74029e-05,9.41618e-06,39.3422,47.5938,50.2612,41.738524999999996,0.0,7.425022013485432
RWT285,28,RWT285/sutr16_P28.h5,89387,32768,1864,976,3704,12200,32792,4,0,51536,70984,122520,0.5765491626299126,0.7941199503283475,1.3706691129582602,0.000301777,1.79938e-05,8.87085e-06,35.2031,47.4488,50.5203,38.6484625,0.000107064,1.65272e-05,8.3118e-06,39.7036,47.818,50.803,42.105325,0.0,7.347665905952454
RWT285,29,RWT285/sutr16_P29.h5,89388,32768,1664,848,3640,12544,37008,4,0,55704,85024,140728,0.6231708954222043,0.9511791291896003,1.5743500246118047,0.000337568,1.91305e-05,1.06167e-05,34.7164,47.1827,49.7401,38.15265,0.00011314,1.74781e-05,9.99676e-06,39.4638,47.5751,50.0014,41.7949125,0.0,7.451454758644104
RWT285,3,RWT285/sutr16_P3.h5,89388,32768,1688,920,3328,10912,29280,4,0,46128,69392,115520,0.5160424218015841,0.7763010694947867,1.292343491296371,0.000289517,1.51655e-05,7.77319e-06,35.3833,48.1914,51.094,38.94815,9.94172e-05,1.37984e-05,7.44679e-06,40.0254,48.6017,51.2803,42.5043,0.0,7.510217219591141
RWT285,30,RWT285/sutr16_P30.h5,89388,32768,1824,808,3576,12392,33432,4,0,52032,72640,124672,0.5820915559135454,0.8126370430035351,1.3947285989170806,0.000303025,1.76153e-05,9.31921e-06,35.1852,47.5411,50.3062,38.619812499999995,0.000113572,1.67201e-05,8.92712e-06,39.4473,47.7676,50.4929,41.8680375,0.0,7.414720557630062
RWT285,31,RWT285/sutr16_P31.h5,89388,32768,1696,896,3664,12672,36592,4,0,55520,77776,133296,0.6211124535731866,0.8700944198326397,1.4912068734058264,0.000323279,1.73752e-05,9.65525e-06,34.9042,47.6007,50.1524,38.397287500000004,0.000116856,1.60441e-05,9.10313e-06,39.3235,47.9468,50.4081,41.7869875,0.0,7.35003612190485
RWT285,4,RWT285/sutr16_P4.h5,89387,32768,1680,968,3664,12488,36736,4,0,55536,86256,141792,0.6212983990960654,0.9649725351561189,1.5862709342521844,0.000342835,1.80895e-05,9.56145e-06,34.6491,47.4257,50.1948,38.189387499999995,0.00011337,1.645e-05,9.06935e-06,39.455,47.8383,50.4242,41.874062499999994,0.0,7.398112371563911
RWT285,5,RWT285/sutr16_P5.h5,89388,32768,1896,880,3536,12256,34712,4,0,53280,75824,129104,0.5960531614981877,0.8482570367387121,1.4443101982368998,0.000305871,1.86596e-05,1.03293e-05,35.1446,47.291,49.8593,38.5022375,0.000115013,1.67648e-05,9.59056e-06,39.3925,47.756,50.1816,41.786575,0.0,7.382836773991585
RWT285,6,RWT285/sutr16_P6.h5,89388,32768,2008,816,3440,11944,33688,4,0,51896,83992,135888,0.5805700988947062,0.9396339553407617,1.5202040542354678,0.000358392,1.5584e-05,7.71291e-06,34.4564,48.0732,51.1278,38.242425,0.000103199,1.442e-05,7.45492e-06,39.8632,48.4103,51.2756,42.3581375,0.0,7.490800254046917
RWT285,7,RWT285/sutr16_P7.h5,89388,32768,1808,744,3384,11856,33328,4,0,51120,75656,126776,0.5718888441401531,0.8463775898330872,1.4182664339732403,0.000304632,1.8843e-05,1.16098e-05,35.1622,47.2485,49.3517,38.446675,0.000109623,1.69771e-05,1.09724e-05,39.601,47.7014,49.597,41.863049999999994,0.0,7.3868809044361115
RWT285,8,RWT285/sutr16_P8.h5,89387,32768,1872,920,3544,12288,34512,4,0,53136,71760,124896,0.5944488572163737,0.8028013022027811,1.3972501594191549,0.000303812,1.90816e-05,9.41905e-06,35.174,47.1938,50.2599,38.5622125,0.000115976,1.7019e-05,8.77698e-06,39.3563,47.6907,50.5666,41.799387499999995,0.0,7.154277324676514
RWT285,9,RWT285/sutr16_P9.h5,89388,32768,2120,928,3664,12560,32552,4,0,51824,60064,111888,0.5797646216494384,0.6719470174967557,1.2517116391461942,0.00027179,1.7803e-05,8.68745e-06,35.6577,47.4951,50.6111,39.00655,0.000115954,1.63982e-05,8.39821e-06,39.3572,47.852,50.7581,41.844162499999996,0.0,7.1541536301374435
RWT287,0,RWT287/tryskovy_motor_ske_P0.h5,65758,32768,1472,616,3216,11056,30096,4,0,46456,70040,116496,0.7064691748532498,1.0651175522369902,1.77158672709024,0.000752088,0.000153456,6.91507e-05,31.2373,38.1402,41.602,33.39575,8.05644e-05,6.33954e-05,3.73661e-05,40.9386,41.9794,44.2752,41.485775,0.0,5.632242105901241
RWT287,1,RWT287/tryskovy_motor_ske_P1.h5,65759,32768,1448,776,3136,10960,32824,4,0,49144,90520,139664,0.7473349655560455,1.37654161407564,2.1238765796316854,0.000921078,0.000153471,9.38594e-05,30.357,38.1398,40.2752,32.569625,9.39941e-05,6.96282e-05,4.69468e-05,40.269,41.5722,43.2839,40.8087625,0.0,5.7397860288619995
RWT287,10,RWT287/tryskovy_motor_ske_P10.h5,65759,32768,1048,792,3264,10128,28352,4,0,43584,75624,119208,0.6627838014568348,1.150017488100488,1.812801289557323,0.00101838,5.39183e-05,0.000156672,29.9209,42.6826,38.0501,32.5322625,8.52279e-05,3.00008e-05,6.72168e-05,40.6942,45.2287,41.7252,41.3898875,0.0,5.514721818268299
RWT287,11,RWT287/tryskovy_motor_ske_P11.h5,65759,32768,1336,784,3152,8640,24840,4,0,38752,65616,104368,0.5893033653188157,0.9978253927219087,1.5871287580407245,0.000768296,5.31736e-05,6.24845e-05,31.1447,42.743,42.0423,33.9566875,8.43404e-05,2.95327e-05,3.35196e-05,40.7396,45.297,44.747,41.8102,0.0,5.568972148001194
RWT287,12,RWT287/tryskovy_motor_ske_P12.h5,65759,32768,1376,904,3664,12112,38016,4,0,56072,115104,171176,0.8526893657141988,1.7503915813804956,2.603080947094694,0.00169895,9.10376e-05,0.000122173,27.6982,40.4078,39.1303,30.7159125,9.98148e-05,4.748e-05,5.58432e-05,40.008,43.2349,42.5303,40.72665,0.0,5.674899496138096
RWT287,13,RWT287/tryskovy_motor_ske_P13.h5,65759,32768,1600,1056,3888,13664,44160,4,0,64368,128056,192424,0.9788470019312946,1.9473532140087289,2.9262002159400233,0.00175956,0.000132696,0.000441724,27.5459,38.7714,33.5485,29.699412499999998,9.82704e-05,6.10597e-05,0.00016825,40.0758,42.1425,37.7404,40.042212500000005,0.0,5.677140101790428
RWT287,14,RWT287/tryskovy_motor_ske_P14.h5,65759,32768,1256,912,3448,11744,35136,4,0,52496,103048,155544,0.7983089767180158,1.5670554600891133,2.365364436807129,0.00124682,0.000100232,5.9022e-05,29.042,39.99,42.2899,32.0664875,9.69796e-05,4.57466e-05,3.2159e-05,40.1332,43.3964,44.927,41.140325000000004,0.0,5.973722390830517
RWT287,15,RWT287/tryskovy_motor_ske_P15.h5,65759,32768,1184,776,3424,12248,39168,4,0,56800,113560,170360,0.8637600936753904,1.7269119055946716,2.5906719992700618,0.0012974,0.00010263,0.000138583,28.8693,39.8872,38.5829,31.4607375,9.85461e-05,4.80758e-05,6.17326e-05,40.0636,43.1807,42.0949,40.70715,0.0,6.368592128157616
RWT287,16,RWT287/tryskovy_motor_ske_P16.h5,65758,32768,1408,584,3000,10408,33904,4,0,49304,105384,154688,0.7497794945101737,1.6026034855074667,2.3523829800176403,0.00312657,0.000572725,0.000231823,25.0493,32.4205,36.3484,27.3830875,9.58432e-05,0.00026921,0.000135537,40.1844,35.6991,38.6794,39.4356125,0.0,5.708504267036915
RWT287,17,RWT287/tryskovy_motor_ske_P17.h5,65759,32768,1456,704,3072,10384,32576,4,0,48192,91568,139760,0.7328578597606411,1.392478596085707,2.125336455846348,0.00101349,0.000106087,5.33736e-05,29.9418,39.7434,42.7267,32.7651125,9.54425e-05,5.08401e-05,3.13306e-05,40.2026,42.9379,45.0403,41.149225,0.0,5.611748121678829
RWT287,18,RWT287/tryskovy_motor_ske_P18.h5,65759,32768,1704,656,2848,10392,29560,4,0,45160,73712,118872,0.6867501026475463,1.1209416201584574,1.8076917228060037,0.000855297,0.000138157,6.32099e-05,30.6788,38.5963,41.9921,33.08265,8.34533e-05,6.1328e-05,3.50096e-05,40.7856,42.1234,44.5581,41.4243875,0.0,5.682392582297325
RWT287,19,RWT287/tryskovy_motor_ske_P19.h5,65759,32768,1232,752,3152,10656,32496,4,0,48288,89328,137616,0.7343177359753038,1.3584148177435789,2.0927325537188826,0.00130476,0.000149948,8.26447e-05,28.8447,38.2406,40.8279,31.5170875,8.86703e-05,6.86703e-05,4.60235e-05,40.5222,41.6323,43.3702,41.0169625,0.0,5.630600228905678
RWT287,2,RWT287/tryskovy_motor_ske_P2.h5,65759,32768,1680,656,2600,9192,26048,4,0,40176,59968,100144,0.6109581958363114,0.9119360087592573,1.5228942045955687,0.000559168,9.80801e-05,4.33091e-05,32.5246,40.0842,43.6342,34.858250000000005,7.90083e-05,4.65467e-05,2.5975e-05,41.0233,43.3211,45.8544,41.9144125,0.0,5.668447889387608
RWT287,20,RWT287/tryskovy_motor_ske_P20.h5,65759,32768,1472,752,3368,13520,43248,4,0,62360,133496,195856,0.9483112577746012,2.0300795328396113,2.9783907906142124,0.00234423,8.33663e-05,0.000188279,26.3,40.7901,37.252,29.480262500000002,0.000100709,4.46843e-05,8.37558e-05,39.9693,43.4985,40.7699,40.510524999999994,0.0,5.619036465883255
RWT287,21,RWT287/tryskovy_motor_ske_P21.h5,65759,32768,1096,608,3120,11592,36424,4,0,52840,113456,166296,0.8035401998205569,1.725330373028787,2.528870572849344,0.00187687,0.000159162,0.000212745,27.2657,37.9816,36.7214,29.787150000000004,9.34211e-05,7.22974e-05,9.14669e-05,40.2956,41.4088,40.3874,40.446225,0.0,5.655408434569836
RWT287,22,RWT287/tryskovy_motor_ske_P22.h5,65759,32768,1272,736,3336,11592,36440,4,0,53376,109304,162680,0.8116911753524232,1.662190726744628,2.4738819020970513,0.00113396,0.000150292,5.72224e-05,29.454,38.2307,42.4243,32.172375,9.9965e-05,6.75052e-05,3.33859e-05,40.0015,41.7066,44.7644,40.81,0.0,5.610164403915405
RWT287,23,RWT287/tryskovy_motor_ske_P23.h5,65759,32768,1384,736,3488,12192,39408,4,0,57208,117912,175120,0.8699645675877066,1.7930929606593775,2.663057528247084,0.00171715,0.000120306,8.72344e-05,27.6519,39.1971,40.5931,30.7127,9.52556e-05,5.75832e-05,4.31044e-05,40.2111,42.397,43.6548,40.91480000000001,0.0,5.613206818699837
RWT287,24,RWT287/tryskovy_motor_ske_P24.h5,65759,32768,1584,680,2424,8648,24664,4,0,38000,66824,104824,0.5778676683039584,1.0161955017564135,1.594063170060372,0.000924342,4.02275e-05,6.68286e-05,30.3417,43.9548,41.7504,33.469425,8.60752e-05,2.24319e-05,3.10456e-05,40.6512,46.4913,45.08,41.9348125,0.0,6.155998706817627
RWT287,25,RWT287/tryskovy_motor_ske_P25.h5,65759,32768,1648,544,1976,6024,16840,4,0,27032,42224,69256,0.41107681077875274,0.6421022217491142,1.053179032527867,0.000444131,3.0097e-05,1.58745e-05,33.5249,45.2148,47.993,36.794650000000004,7.22718e-05,1.95912e-05,1.1743e-05,41.4103,47.0794,49.3022,43.105425,0.0,5.4116940051317215
RWT287,26,RWT287/tryskovy_motor_ske_P26.h5,65759,32768,1448,736,3200,11616,38352,4,0,55352,120328,175680,0.8417402941042291,1.829833178728387,2.671573472832616,0.00248125,7.73599e-05,0.000196513,26.0533,41.1148,37.0661,29.3125875,9.76775e-05,4.45194e-05,9.23557e-05,40.1021,43.5145,40.3454,40.559062499999996,0.0,5.488759905099869
RWT287,27,RWT287/tryskovy_motor_ske_P27.h5,65759,32768,1400,712,2520,8032,23264,4,0,35928,67448,103376,0.5463586733374899,1.0256846971517206,1.5720433704892105,0.000906886,4.88585e-05,3.26325e-05,30.4245,43.1106,44.8635,33.8151375,8.36992e-05,2.80775e-05,1.95146e-05,40.7728,45.5164,47.0964,42.1562,0.0,5.432916477322578
RWT287,28,RWT287/tryskovy_motor_ske_P28.h5,65759,32768,1040,704,2480,7448,21792,4,0,33464,63312,96776,0.508888517161149,0.9627883635700056,1.4716768807311547,0.00157494,2.94849e-05,4.24452e-05,28.0274,45.304,43.7217,32.148762500000004,8.89711e-05,2.00715e-05,2.33279e-05,40.5075,46.9742,46.3212,42.04255,0.0,5.488572366535664
RWT287,29,RWT287/tryskovy_motor_ske_P29.h5,65759,32768,1056,624,1904,6568,18328,4,0,28480,50168,78648,0.4330966103499141,0.7629069785124469,1.196003588862361,0.00120034,2.38455e-05,1.59066e-05,29.2069,46.2259,47.9842,33.6814375,7.20007e-05,1.57906e-05,1.20914e-05,41.4266,48.016,49.1752,43.21885,0.0,5.498744636774063
RWT287,3,RWT287/tryskovy_motor_ske_P3.h5,65759,32768,1624,848,3272,12136,36328,4,0,54208,104976,159184,0.8243434358794994,1.5963746407335877,2.4207180766130874,0.00156895,0.0002105,0.000123188,28.0439,36.7675,39.0943,30.515649999999997,9.67255e-05,9.34126e-05,6.27359e-05,40.1446,40.2959,42.0248,40.3985375,0.0,5.627897493541241
RWT287,30,RWT287/tryskovy_motor_ske_P30.h5,65759,32768,936,672,2464,9872,30848,4,0,44792,96000,140792,0.6811539104913396,1.4598762146626316,2.1410301251539714,0.00209851,3.71412e-05,9.13732e-05,26.7809,44.3014,40.3918,30.672325,9.35706e-05,2.70803e-05,4.18762e-05,40.2886,45.6735,43.7803,41.398175,0.0,5.47865754365921
RWT287,31,RWT287/tryskovy_motor_ske_P31.h5,65759,32768,1240,600,2416,8008,24696,4,0,36960,67024,103984,0.5620523426451132,1.0192369105369607,1.581289253182074,0.00112353,4.44419e-05,4.68979e-05,29.4942,43.5221,43.2885,32.971975,7.86397e-05,2.49914e-05,2.43292e-05,41.0436,46.0221,46.1387,42.302800000000005,0.0,5.452942818403244
RWT287,4,RWT287/tryskovy_motor_ske_P4.h5,65759,32768,1472,680,3112,10384,30136,4,0,45784,81496,127280,0.6962392980428534,1.2393132498973525,1.9355525479402058,0.000750525,5.92052e-05,5.363e-05,31.2463,42.2764,42.7059,34.0575125,9.92809e-05,3.27731e-05,3.08737e-05,40.0313,44.8448,45.1041,41.2670875,0.0,5.616346441209316
RWT287,5,RWT287/tryskovy_motor_ske_P5.h5,65759,32768,1536,920,3360,11776,35136,4,0,52728,96960,149688,0.8018370109034505,1.474474976809258,2.2763119877127087,0.00119486,8.79991e-05,0.000104176,29.2268,40.5552,39.8223,31.967287499999998,0.000101497,4.60808e-05,4.76792e-05,39.9355,43.3648,43.2167,40.7743125,0.0,5.639874204993248
RWT287,6,RWT287/tryskovy_motor_ske_P6.h5,65759,32768,1720,792,3592,12496,38840,4,0,57440,109304,166744,0.8734926017731414,1.662190726744628,2.5356833285177696,0.00167666,0.000141333,0.000118174,27.7556,38.4976,39.2748,30.53825,9.34222e-05,6.69347e-05,6.13826e-05,40.2955,41.7435,42.1196,40.70451249999999,0.0,5.6555666252970695
RWT287,7,RWT287/tryskovy_motor_ske_P7.h5,65759,32768,1496,688,3032,10736,32680,4,0,48632,89552,138184,0.7395489590778449,1.3618211955777917,2.1013701546556365,0.00109232,0.000117283,5.45013e-05,29.6165,39.3076,42.6359,32.4553125,8.94804e-05,5.52744e-05,3.20648e-05,40.4827,42.5748,44.9397,41.3013375,0.0,5.650377973914146
RWT287,8,RWT287/tryskovy_motor_ske_P8.h5,65759,32768,1816,696,2728,8496,25264,4,0,39000,69792,108792,0.5930747122066942,1.0613300080597332,1.6544047202664274,0.000707715,6.69603e-05,0.000106294,31.5014,41.7418,39.7349,33.8106375,9.3335e-05,3.77418e-05,5.45848e-05,40.2996,44.2318,42.6293,41.0823375,0.0,5.618038959801197
RWT287,9,RWT287/tryskovy_motor_ske_P9.h5,65759,32768,1280,704,3176,10864,32960,4,0,48984,90360,139344,0.7449018385316079,1.3741084870512021,2.11901032558281,0.000901243,9.23125e-05,0.00018887,30.4516,40.3474,37.2384,32.536925,8.95163e-05,4.26632e-05,8.04929e-05,40.481,43.6995,40.9424,40.940987500000006,0.0,5.633888319134712
RWT296,0,RWT296/b3_P0.h5,90528,32768,1992,424,1056,2384,4784,4,0,10640,12160,22800,0.1175326970661011,0.1343230823612584,0.2518557794273595,7.53538e-05,1.55569e-05,9.69033e-06,41.2289,48.0808,50.1366,43.19885,4.64542e-05,1.40706e-05,9.47871e-06,43.3298,48.5169,50.2325,44.841025,0.0,7.249442636966705
RWT296,1,RWT296/b3_P1.h5,90528,32768,1976,800,2488,7400,16328,4,0,28992,44848,73840,0.32025450689289503,0.4954047366560622,0.8156592435489572,0.000229618,3.02241e-05,1.94039e-05,36.3899,45.1965,47.1211,38.832125,6.85169e-05,2.3899e-05,1.66671e-05,41.642,46.2162,47.7814,42.98120000000001,0.0,7.395441137254238
RWT296,10,RWT296/b3_P10.h5,90528,32768,1816,416,1096,2600,4840,4,0,10768,12656,23424,0.11894662424885119,0.139802050194415,0.25874867444326616,7.35888e-05,1.5594e-05,9.71341e-06,41.3319,48.0704,50.1263,43.2735125,4.41994e-05,1.42964e-05,9.45635e-06,43.5458,48.4477,50.2428,44.9956625,0.0,7.455222234129906
RWT296,11,RWT296/b3_P11.h5,90529,32768,1952,368,1448,3424,7200,4,0,14392,19760,34152,0.15897668150537397,0.2182725977311138,0.37724927923648777,0.000116677,1.94127e-05,1.26382e-05,39.3301,47.1191,48.9832,41.5103625,5.07819e-05,1.70307e-05,1.14398e-05,42.9429,47.6877,49.4158,44.3451125,0.0,7.529216066002846
RWT296,12,RWT296/b3_P12.h5,90528,32768,1792,312,888,1936,3592,4,0,8520,11024,19544,0.09411452810180276,0.12177447861435137,0.21588900671615413,7.67806e-05,1.86566e-05,8.7396e-06,41.1475,47.2917,50.5851,43.095225,5.74511e-05,1.73714e-05,8.53997e-06,42.407,47.6017,50.6854,44.0911375,0.0,7.194841615855694
RWT296,13,RWT296/b3_P13.h5,90528,32768,1592,160,768,1680,3640,4,0,7840,16152,23992,0.08660303994344291,0.17841993637327677,0.26502297631671967,9.11952e-05,1.95708e-05,7.26402e-06,40.4003,47.0839,51.3882,42.6092375,5.83054e-05,1.78417e-05,7.15787e-06,42.3429,47.4856,51.4522,44.1244,0.0,7.309035360813141
RWT296,14,RWT296/b3_P14.h5,90528,32768,1888,432,1664,3032,5128,4,0,12144,13080,25224,0.13414634146341464,0.14448568398727465,0.27863202545068927,8.39229e-05,2.16178e-05,9.00942e-06,40.7612,46.6519,50.453,42.7090125,5.80319e-05,2.03877e-05,8.53425e-06,42.3633,46.9063,50.6883,43.9718,0.0,7.349120818078518
RWT296,15,RWT296/b3_P15.h5,90529,32768,1488,160,536,1456,3016,4,0,6656,12072,18728,0.07352340134100675,0.13334953440334035,0.20687293574434712,7.79116e-05,1.61594e-05,6.47156e-06,41.084,47.9157,51.8899,43.288700000000006,5.51154e-05,1.495e-05,6.15999e-06,42.5873,48.2536,52.1042,44.4852,0.0,7.340105719864368
RWT296,16,RWT296/b3_P16.h5,90528,32768,1768,408,944,2584,4152,4,0,9856,10256,20112,0.1088723930717568,0.11329091551785084,0.22216330858960764,6.19518e-05,1.19166e-05,8.67981e-06,42.0795,49.2385,50.6149,44.0413,4.0937e-05,1.14416e-05,8.41673e-06,43.8788,49.4151,50.7486,45.429562499999996,0.0,7.413583792746067
RWT296,17,RWT296/b3_P17.h5,90528,32768,2008,416,1536,3440,6848,4,0,14248,17304,31552,0.15738776952986921,0.19114528101802758,0.3485330505478968,0.000104804,1.84757e-05,9.46106e-06,39.7962,47.334,50.2406,42.043975,4.54759e-05,1.57246e-05,8.55498e-06,43.4222,48.0342,50.6778,44.905649999999994,0.0,7.2450676038861275
RWT296,18,RWT296/b3_P18.h5,90528,32768,1912,472,1784,5448,12288,4,0,21904,30144,52048,0.24195828914810888,0.3329798515376458,0.5749381406857547,0.000146482,2.63329e-05,1.53171e-05,38.3421,45.795,48.1482,40.499475000000004,6.34261e-05,2.06835e-05,1.30819e-05,41.9773,46.8438,48.8333,43.4426125,0.0,7.523946635425091
RWT296,19,RWT296/b3_P19.h5,90529,32768,1808,520,1680,4424,8888,4,0,17320,22488,39808,0.1913199085375957,0.24840658794419468,0.43972649648179035,0.000112577,1.97154e-05,1.29689e-05,39.4855,47.0519,48.871,41.6044875,5.51695e-05,1.68699e-05,1.16072e-05,42.583,47.7289,49.3527,44.07245,0.0,7.428074970841408
RWT296,2,RWT296/b3_P2.h5,90528,32768,1496,264,808,1760,2488,4,0,6816,7576,14392,0.07529162248144221,0.08368681512902086,0.15897843761046307,5.4083e-05,1.16298e-05,8.69919e-06,42.6694,49.3443,50.6052,44.495737500000004,3.9971e-05,1.12116e-05,8.32577e-06,43.9825,49.5033,50.7958,45.5242625,0.0,7.286482997238636
RWT296,20,RWT296/b3_P20.h5,90528,32768,1872,568,2448,7344,20992,4,0,33224,59272,92496,0.36700247437256983,0.6547366560622128,1.0217391304347827,0.000448153,2.4738e-05,1.4562e-05,33.4857,46.0664,48.3678,36.918549999999996,7.21765e-05,2.02696e-05,1.25719e-05,41.416,46.9316,49.006,43.054199999999994,0.0,7.594416506588459
RWT296,21,RWT296/b3_P21.h5,90528,32768,2080,528,1760,4192,8000,4,0,16560,18792,35352,0.18292682926829268,0.20758218451749735,0.39050901378579,0.000121952,2.40972e-05,1.25137e-05,39.1381,46.1803,49.0261,41.254374999999996,5.04487e-05,2.1392e-05,1.14594e-05,42.9715,46.6975,49.4084,44.241862499999996,0.0,7.539133213460445
RWT296,22,RWT296/b3_P22.h5,90528,32768,1768,400,1344,3440,6408,4,0,13360,15752,29112,0.1475786496995405,0.17400141392718274,0.3215800636267232,8.13764e-05,2.09833e-05,1.18854e-05,40.895,46.7813,49.2499,42.67515,4.89373e-05,1.87615e-05,1.08903e-05,43.1036,47.2673,49.6296,44.439812499999995,0.0,7.641338594257832
RWT296,23,RWT296/b3_P23.h5,90529,32768,1800,384,1704,3376,5592,4,0,12856,14360,27216,0.14200974273437242,0.15862320361431143,0.30063294634868387,8.64987e-05,1.96765e-05,1.06507e-05,40.6299,47.0605,49.7262,42.5707625,5.16767e-05,1.77549e-05,1.02908e-05,42.8671,47.5068,49.8755,44.3231125,0.0,8.037522748112679
RWT296,24,RWT296/b3_P24.h5,90528,32768,1816,592,1520,3688,6936,4,0,14552,17784,32336,0.16074584658890068,0.1964475079533404,0.35719335454224105,9.60422e-05,1.91412e-05,1.01523e-05,40.1754,47.1803,49.9343,42.270875000000004,5.52314e-05,1.77218e-05,9.50727e-06,42.5781,47.5149,50.2194,44.1503625,0.0,7.267289966344833
RWT296,25,RWT296/b3_P25.h5,90528,32768,2200,632,1912,4360,8480,4,0,17584,20488,38072,0.19423824673029338,0.22631671968893602,0.4205549664192294,0.000112959,1.97463e-05,1.33013e-05,39.4708,47.0451,48.7611,41.578875,5.55103e-05,1.76976e-05,1.24452e-05,42.5563,47.5209,49.05,43.9885875,0.0,7.299511648714542
RWT296,26,RWT296/b3_P26.h5,90528,32768,1936,584,1864,4104,8360,4,0,16848,20952,37800,0.1861081654294804,0.2314422057264051,0.41755037115588545,0.000114399,2.3475e-05,9.28417e-06,39.4158,46.2939,50.3226,41.6389125,6.08492e-05,2.1203e-05,8.75181e-06,42.1574,46.736,50.579,43.782425,0.0,7.241164050996304
RWT296,27,RWT296/b3_P27.h5,90529,32768,1872,664,1712,3664,6152,4,0,14064,15176,29240,0.15535353312198302,0.167636889836406,0.32299042295838903,9.14005e-05,1.77704e-05,8.91177e-06,40.3905,47.503,50.5004,42.5433,5.71875e-05,1.69989e-05,8.83636e-06,42.427,47.6958,50.5373,44.099387500000006,0.0,7.357332639396191
RWT296,28,RWT296/b3_P28.h5,90528,32768,2328,544,1744,3888,8232,4,0,16736,20864,37600,0.18487097914457407,0.2304701307882644,0.41534110993283846,0.000115441,2.1507e-05,1.21838e-05,39.3764,46.6742,49.1422,41.50935,5.87761e-05,1.85467e-05,1.13965e-05,42.308,47.3173,49.4323,43.8247,0.0,8.304339170455933
RWT296,29,RWT296/b3_P29.h5,90528,32768,1816,520,1568,3856,8576,4,0,16336,23432,39768,0.18045245669848003,0.25883704489218806,0.4392895015906681,0.0001269,2.21548e-05,1.32092e-05,38.9654,46.5453,48.7912,41.141112500000006,6.04421e-05,1.90206e-05,1.23335e-05,42.1866,47.2078,49.0891,43.677062500000005,0.0,7.531058080494404
RWT296,3,RWT296/b3_P3.h5,90529,32768,1680,288,928,2088,3280,4,0,8264,9712,17976,0.091285665366899,0.1072805399374786,0.1985662053043776,6.08642e-05,1.3548e-05,1.14479e-05,42.1564,48.6813,49.4127,43.87905000000001,3.88704e-05,1.21885e-05,1.07925e-05,44.1038,49.1405,49.6688,45.42901249999999,0.0,7.249980837106705
RWT296,30,RWT296/b3_P30.h5,90528,32768,2024,464,1616,3504,6024,4,0,13632,14544,28176,0.15058324496288442,0.1606574761399788,0.3112407211028632,9.29014e-05,1.86983e-05,8.78172e-06,40.3198,47.282,50.5642,42.470625,5.69962e-05,1.7127e-05,8.87158e-06,42.4415,47.6632,50.52,44.104025,0.0,7.226768352091312
RWT296,31,RWT296/b3_P31.h5,90529,32768,1672,440,1144,2928,5960,4,0,12144,18456,30600,0.13414485965823106,0.2038683736703156,0.33801323332854666,0.000102631,2.0986e-05,1.27158e-05,39.8872,46.7807,48.9566,41.8825625,5.67384e-05,1.84358e-05,1.08889e-05,42.4612,47.3434,49.6301,43.96758749999999,0.0,7.60001403093338
RWT296,4,RWT296/b3_P4.h5,90528,32768,1680,288,872,1952,3216,4,0,8008,11824,19832,0.0884588193708024,0.1306115235065394,0.2190703428773418,8.04282e-05,1.61959e-05,7.31747e-06,40.9459,47.9059,51.3564,43.11721250000001,5.24641e-05,1.50907e-05,7.02292e-06,42.8014,48.2129,51.5348,44.5695125,0.0,7.493027113378048
RWT296,5,RWT296/b3_P5.h5,90528,32768,2112,384,1288,2776,4552,4,0,11112,12776,23888,0.12274655355249205,0.1411276069282432,0.26387416048073525,7.86493e-05,1.70396e-05,7.32151e-06,41.0431,47.6854,51.354,43.16225,5.35409e-05,1.58802e-05,7.40475e-06,42.7131,47.9914,51.3049,44.446862499999995,0.0,7.93715026974678
RWT296,6,RWT296/b3_P6.h5,90528,32768,1976,464,1144,2784,4856,4,0,11224,13432,24656,0.12398373983739837,0.1483739837398374,0.27235772357723576,8.32527e-05,1.90925e-05,8.16128e-06,40.796,47.1914,50.8824,42.856225,5.37206e-05,1.79123e-05,7.81502e-06,42.6986,47.4685,51.0707,44.34135,0.0,7.286456994712353
RWT296,7,RWT296/b3_P7.h5,90529,32768,1944,400,1096,2456,4176,4,0,10072,12048,22120,0.11125716621193209,0.13308442598504347,0.24434159219697554,7.89979e-05,2.08899e-05,7.77618e-06,41.0238,46.8006,51.0923,43.0044625,5.34184e-05,1.96277e-05,7.23076e-06,42.7231,47.0713,51.4082,44.35226250000001,0.0,7.431880965828896
RWT296,8,RWT296/b3_P8.h5,90528,32768,1928,904,2768,8328,24792,4,0,38720,77568,116288,0.42771297278190173,0.8568398727465536,1.2845528455284554,0.000474933,3.14446e-05,2.20049e-05,33.2337,45.0245,46.5748,36.375187499999996,7.68905e-05,2.3772e-05,1.7899e-05,41.1413,46.2393,47.4717,42.56985,0.0,7.539518617093563
RWT296,9,RWT296/b3_P9.h5,90528,32768,1984,760,2152,4872,9904,4,0,19672,24064,43736,0.2173029338989042,0.26581831035701664,0.48312124425592085,0.000118473,2.57176e-05,1.41388e-05,39.2638,45.8977,48.4959,41.24705,5.52783e-05,2.26134e-05,1.28777e-05,42.5745,46.4563,48.9016,43.8506125,0.0,7.483865298330784
RWT323,0,RWT323/CMoA_Siva_Parvati_P0.h5,57294,32768,1704,704,2240,5696,14736,4,0,25080,43096,68176,0.43774217195517856,0.7521904562432367,1.1899326281984153,0.000691823,2.75691e-05,3.2077e-05,31.6001,45.5958,44.9381,35.0168125,9.3319e-05,1.91046e-05,2.38909e-05,40.3003,47.1886,46.2177,41.9010125,0.0,4.854881010949612
RWT323,1,RWT323/CMoA_Siva_Parvati_P1.h5,57295,32768,1848,600,1776,5032,13424,4,0,22680,35640,58320,0.39584605986560784,0.6220438083602409,1.0178898682258486,0.000535811,3.49846e-05,2.80023e-05,32.7099,44.5612,45.5281,35.793587499999994,8.67789e-05,1.91834e-05,1.88777e-05,40.6159,47.1707,47.2405,42.263325,0.0,4.908002898097038
RWT323,10,RWT323/CMoA_Siva_Parvati_P10.h5,57295,32768,1512,656,2152,7200,19752,4,0,31272,63864,95136,0.5458067894231609,1.1146522384152195,1.6604590278383804,0.00065309,4.36698e-05,4.4907e-05,31.8503,43.5982,43.4769,34.7721125,9.92968e-05,2.80949e-05,3.10611e-05,40.0306,45.5137,45.0778,41.34688750000001,0.0,4.887012906372547
RWT323,11,RWT323/CMoA_Siva_Parvati_P11.h5,57295,32768,1448,592,1616,5008,14808,4,0,23472,41864,65336,0.4096692556069465,0.7306745789335893,1.140343834540536,0.000632992,3.25228e-05,4.44907e-05,31.986,44.8781,43.5173,35.038925,8.50081e-05,2.40677e-05,3.05694e-05,40.7054,46.1857,45.1471,41.94565,0.0,4.934097923338413
RWT323,12,RWT323/CMoA_Siva_Parvati_P12.h5,57295,32768,1856,552,1200,3336,7976,4,0,14920,23328,38248,0.260406667248451,0.4071559472903395,0.6675626145387905,0.000421348,2.70733e-05,2.27163e-05,33.7536,45.6746,46.4366,36.8291,7.31063e-05,1.77312e-05,1.62122e-05,41.3605,47.5126,47.9016,42.94715000000001,0.0,5.048839300870895
RWT323,13,RWT323/CMoA_Siva_Parvati_P13.h5,57295,32768,1744,600,1856,5544,14536,4,0,24280,38608,62888,0.4237717078279082,0.6738458853303081,1.0976175931582162,0.00069575,3.14122e-05,2.51977e-05,31.5755,45.029,45.9864,35.05855,9.53059e-05,2.06929e-05,2.00634e-05,40.2088,46.8418,46.976,41.883824999999995,0.0,5.012837089598179
RWT323,14,RWT323/CMoA_Siva_Parvati_P14.h5,57295,32768,1784,848,2704,7568,21408,4,0,34312,56912,91224,0.5988655205515315,0.9933152980190243,1.592180818570556,0.000619845,4.22069e-05,2.86728e-05,32.0772,43.7462,45.4253,35.204337499999994,9.92241e-05,2.79426e-05,2.34772e-05,40.0338,45.5373,46.2935,41.5042,0.0,4.787666894495487
RWT323,15,RWT323/CMoA_Siva_Parvati_P15.h5,57295,32768,1360,744,2584,7704,23104,4,0,35496,64536,100032,0.6195305000436339,1.1263810105593857,1.7459115106030194,0.000797061,4.97545e-05,3.37199e-05,30.9851,43.0317,44.7211,34.207924999999996,9.98186e-05,3.04763e-05,2.55826e-05,40.0079,45.1604,45.9206,41.39104999999999,0.0,4.80745455622673
RWT323,16,RWT323/CMoA_Siva_Parvati_P16.h5,57294,32768,2056,504,1664,4440,11856,4,0,20520,34944,55464,0.3581526861451461,0.6099067965231961,0.9680594826683422,0.000509036,2.90609e-05,2.18381e-05,32.9325,45.3669,46.6079,36.196225,8.94453e-05,1.89935e-05,1.79019e-05,40.4844,47.2139,47.471,42.198912500000006,0.0,5.000502854585648
RWT323,17,RWT323/CMoA_Siva_Parvati_P17.h5,57295,32768,1552,752,2384,7176,19048,4,0,30912,52088,83000,0.5395235186316433,0.9091194694126887,1.448642988044332,0.000617522,3.81263e-05,3.20252e-05,32.0935,44.1878,44.9451,35.2117375,0.000100349,2.49594e-05,2.44252e-05,39.9849,46.0277,46.1216,41.5073375,0.0,4.9768484607338905
RWT323,18,RWT323/CMoA_Siva_Parvati_P18.h5,57295,32768,1160,792,2752,7296,19608,4,0,31608,51144,82752,0.5516711754952439,0.8926433371149315,1.4443145126101755,0.000751261,4.73723e-05,2.89791e-05,31.2421,43.2448,45.3792,34.509575,9.15286e-05,2.60137e-05,2.21764e-05,40.3844,45.848,46.5411,41.836937500000005,0.0,4.9713782742619514
RWT323,19,RWT323/CMoA_Siva_Parvati_P19.h5,57295,32768,1648,784,2712,8232,23504,4,0,36880,64792,101672,0.6436861855310236,1.1308491142333537,1.7745352997643773,0.000811615,5.02777e-05,3.32158e-05,30.9065,42.9862,44.7865,34.1514625,9.8053e-05,3.03471e-05,2.46071e-05,40.0854,45.1788,46.0894,41.472575000000006,0.0,4.9764479994773865
RWT323,2,RWT323/CMoA_Siva_Parvati_P2.h5,57295,32768,1264,600,1848,5928,16456,4,0,26096,52896,78992,0.4554673182651191,0.9232219216336504,1.3786892398987696,0.000603542,3.82657e-05,4.9772e-05,32.1929,44.1719,43.0301,35.044925,0.000103992,2.58087e-05,3.42525e-05,39.83,45.8823,44.6531,41.189425,0.0,4.924671716988087
RWT323,20,RWT323/CMoA_Siva_Parvati_P20.h5,57295,32768,2032,648,2160,5976,15184,4,0,26000,40840,66840,0.4537917793873811,0.712802164237717,1.1665939436250983,0.00110384,3.99701e-05,2.5427e-05,29.5709,43.9827,45.947,33.4193875,8.51262e-05,2.20392e-05,1.82977e-05,40.6994,46.568,47.376,42.26754999999999,0.0,4.999366104602814
RWT323,21,RWT323/CMoA_Siva_Parvati_P21.h5,57295,32768,1320,832,3128,9816,28016,4,0,43112,76392,119504,0.7524565843441836,1.3333100619600313,2.085766646304215,0.00109444,6.82488e-05,5.40968e-05,29.6081,41.659,42.6683,32.746987499999996,0.000103553,3.43874e-05,3.28542e-05,39.8484,44.636,44.8341,41.0700625,0.0,4.977857254445553
RWT323,22,RWT323/CMoA_Siva_Parvati_P22.h5,57295,32768,1528,760,2512,8088,23240,4,0,36128,66288,102416,0.6305611309887424,1.1569595950781046,1.787520726066847,0.00102795,6.6251e-05,3.85507e-05,29.8803,41.7881,44.1397,33.151199999999996,9.73063e-05,3.24606e-05,2.56869e-05,40.1186,44.8864,45.9029,41.4376125,0.0,5.016737528145313
RWT323,23,RWT323/CMoA_Siva_Parvati_P23.h5,57295,32768,1616,856,3096,9344,26864,4,0,41776,71568,113344,0.7291386682956628,1.2491142333536958,1.9782529016493586,0.00112565,7.37884e-05,5.83102e-05,29.4859,41.3201,42.3426,32.5722625,0.000101554,3.45134e-05,3.36813e-05,39.933,44.6201,44.7261,41.118025,0.0,5.031109310686588
RWT323,24,RWT323/CMoA_Siva_Parvati_P24.h5,57295,32768,1552,720,2656,8032,22872,4,0,35832,66144,101976,0.6253948861157169,1.1544462867614975,1.7798411728772143,0.00110453,5.00415e-05,3.54003e-05,29.5682,43.0067,44.5099,33.115725,9.33648e-05,2.87443e-05,2.61162e-05,40.2982,45.4145,45.8309,41.629324999999994,0.0,4.979058615863323
RWT323,25,RWT323/CMoA_Siva_Parvati_P25.h5,57295,32768,1632,744,2584,7728,22600,4,0,35288,65120,100408,0.6159001658085348,1.1365738720656253,1.7524740378741601,0.00106776,5.60275e-05,4.05699e-05,29.7153,42.516,43.918,33.090725,9.10531e-05,3.07723e-05,2.81026e-05,40.4071,45.1184,45.5125,41.634187499999996,0.0,5.000793620944023
RWT323,26,RWT323/CMoA_Siva_Parvati_P26.h5,57295,32768,1584,584,1912,5208,14040,4,0,23328,41024,64352,0.4071559472903395,0.7160136137533816,1.1231695610437211,0.000748537,4.1522e-05,3.14026e-05,31.2579,43.8172,45.0303,34.5493625,8.65285e-05,2.37616e-05,2.22404e-05,40.6284,46.2412,46.5286,42.067524999999996,0.0,5.023310869932175
RWT323,27,RWT323/CMoA_Siva_Parvati_P27.h5,57295,32768,1144,784,2456,7008,19128,4,0,30520,52376,82896,0.5326817348808797,0.9141460860459028,1.4468278209267824,0.000702943,4.22938e-05,3.3286e-05,31.5308,43.7372,44.7774,34.712424999999996,9.15267e-05,2.44743e-05,2.3897e-05,40.3845,46.1129,46.2166,41.82956250000001,0.0,5.032021254301071
RWT323,28,RWT323/CMoA_Siva_Parvati_P28.h5,57295,32768,1536,672,2520,7736,24360,4,0,36824,72984,109808,0.6427087878523431,1.2738284318003317,1.9165372196526747,0.000888478,5.78417e-05,4.25514e-05,30.5135,42.3776,43.7109,33.6461875,9.3196e-05,3.10572e-05,2.8228e-05,40.306,45.0784,45.4932,41.55095,0.0,4.958648681640625
RWT323,29,RWT323/CMoA_Siva_Parvati_P29.h5,57295,32768,1400,808,3040,8792,25840,4,0,39880,69504,109384,0.6960467754603369,1.2130901474823284,1.9091369229426651,0.00123681,7.84571e-05,5.49143e-05,29.077,41.0537,42.6031,32.26485,9.56152e-05,3.64169e-05,3.21538e-05,40.1947,44.387,44.9277,41.310362500000004,0.0,5.006467767059803
RWT323,3,RWT323/CMoA_Siva_Parvati_P3.h5,57295,32768,1360,696,2432,7696,21040,4,0,33224,64408,97632,0.5798760799371673,1.1241469587224016,1.704023038659569,0.00054987,4.59381e-05,5.4902e-05,32.5974,43.3783,42.6041,35.19585,0.000101501,2.88756e-05,3.39644e-05,39.9353,45.3947,44.6898,41.212037499999994,0.0,4.871434062719345
RWT323,30,RWT323/CMoA_Siva_Parvati_P30.h5,57295,32768,1400,656,2344,7520,21080,4,0,33000,59000,92000,0.5759664892224452,1.0297582686098263,1.6057247578322715,0.000745953,4.6445e-05,4.11304e-05,31.2729,43.3306,43.8584,34.353300000000004,9.90582e-05,2.56319e-05,2.57721e-05,40.0411,45.9122,45.8885,41.5059125,0.0,4.996901333332062
RWT323,31,RWT323/CMoA_Siva_Parvati_P31.h5,57295,32768,1416,664,2928,9024,26680,4,0,40712,75256,115968,0.710568112400733,1.3134828519067983,2.024050964307531,0.00133203,7.04933e-05,5.35299e-05,28.7548,41.5185,42.714,32.0951625,9.75062e-05,3.29198e-05,3.21774e-05,40.1097,44.8254,44.9245,41.3010125,0.0,4.998063929378986
RWT323,4,RWT323/CMoA_Siva_Parvati_P4.h5,57295,32768,1480,384,1704,4136,10312,4,0,18016,29152,47168,0.31444279605550224,0.5088053058731128,0.8232481019286151,0.000431675,2.25064e-05,1.63418e-05,33.6484,46.4769,47.867,37.0292875,8.38852e-05,1.66449e-05,1.43359e-05,40.7631,47.7872,48.4357,42.6001875,0.0,5.005480349063873
RWT323,5,RWT323/CMoA_Siva_Parvati_P5.h5,57295,32768,1568,856,2744,8024,22992,4,0,36184,63936,100120,0.631538528667423,1.115908892573523,1.7474474212409459,0.000691452,5.02848e-05,3.59037e-05,31.6024,42.9856,44.4486,34.631074999999996,0.000104542,3.08058e-05,2.81862e-05,39.8071,45.1137,45.4996,41.1819875,0.0,4.97312668710947
RWT323,6,RWT323/CMoA_Siva_Parvati_P6.h5,57295,32768,1512,696,2360,7176,19944,4,0,31688,56960,88648,0.553067457893359,0.9941530674578933,1.5472205253512523,0.000638544,4.22165e-05,3.21121e-05,31.9481,43.7452,44.9333,35.045887500000006,9.7217e-05,2.67354e-05,2.51098e-05,40.1226,45.7291,46.0016,41.5582875,0.0,5.196613885462284
RWT323,7,RWT323/CMoA_Siva_Parvati_P7.h5,57295,32768,1736,760,2208,6184,17704,4,0,28592,46640,75232,0.4990313290863077,0.814032638101056,1.3130639671873636,0.000553532,4.27555e-05,2.95944e-05,32.5686,43.6901,45.2879,35.548700000000004,9.59985e-05,2.57097e-05,2.2264e-05,40.1774,45.899,46.524,41.685925,0.0,4.972612701356411
RWT323,8,RWT323/CMoA_Siva_Parvati_P8.h5,57294,32768,1656,488,1504,3944,9744,4,0,17336,25432,42768,0.3025796767549831,0.44388592173700564,0.7464655984919887,0.000489331,2.2914e-05,2.70128e-05,33.104,46.399,45.6843,36.3384125,7.35163e-05,1.63894e-05,2.02471e-05,41.3362,47.8544,46.9364,42.851,0.0,5.055531330406666
RWT323,9,RWT323/CMoA_Siva_Parvati_P9.h5,57295,32768,1680,608,1576,4864,11880,4,0,20608,35888,56496,0.3596823457544288,0.6263722837943975,0.9860546295488263,0.000858151,4.25619e-05,5.00799e-05,30.6644,43.7098,43.0034,33.837450000000004,8.69903e-05,2.77496e-05,3.44245e-05,40.6053,45.5674,44.6313,41.728812500000004,0.0,5.030591763556004
RWT339,0,RWT339/bojovnik_680k_P0.h5,99897,32768,1720,792,3760,12256,35568,4,0,54096,107664,161760,0.541517763296195,1.0777500825850626,1.6192678458812577,0.000425586,2.40612e-05,2.89772e-05,33.7101,46.1868,45.3794,36.72835,0.000113044,1.53463e-05,1.69892e-05,39.4675,48.14,47.6983,41.5804125,0.0,8.304398991167545
RWT339,1,RWT339/bojovnik_680k_P1.h5,99897,32768,1768,872,3648,11664,33064,4,0,51016,93936,144952,0.5106860065867844,0.9403285383945463,1.4510145449813308,0.000390644,2.27487e-05,3.2889e-05,34.0822,46.4304,44.8295,36.9691375,0.000110914,1.59066e-05,1.98515e-05,39.5502,47.9842,47.0221,41.5384375,0.0,8.29304425418377
RWT339,10,RWT339/bojovnik_680k_P10.h5,99897,32768,2016,944,4296,15392,52960,4,0,75608,183464,259072,0.7568595653523129,1.8365316275764036,2.5933911929287166,0.00149447,7.27102e-05,3.43424e-05,28.2551,41.384,44.6417,31.944537500000003,0.000103322,4.99984e-05,2.57651e-05,39.8581,43.0104,45.8897,41.0060875,0.0,8.400206722319126
RWT339,11,RWT339/bojovnik_680k_P11.h5,99898,32768,2000,1032,3992,15200,57720,4,0,79944,213720,293664,0.8002562613866143,2.1393821698132096,2.939638431199824,0.00166391,6.86107e-05,2.36518e-05,27.7887,41.6361,46.2614,31.828712499999998,0.000101652,5.15561e-05,1.95719e-05,39.9289,42.8772,47.0837,41.191787500000004,0.0,8.368516139686108
RWT339,12,RWT339/bojovnik_680k_P12.h5,99897,32768,2264,1064,4064,14816,53016,4,0,75224,187600,262824,0.7530156060742564,1.8779342723004695,2.630949878374726,0.002187,7.78039e-05,4.42257e-05,26.6015,41.09,43.5433,30.5302875,0.000105029,5.4494e-05,3.14442e-05,39.7869,42.6365,45.0246,40.797812500000006,0.0,8.051388382911682
RWT339,13,RWT339/bojovnik_680k_P13.h5,99897,32768,2376,1040,4416,14872,50304,4,0,73008,160824,233832,0.7308327577404727,1.6098981951409952,2.3407309528814677,0.00131175,5.35541e-05,3.3397e-05,28.8215,42.7121,44.7629,32.5505,0.00010958,3.62721e-05,2.34576e-05,39.6027,44.4043,46.2972,41.03971249999999,0.0,8.221747167408466
RWT339,14,RWT339/bojovnik_680k_P14.h5,99897,32768,1952,1160,4504,16792,62256,4,0,86664,225456,312120,0.8675335595663534,2.2568845911288626,3.1244181506952162,0.00196003,8.56612e-05,4.27628e-05,27.0774,40.6722,43.6893,30.853237500000002,0.000100716,5.98948e-05,2.98602e-05,39.969,42.2261,45.2491,40.911150000000006,0.0,8.520075105130672
RWT339,15,RWT339/bojovnik_680k_P15.h5,99898,32768,1696,928,3904,15592,59128,4,0,81248,223248,304496,0.8133095757672826,2.234759454643737,3.0480690304110194,0.0017857,7.90095e-05,2.80818e-05,27.4819,41.0232,45.5158,31.428800000000003,0.000101029,5.72401e-05,2.21619e-05,39.9555,42.423,46.5439,41.0874875,0.0,8.343295559287071
RWT339,2,RWT339/bojovnik_680k_P2.h5,99897,32768,1776,768,3768,12040,34264,4,0,52616,97736,150352,0.5267025035786861,0.9783677187503128,1.505070222328999,0.000395824,2.33814e-05,3.07133e-05,34.025,46.3113,45.1267,36.948499999999996,0.000108981,1.53225e-05,1.78899e-05,39.6265,48.1467,47.4739,41.672450000000005,0.0,8.335949845612049
RWT339,3,RWT339/bojovnik_680k_P3.h5,99898,32768,1784,824,3320,11480,33048,4,0,50456,97816,148272,0.5050751766802138,0.9791587419167551,1.4842339185969688,0.000546681,1.97031e-05,3.07781e-05,32.6227,47.0547,45.1176,35.9885625,0.000109384,1.5325e-05,2.07977e-05,39.6105,48.146,46.8199,41.578612500000006,0.0,8.347684390842915
RWT339,4,RWT339/bojovnik_680k_P4.h5,99897,32768,1752,832,3384,10576,32368,4,0,48912,105896,154808,0.4896243130424337,1.0600518534090113,1.549676166451445,0.00102148,3.05005e-05,3.88743e-05,29.9077,45.1569,44.1034,33.5883125,8.59611e-05,2.18773e-05,2.4357e-05,40.657,46.6001,46.1338,42.0844875,0.0,8.311754934489727
RWT339,5,RWT339/bojovnik_680k_P5.h5,99897,32768,1768,696,2488,8128,27264,4,0,40344,94768,135112,0.40385597165080034,0.9486571168303353,1.3525130884811356,0.000713743,2.03767e-05,2.60508e-05,31.4646,46.9087,45.8418,35.1922625,9.13825e-05,1.56499e-05,1.70423e-05,40.3914,48.0549,47.6847,42.260999999999996,0.0,8.320363536477089
RWT339,6,RWT339/bojovnik_680k_P6.h5,99897,32768,2128,808,3168,11648,38256,4,0,56008,118216,174224,0.5606574772015176,1.183378880246654,1.7440363574481716,0.000766379,3.39405e-05,2.26051e-05,31.1556,44.6928,46.4579,34.760537500000005,0.000102304,2.28635e-05,1.539e-05,39.9011,46.4086,48.1276,41.742850000000004,0.0,8.310745097696781
RWT339,7,RWT339/bojovnik_680k_P7.h5,99898,32768,1728,600,2208,7528,24352,4,0,36416,83320,119736,0.3645318224589081,0.8340507317463813,1.1985825542052895,0.000837953,2.25037e-05,3.64279e-05,30.7678,46.4775,44.3857,34.43375,8.24525e-05,1.74278e-05,2.21574e-05,40.838,47.5876,46.5448,42.395050000000005,0.0,8.374742083251476
RWT339,8,RWT339/bojovnik_680k_P8.h5,99897,32768,2336,1064,4536,15408,50120,4,0,73464,163600,237064,0.7353974593831647,1.6376868174219446,2.3730842768051095,0.00120027,5.10693e-05,3.81573e-05,29.2072,42.9184,44.1842,32.793225,0.000109357,3.43652e-05,2.50427e-05,39.6115,44.6388,46.0132,41.040124999999996,0.0,8.077951729297638
RWT339,9,RWT339/bojovnik_680k_P9.h5,99897,32768,2440,1144,4896,16096,53264,4,0,77840,181144,258984,0.7792025786560157,1.8133077069381462,2.592510285594162,0.00206139,6.42518e-05,4.2131e-05,26.8584,41.9212,43.754,30.853199999999998,0.000104964,4.46153e-05,3.0204e-05,39.7896,43.5052,45.1994,40.930274999999995,0.0,8.075048506259918
RWT380,0,RWT380/ujety_svah_ske_P0.h5,86036,32768,1552,680,2976,12560,54184,4,0,71952,231880,303832,0.8363010832674694,2.695150867078897,3.5314519503463666,0.00327831,4.53526e-05,3.72937e-05,24.8435,43.434,44.2836,29.597324999999998,9.29581e-05,3.04409e-05,2.71748e-05,40.3171,45.1654,45.6583,41.5907875,0.0,7.114552780985832
RWT380,1,RWT380/ujety_svah_ske_P1.h5,86037,32768,1792,808,3384,13656,56056,4,0,75696,227144,302840,0.8798075246696189,2.6400734567685995,3.5198809814382184,0.0032318,3.71917e-05,4.26067e-05,24.9056,44.2955,43.7052,29.6792875,9.63809e-05,2.40082e-05,3.07396e-05,40.1601,46.1964,45.123,41.535,0.0,6.992661282420158
RWT380,10,RWT380/ujety_svah_ske_P10.h5,86036,32768,1664,680,3168,13192,54280,4,0,72984,226552,299536,0.8482960621135339,2.633223301873634,3.481519363987168,0.00357919,5.41881e-05,2.97547e-05,24.4622,42.661,45.2644,29.337325,9.58478e-05,3.12524e-05,2.31881e-05,40.1842,45.0512,46.3474,41.562974999999994,0.0,7.326463103294373
RWT380,11,RWT380/ujety_svah_ske_P11.h5,86037,32768,1952,896,3664,13920,51736,4,0,72168,198272,270440,0.8388019108058161,2.304496902495438,3.143298813301254,0.00244549,3.34333e-05,4.00005e-05,26.1163,44.7582,43.9793,30.6794125,0.000100035,2.34166e-05,2.85968e-05,39.9985,46.3048,45.4368,41.466575,0.0,7.090279214084148
RWT380,12,RWT380/ujety_svah_ske_P12.h5,86036,32768,1616,728,3440,13640,54448,4,0,73872,228576,302448,0.8586173229810777,2.656748337905063,3.5153656608861406,0.0033923,5.07415e-05,4.63051e-05,24.6951,42.9464,43.3437,29.307587500000004,9.54411e-05,3.01664e-05,3.07598e-05,40.2026,45.2048,45.1202,41.442575,0.0,7.191786341369152
RWT380,13,RWT380/ujety_svah_ske_P13.h5,86037,32768,1752,728,3432,13632,52832,4,0,72376,213624,286000,0.841219475342004,2.482931761916385,3.324151237258389,0.00294346,3.53411e-05,3.06552e-05,25.3114,44.5172,45.135,30.190075,9.84195e-05,2.3601e-05,2.20632e-05,40.0692,46.2707,46.5633,41.65615,0.0,7.119634360074997
RWT380,14,RWT380/ujety_svah_ske_P14.h5,86037,32768,1384,360,1912,7512,27672,4,0,38840,102320,141160,0.451433685507398,1.1892557853016725,1.6406894708090705,0.000795299,2.90819e-05,3.59173e-05,30.9947,45.3638,44.447,34.472375,0.000113015,2.05307e-05,2.47787e-05,39.4686,46.876,46.0592,41.218349999999994,0.0,7.0384285897016525
RWT380,15,RWT380/ujety_svah_ske_P15.h5,86037,32768,1480,544,2792,10320,39128,4,0,54264,150184,204448,0.6307053941908713,1.7455745783790695,2.376279972569941,0.00146906,2.59771e-05,1.8569e-05,28.3296,45.8541,47.3121,32.892975,0.000105778,1.79877e-05,1.56155e-05,39.7561,47.4503,48.0645,41.756425,0.0,7.113744027912617
RWT380,2,RWT380/ujety_svah_ske_P2.h5,86036,32768,1600,720,3680,14552,60912,4,0,81464,254792,336256,0.9468594541819704,2.9614579943279558,3.908317448509926,0.00456178,4.92923e-05,4.78661e-05,23.4087,43.0722,43.1997,28.340512500000003,9.29394e-05,2.94581e-05,3.13226e-05,40.318,45.3079,45.0414,41.5321625,0.0,7.0969696417450905
RWT380,3,RWT380/ujety_svah_ske_P3.h5,86037,32768,2144,1072,4288,15792,60128,4,0,83424,229096,312520,0.9696293455141393,2.662761370108209,3.6323907156223485,0.00415082,3.26471e-05,4.38606e-05,23.8187,44.8616,43.5793,28.919137499999998,9.91092e-05,2.20558e-05,2.97819e-05,40.0389,46.5648,45.2605,41.5073375,0.0,7.094505809247494
RWT380,4,RWT380/ujety_svah_ske_P4.h5,86036,32768,1432,728,3360,14808,60528,4,0,80856,248464,329320,0.9397926449393277,2.8879073876051886,3.827700032544516,0.00396116,8.56533e-05,5.76318e-05,24.0218,40.6726,42.3934,28.3996,9.50124e-05,4.23883e-05,3.93275e-05,40.2222,43.7275,44.053,41.1392125,0.0,7.242596477270126
RWT380,5,RWT380/ujety_svah_ske_P5.h5,86037,32768,1600,888,4032,15640,62416,4,0,84576,248184,332760,0.9830189337145646,2.8846194079291467,3.8676383416437115,0.00416038,0.000163242,4.51219e-05,23.8087,37.8717,43.4561,28.0225,9.84437e-05,7.06901e-05,3.69205e-05,40.0681,41.5064,44.3273,40.7802875,0.0,7.250802032649517
RWT380,6,RWT380/ujety_svah_ske_P6.h5,86037,32768,1480,792,3544,14208,55760,4,0,75784,222848,298632,0.8808303404349291,2.59014145077118,3.470971791206109,0.00279517,7.85242e-05,2.68257e-05,25.5359,41.05,45.7145,29.9974875,9.62063e-05,4.0789e-05,2.14564e-05,40.168,43.8946,46.6844,41.448375,0.0,7.28676251322031
RWT380,7,RWT380/ujety_svah_ske_P7.h5,86037,32768,1504,632,2992,11720,47080,4,0,63928,195192,259120,0.7430291618722178,2.2686983507095784,3.011727512581796,0.00248691,4.73013e-05,3.00147e-05,26.0434,43.2513,45.2267,30.5923,9.85935e-05,2.86693e-05,2.19254e-05,40.0615,45.4258,46.5905,41.548162500000004,0.0,7.332849562168121
RWT380,8,RWT380/ujety_svah_ske_P8.h5,86036,32768,1464,656,3152,13232,56688,4,0,75192,239880,315072,0.8739597377841833,2.7881351992189316,3.662094937003115,0.00369611,6.56636e-05,4.72828e-05,24.3225,41.8268,43.253,28.876849999999997,9.47376e-05,3.58138e-05,3.35462e-05,40.2348,44.4595,44.7436,41.3264875,0.0,7.132181152701378
RWT380,9,RWT380/ujety_svah_ske_P9.h5,86037,32768,1896,912,3888,15896,62720,4,0,85312,243000,328312,0.9915733928426143,2.8243662610272326,3.815939653869847,0.00455258,3.52528e-05,4.20705e-05,23.4174,44.5281,43.7602,28.5990875,9.67668e-05,2.39326e-05,3.07763e-05,40.1427,46.2101,45.1178,41.5230125,0.0,7.084241509437561
RWT391,0,RWT391/texturedMesh_P0.h5,73494,32768,1872,1304,4552,14720,44480,4,0,66928,135280,202208,0.9106593735543037,1.8406944784608268,2.7513538520151304,0.00651412,2.89059e-05,1.58078e-05,21.8614,45.3901,48.0113,28.071225,6.17457e-05,1.7436e-05,1.16935e-05,42.0939,47.5855,49.3205,43.683675,0.0,6.476662673056126
RWT391,1,RWT391/texturedMesh_P1.h5,73494,32768,2160,1296,4448,15184,48800,4,0,71888,146768,218656,0.9781478760170899,1.9970065583585055,2.9751544343755953,0.00823289,3.07439e-05,1.60003e-05,20.8445,45.1224,47.9587,27.2685125,6.62871e-05,1.86129e-05,1.17555e-05,41.7857,47.3019,49.2976,43.4142125,0.0,6.3412953317165375
RWT391,10,RWT391/texturedMesh_P10.h5,73494,32768,1960,1288,4144,14432,45048,4,0,66872,147960,214832,0.9098974065910143,2.0132255694342396,2.9231229760252537,0.0067259,3.09933e-05,1.68381e-05,21.7225,45.0873,47.7371,27.894925,7.17904e-05,1.96643e-05,1.30708e-05,41.4393,47.0632,48.837,43.067,0.0,6.904834151268005
RWT391,11,RWT391/texturedMesh_P11.h5,73495,32768,1792,1312,4080,13536,38608,4,0,59328,113712,173040,0.8072385876590245,1.5472072930131302,2.3544458806721544,0.00551399,2.22677e-05,1.24522e-05,22.5853,46.5232,49.0475,28.885312499999998,5.74106e-05,1.45127e-05,9.79034e-06,42.4101,48.3825,50.092,44.1168875,0.0,6.362293690443039
RWT391,12,RWT391/texturedMesh_P12.h5,73494,32768,1856,1200,4736,15064,47200,4,0,70056,149664,219720,0.9532206710751898,2.0364111356029064,2.989631806678096,0.00954146,2.93347e-05,1.39841e-05,20.2039,45.3262,48.5437,26.8866625,6.41319e-05,1.80866e-05,1.08376e-05,41.9293,47.4264,49.6507,43.581612500000006,0.0,6.2612026780843735
RWT391,13,RWT391/texturedMesh_P13.h5,73495,32768,1816,1288,4328,13400,38888,4,0,59720,108872,168592,0.8125722838288318,1.481352472957344,2.293924756786176,0.00587191,2.18754e-05,1.08827e-05,22.3122,46.6004,49.6326,28.763275,5.99253e-05,1.3618e-05,8.54063e-06,42.2239,48.6589,50.6851,44.085924999999996,0.0,6.243210397660732
RWT391,14,RWT391/texturedMesh_P14.h5,73494,32768,1960,992,4424,14568,43680,4,0,65624,131504,197128,0.8929164285519906,1.7893161346504476,2.6822325632024384,0.00636936,2.93224e-05,1.61828e-05,21.959,45.328,47.9095,28.1239375,6.60601e-05,1.78741e-05,1.1586e-05,41.8006,47.4778,49.3606,43.45525,0.0,6.231367379426956
RWT391,15,RWT391/texturedMesh_P15.h5,73495,32768,1808,1256,4760,16096,46856,4,0,70776,131672,202448,0.9630042860058508,1.791577658344105,2.754581944349956,0.00719781,2.46779e-05,1.44195e-05,21.428,46.0769,48.4105,27.881925000000003,6.89292e-05,1.56512e-05,1.11513e-05,41.616,48.0545,49.5267,43.40965,0.0,6.186652824282646
RWT391,2,RWT391/texturedMesh_P2.h5,73494,32768,2104,1360,4456,15584,49880,4,0,73384,164144,237528,0.9985032791792527,2.2334340218249107,3.2319373010041637,0.00987249,3.38071e-05,1.53747e-05,20.0557,44.7099,48.1319,26.647000000000002,6.69813e-05,2.01683e-05,1.18961e-05,41.7405,46.9533,49.246,43.3302875,0.0,6.4666081592440605
RWT391,3,RWT391/texturedMesh_P3.h5,73495,32768,1800,1312,4352,14912,49816,4,0,72192,169984,242176,0.9822709027825022,2.3128648207361047,3.2951357235186065,0.00862845,3.33019e-05,1.81849e-05,20.6407,44.7753,47.4029,27.0028,7.12918e-05,2.07425e-05,1.36085e-05,41.4696,46.8314,48.6619,43.0388625,0.0,6.3974864557385445
RWT391,4,RWT391/texturedMesh_P4.h5,73494,32768,2040,1192,4120,13416,40928,4,0,61696,125456,187152,0.8394698886983971,1.7070237026151796,2.5464935913135767,0.00664507,2.51545e-05,1.3204e-05,21.775,45.9938,48.7929,28.179587499999997,6.06599e-05,1.52621e-05,1.02882e-05,42.171,48.1639,49.8766,43.8833125,0.0,6.365285590291023
RWT391,5,RWT391/texturedMesh_P5.h5,73495,32768,1984,1312,4592,15312,48088,4,0,71288,150896,222184,0.9699707463092727,2.053146472549153,3.0231172188584257,0.00611861,4.66337e-05,2.83328e-05,22.1335,43.313,45.4771,27.698887500000005,7.58569e-05,2.65081e-05,2.00656e-05,41.2,45.7662,46.9755,42.4927125,0.0,6.3483143746852875
RWT391,6,RWT391/texturedMesh_P6.h5,73494,32768,1432,1168,4448,15800,50696,4,0,73544,161536,235080,1.0006803276457943,2.1979481318202847,3.1986284594660788,0.0111084,3.61903e-05,1.90371e-05,19.5435,44.4141,47.204,26.109887500000003,6.67075e-05,2.08391e-05,1.36972e-05,41.7583,46.8112,48.6337,43.249337499999996,0.0,6.3899373933672905
RWT391,7,RWT391/texturedMesh_P7.h5,73495,32768,1704,1144,3920,12048,35000,4,0,53816,98112,151928,0.7322402884549969,1.334947955643241,2.067188244098238,0.00470106,2.53154e-05,1.49897e-05,23.278,45.9661,48.2421,29.234524999999998,4.96642e-05,1.38738e-05,9.69508e-06,43.0396,48.578,50.1345,44.6187625,0.0,6.3058080449700356
RWT391,8,RWT391/texturedMesh_P8.h5,73494,32768,1752,1128,4296,14632,47408,4,0,69216,154304,223520,0.941791166625847,2.0995455411326094,3.0413367077584565,0.00948264,3.64411e-05,1.70557e-05,20.2307,44.3841,47.6813,26.681199999999997,6.42003e-05,2.04932e-05,1.25259e-05,41.9246,46.8839,49.0219,43.431675,0.0,6.393488936126232
RWT391,9,RWT391/texturedMesh_P9.h5,73495,32768,1392,1096,4336,16152,49992,4,0,72968,162040,235008,0.9928294441798762,2.2047758350908224,3.197605279270699,0.010601,3.48148e-05,1.85015e-05,19.7465,44.5824,47.3279,26.298662500000002,6.61315e-05,2.18401e-05,1.3673e-05,41.7959,46.6075,48.6414,43.2530375,0.0,6.375555515289307
RWT405,0,RWT405/Dead Sea Qumran_P0.h5,60448,32768,1448,656,2312,7832,24776,4,0,37024,80424,117448,0.6124933827421917,1.3304658549497088,1.9429592376919005,0.00118715,3.36254e-05,2.33363e-05,29.2549,44.7333,46.3197,33.3228,8.26938e-05,2.18392e-05,1.89979e-05,40.8253,46.6076,47.2129,42.3465375,0.0,5.247194595634937
RWT405,1,RWT405/Dead Sea Qumran_P1.h5,60448,32768,1464,464,1632,4712,16352,4,0,24624,54832,79456,0.40735839068290103,0.9070937003705665,1.3144520910534674,0.000796954,1.6451e-05,1.44085e-05,30.9857,47.8381,48.4138,35.2707625,6.95215e-05,1.30826e-05,1.27815e-05,41.5788,48.833,48.9342,43.404999999999994,0.0,5.221331529319286
RWT405,2,RWT405/Dead Sea Qumran_P2.h5,60448,32768,1344,536,2080,6832,24224,4,0,35016,87040,122056,0.5792747485442032,1.439915299100053,2.019190047644256,0.00129908,1.95105e-05,1.64258e-05,28.8636,47.0973,47.8447,33.51545,9.90879e-05,1.65121e-05,1.45133e-05,40.0398,47.822,48.3823,42.055387499999995,0.0,5.007576830685139
RWT405,3,RWT405/Dead Sea Qumran_P3.h5,60448,32768,1240,344,1552,5064,18128,4,0,26328,61584,87912,0.43554790894653256,1.0187930121757545,1.4543409211222869,0.000750311,2.02137e-05,1.3476e-05,31.2476,46.9435,48.7044,35.391687499999996,9.00819e-05,1.62906e-05,1.22197e-05,40.4536,47.8806,49.1294,42.46645,0.0,5.039264798164368
RWT405,4,RWT405/Dead Sea Qumran_P4.h5,60448,32768,1296,576,2040,6528,20280,4,0,30720,64576,95296,0.5082053996823717,1.0682901005823187,1.5764955002646903,0.000855943,1.92824e-05,1.88185e-05,30.6755,47.1484,47.2542,34.80695,9.41102e-05,1.48847e-05,1.49272e-05,40.2636,48.2726,48.2602,42.2643,0.0,4.995445266366005
RWT405,5,RWT405/Dead Sea Qumran_P5.h5,60448,32768,1152,448,1696,6160,19248,4,0,28704,60056,88760,0.474854420328216,0.993515087347803,1.468369507676019,0.00059407,1.81211e-05,1.49901e-05,32.2616,47.4182,48.242,36.153725,9.8267e-05,1.53497e-05,1.37279e-05,40.0759,48.139,48.6239,42.1522875,0.0,4.971032239496708
RWT405,6,RWT405/Dead Sea Qumran_P6.h5,60448,32768,1104,544,1984,6544,20912,4,0,31088,68776,99864,0.5142932768660667,1.137771307570143,1.6520645844362096,0.000913441,2.16344e-05,1.92826e-05,30.3932,46.6486,47.1484,34.519524999999994,9.8609e-05,1.6621e-05,1.55828e-05,40.0608,47.7934,48.0735,42.028962500000006,0.0,5.174789495766163
RWT405,7,RWT405/Dead Sea Qumran_P7.h5,60448,32768,1352,624,2048,5960,17976,4,0,27960,58064,86024,0.4625463208046586,0.9605611434621493,1.4231074642668078,0.0007694,2.16068e-05,1.72083e-05,31.1385,46.6541,47.6426,35.1409625,8.28879e-05,1.6958e-05,1.50391e-05,40.8151,47.7063,48.2278,42.6030875,0.0,5.175631210207939
RWT43,0,RWT43/Ganesa-best-exported_P0.h5,73329,32768,1920,872,2984,10320,31880,4,0,47976,97720,145696,0.6542568424497811,1.3326242005209399,1.986881042970721,0.000735558,2.67533e-05,1.57931e-05,31.3338,45.7262,48.0153,35.2180375,8.81857e-05,1.83048e-05,1.19575e-05,40.546,47.3743,49.2236,42.4842375,0.0,6.229560628533363
RWT43,1,RWT43/Ganesa-best-exported_P1.h5,73330,32768,2120,696,2632,8024,23784,4,0,37256,68072,105328,0.5080594572480567,0.9282967407609437,1.4363561980090005,0.000701681,2.4628e-05,2.17879e-05,31.5386,46.0857,46.6178,35.2418875,6.08986e-05,1.59833e-05,1.4952e-05,42.1539,47.9633,48.253,43.6424625,0.0,6.211069658398628
RWT43,10,RWT43/Ganesa-best-exported_P10.h5,73330,32768,1688,768,3072,9384,29416,4,0,44328,89944,134272,0.6045002045547525,1.2265648438565389,1.8310650484112914,0.000764126,3.49676e-05,2.28703e-05,31.1684,44.5633,46.4073,34.747625,9.28298e-05,2.18678e-05,1.58442e-05,40.3231,46.602,48.0013,42.0677375,0.0,6.221797063946724
RWT43,11,RWT43/Ganesa-best-exported_P11.h5,73330,32768,1840,688,2408,8544,26456,4,0,39936,77792,117728,0.5446065730260466,1.0608482203736533,1.6054547933996999,0.0005552,2.47711e-05,1.4179e-05,32.5555,46.0605,48.4836,36.234637500000005,8.98156e-05,1.74913e-05,1.15058e-05,40.4665,47.5718,49.3909,42.4702125,0.0,6.207406722009182
RWT43,12,RWT43/Ganesa-best-exported_P12.h5,73329,32768,1792,760,3160,9632,28880,4,0,44224,86304,130528,0.6030901826016992,1.1769422738616373,1.7800324564633365,0.000968399,3.85665e-05,2.74206e-05,30.1395,44.1379,45.6192,33.8242625,7.12162e-05,2.25857e-05,1.70504e-05,41.4742,46.4617,47.6827,42.87370000000001,0.0,6.207875303924084
RWT43,13,RWT43/Ganesa-best-exported_P13.h5,73330,32768,1888,896,3448,11376,37352,4,0,54960,114608,169568,0.7494886131187781,1.5629074048820402,2.3123960180008183,0.00113852,4.45434e-05,3.1267e-05,29.4366,43.5122,45.0491,33.1476125,8.5695e-05,2.68e-05,1.96005e-05,40.6704,45.7187,47.0773,42.1023,0.0,6.195537410676479
RWT43,14,RWT43/Ganesa-best-exported_P14.h5,73330,32768,1728,872,3144,10320,32880,4,0,48944,93144,142088,0.6674485203872903,1.270203191054139,1.9376517114414291,0.000661574,3.23404e-05,1.98437e-05,31.7942,44.9026,47.0238,35.33645,9.73024e-05,2.24763e-05,1.4419e-05,40.1188,46.4828,48.4106,41.950775,0.0,6.2399487271904945
RWT43,15,RWT43/Ganesa-best-exported_P15.h5,73330,32768,1504,784,3112,9824,28992,4,0,44216,85536,129752,0.6029728624028365,1.166453020591845,1.7694258829946816,0.000869128,3.93082e-05,2.82158e-05,30.6092,44.0552,45.4951,34.1506875,8.25748e-05,2.34235e-05,1.8465e-05,40.8315,46.3035,47.3365,42.328624999999995,0.0,6.205672405660152
RWT43,16,RWT43/Ganesa-best-exported_P16.h5,73329,32768,2064,768,3120,9728,28416,4,0,44096,77232,121328,0.6013446249096538,1.0532258724379169,1.6545704973475706,0.000652925,2.11918e-05,1.50084e-05,31.8514,46.7383,48.2367,35.760425000000005,9.1966e-05,1.3944e-05,1.1117e-05,40.3637,48.5561,49.5401,42.534800000000004,0.0,6.246968761086464
RWT43,17,RWT43/Ganesa-best-exported_P17.h5,73330,32768,1912,976,3816,12648,39248,4,0,58600,116960,175560,0.799127233056048,1.594981590072276,2.394108823128324,0.00126928,6.35894e-05,4.82408e-05,28.9644,41.9662,43.1659,32.364812500000006,8.33273e-05,3.47481e-05,2.82234e-05,40.7921,44.5907,45.4939,41.85465,0.0,6.21337903290987
RWT43,18,RWT43/Ganesa-best-exported_P18.h5,73330,32768,1816,912,3304,10040,29424,4,0,45496,79352,124848,0.6204282012818765,1.0821219146324832,1.7025501159143597,0.000649788,3.41767e-05,2.3387e-05,31.8723,44.6627,46.3102,35.2758375,8.02095e-05,2.21591e-05,1.60088e-05,40.9577,46.5445,47.9564,42.530887500000006,0.0,6.637732222676277
RWT43,19,RWT43/Ganesa-best-exported_P19.h5,73330,32768,1672,800,3528,11160,33992,4,0,51152,99608,150760,0.6975589799536343,1.3583526523932905,2.0559116323469246,0.000951593,3.84453e-05,2.3408e-05,30.2155,44.1516,46.3064,33.968875,8.59989e-05,2.37488e-05,1.59035e-05,40.6551,46.2436,47.9851,42.2699125,0.0,7.0371948927640915
RWT43,2,RWT43/Ganesa-best-exported_P2.h5,73330,32768,1808,888,3064,9920,30832,4,0,46512,91008,137520,0.6342833765171144,1.241074594299741,1.8753579708168553,0.000765886,1.91267e-05,1.33229e-05,31.1584,47.1836,48.754,35.361000000000004,8.99516e-05,1.40472e-05,1.04214e-05,40.4599,48.5241,49.8207,42.63802499999999,0.0,6.203690096735954
RWT43,20,RWT43/Ganesa-best-exported_P20.h5,73329,32768,1976,664,2488,8504,28472,4,0,42104,88968,131072,0.5741793833271966,1.213271693327333,1.7874510766545295,0.000840919,2.27583e-05,1.24066e-05,30.7525,46.4286,49.0635,35.0008875,7.87644e-05,1.60056e-05,9.88509e-06,41.0367,47.9573,50.0502,43.0284625,0.0,6.210270501673222
RWT43,21,RWT43/Ganesa-best-exported_P21.h5,73330,32768,1752,560,1976,6192,17240,4,0,27720,45304,73024,0.3780171825992091,0.6178099004500205,0.9958270830492295,0.000379728,1.70945e-05,1.03777e-05,34.2053,47.6714,49.839,37.842775,6.47645e-05,1.3313e-05,8.91581e-06,41.8866,48.7572,50.4984,43.8219,0.0,6.215858466923237
RWT43,22,RWT43/Ganesa-best-exported_P22.h5,73330,32768,1640,808,2888,9000,26112,4,0,40448,78848,119296,0.5515887085776626,1.0752488749488613,1.6268375835265239,0.000766512,3.22146e-05,2.34742e-05,31.1548,44.9195,46.2941,34.7678,7.23115e-05,1.97462e-05,1.50579e-05,41.4079,47.0452,48.2223,42.9643625,0.0,6.308470718562603
RWT43,23,RWT43/Ganesa-best-exported_P23.h5,73330,32768,1824,560,1808,4568,10592,4,0,19352,24280,43632,0.26390290467748534,0.33110595936178916,0.5950088640392746,0.000201293,1.5824e-05,1.48087e-05,36.9617,48.0069,48.2948,39.7589875,4.82954e-05,1.27856e-05,1.19944e-05,43.1609,48.9328,49.2102,44.638549999999995,0.0,6.234875105321407
RWT43,24,RWT43/Ganesa-best-exported_P24.h5,73329,32768,1560,816,3480,10864,33200,4,0,49920,99760,149680,0.6807674998977212,1.360444026237914,2.041211526135635,0.00117103,4.92895e-05,3.65711e-05,29.3143,43.0725,44.3686,32.915862499999996,6.97711e-05,2.81098e-05,2.19466e-05,41.5632,45.5114,46.5863,42.6846125,0.0,6.241372101008892
RWT43,25,RWT43/Ganesa-best-exported_P25.h5,73330,32768,2016,888,3544,12600,39720,4,0,58768,114160,172928,0.801418246283922,1.556798036274376,2.358216282558298,0.00115719,4.04244e-05,3.08531e-05,29.366,43.9336,45.107,33.154574999999994,9.10699e-05,2.35211e-05,1.93153e-05,40.4063,46.2854,47.141,41.983025000000005,0.0,6.437906160950661
RWT43,26,RWT43/Ganesa-best-exported_P26.h5,73330,32768,1896,912,3544,10616,30480,4,0,47448,90856,138304,0.6470475930724123,1.2390017728078548,1.8860493658802673,0.000981575,3.55981e-05,2.55213e-05,30.0808,44.4857,45.931,33.8626875,8.03488e-05,2.23981e-05,1.70975e-05,40.9502,46.4979,47.6707,42.48372500000001,0.0,6.40169683098793
RWT43,27,RWT43/Ganesa-best-exported_P27.h5,73330,32768,2016,784,2616,7344,18880,4,0,31640,46064,77704,0.4314741579162689,0.6281740079094504,1.0596481658257193,0.00039548,2.22219e-05,1.49595e-05,34.0288,46.5322,48.2508,37.369474999999994,6.59086e-05,1.6016e-05,1.10442e-05,41.8106,47.9545,49.5687,43.54835,0.0,6.256586201488972
RWT43,28,RWT43/Ganesa-best-exported_P28.h5,73329,32768,1976,1032,3424,10000,28664,4,0,45096,83976,129072,0.6149817943787588,1.1451949433375608,1.7601767377163196,0.000828237,3.66806e-05,2.55004e-05,30.8185,44.3556,45.9345,34.4001375,7.92e-05,2.2737e-05,1.68828e-05,41.0127,46.4327,47.7256,42.5293125,0.0,6.246669940650463
RWT43,29,RWT43/Ganesa-best-exported_P29.h5,73330,32768,1712,840,3152,10536,32208,4,0,48448,86848,135296,0.6606845765716624,1.184344742942861,1.8450293195145233,0.000600442,2.90541e-05,2.07388e-05,32.2153,45.3679,46.8322,35.6864875,9.34912e-05,1.98783e-05,1.43645e-05,40.2923,47.0162,48.4271,42.1496375,0.0,6.19207589328289
RWT43,3,RWT43/Ganesa-best-exported_P3.h5,73330,32768,1640,712,3192,10368,30032,4,0,45944,76472,122416,0.6265375698895405,1.0428474021546434,1.6693849720441838,0.000532768,2.44216e-05,1.55283e-05,32.7346,46.1223,48.0888,36.3273375,9.77426e-05,1.78394e-05,1.22102e-05,40.0992,47.4862,49.1328,42.151775,0.0,6.242217719554901
RWT43,30,RWT43/Ganesa-best-exported_P30.h5,73330,32768,1560,728,2824,8432,26040,4,0,39584,75192,114776,0.5398063548343106,1.0253920632756035,1.5651984181099141,0.000575512,2.87307e-05,1.84405e-05,32.3995,45.4165,47.3423,35.89447500000001,8.18252e-05,1.91336e-05,1.34791e-05,40.8711,47.182,48.7034,42.638999999999996,0.0,6.308443650603294
RWT43,31,RWT43/Ganesa-best-exported_P31.h5,73330,32768,1760,592,2608,8240,20440,4,0,33640,47088,80728,0.45874812491476885,0.6421382790126824,1.1008864039274513,0.000362517,3.06889e-05,2.21795e-05,34.4067,45.1302,46.5405,37.2638625,7.07237e-05,2.02114e-05,1.4868e-05,41.5044,46.944,48.2775,43.030987499999995,0.0,6.3212535083293915
RWT43,4,RWT43/Ganesa-best-exported_P4.h5,73329,32768,1888,880,3424,11008,33368,4,0,50568,98672,149240,0.6896043857137013,1.3456067858555278,2.035211171569229,0.000864877,3.46324e-05,2.21429e-05,30.6305,44.6052,46.5477,34.3669875,8.75968e-05,2.15153e-05,1.49895e-05,40.5751,46.6725,48.2421,42.29565,0.0,6.040479466319084
RWT43,5,RWT43/Ganesa-best-exported_P5.h5,73330,32768,1696,880,3376,11192,38592,4,0,55736,124848,180584,0.7600709123141961,1.7025501159143597,2.462621028228556,0.00122674,3.9911e-05,2.43384e-05,29.1125,43.9891,46.1371,33.10015,8.8333e-05,2.45096e-05,1.62202e-05,40.5388,46.1066,47.8994,42.15485,0.0,6.051840990781784
RWT43,6,RWT43/Ganesa-best-exported_P6.h5,73330,32768,1912,912,3424,10680,30416,4,0,47344,78096,125440,0.6456293467884904,1.0649938633574254,1.7106232101459158,0.000595925,2.75341e-05,2.0829e-05,32.2481,45.6013,46.8133,35.7379,9.73993e-05,1.91352e-05,1.56119e-05,40.1144,47.1817,48.0654,41.991687500000005,0.0,6.055254943668842
RWT43,7,RWT43/Ganesa-best-exported_P7.h5,73330,32768,1672,960,3504,11312,31888,4,0,49336,86256,135592,0.6727942179189963,1.176271648711305,1.8490658666303015,0.000652295,3.3444e-05,2.14925e-05,31.8556,44.7568,46.6771,35.3209375,9.76868e-05,2.209e-05,1.57694e-05,40.1016,46.558,48.0219,41.8986875,0.0,6.033453345298767
RWT43,8,RWT43/Ganesa-best-exported_P8.h5,73329,32768,2192,848,3104,8872,22624,4,0,37640,58664,96304,0.5133030588171119,0.8000109097355753,1.3133139685526871,0.000551513,3.36986e-05,2.6354e-05,32.5844,44.7239,45.7915,35.752725,6.88863e-05,2.0902e-05,1.7313e-05,41.6187,46.7981,47.6163,43.015825,0.0,6.245797269046307
RWT43,9,RWT43/Ganesa-best-exported_P9.h5,73330,32768,1792,680,2992,10560,36992,4,0,53016,119360,172376,0.7229783171962362,1.627710350470476,2.350688667666712,0.000991773,2.70517e-05,1.75307e-05,30.0359,45.6781,47.562,34.181937500000004,9.93093e-05,1.75967e-05,1.26481e-05,40.0301,47.5457,48.9797,42.088249999999995,0.0,6.1855751648545265
RWT438,0,RWT438/model_P0.h5,68081,32768,1424,496,1536,3856,12048,4,0,19360,36208,55568,0.2843671508937883,0.5318370764236718,0.8162042273174601,0.000444514,2.2585e-05,1.5981e-05,33.5211,46.4618,47.964,36.94405,3.48924e-05,1.3705e-05,1.19e-05,44.5727,48.6312,49.2445,45.6639875,0.0,6.264361634850502
RWT438,1,RWT438/model_P1.h5,68082,32768,1240,832,2816,7368,25632,4,0,37888,68216,106104,0.5565053905584443,1.0019682147998001,1.5584736053582444,0.000820327,3.5233e-05,3.01678e-05,30.8601,44.5305,45.2046,34.361962500000004,5.89835e-05,2.60137e-05,2.27743e-05,42.2927,45.848,46.4256,43.253725,0.0,5.853484682738781
RWT438,10,RWT438/model_P10.h5,68082,32768,760,1040,2104,4256,11752,4,0,19912,44632,64544,0.2924708439822567,0.6555624100349579,0.9480332540172145,0.000254542,1.43592e-05,2.72609e-05,35.9424,48.4287,45.6446,38.7159625,6.12268e-05,1.47428e-05,2.31074e-05,42.1306,48.3142,46.3625,43.4325375,0.0,5.962006978690624
RWT438,11,RWT438/model_P11.h5,68082,32768,976,936,1880,5296,19008,4,0,28096,58408,86504,0.412678828471549,0.8579066419905408,1.2705854704620898,0.000659679,2.32521e-05,2.61386e-05,31.8067,46.3354,45.8272,35.37535,6.31565e-05,1.821e-05,2.08571e-05,41.9958,47.3969,46.8075,43.272400000000005,0.0,6.625456914305687
RWT438,12,RWT438/model_P12.h5,68082,32768,1512,504,2120,6544,21496,4,0,32176,62440,94616,0.472606562674422,0.9171293440263212,1.3897359067007433,0.000735617,5.16649e-05,3.36846e-05,31.3335,42.868,44.7257,34.4493375,4.9841e-05,2.98223e-05,2.21493e-05,43.0241,45.2546,46.5464,43.743199999999995,0.0,6.265886224806309
RWT438,13,RWT438/model_P13.h5,68082,32768,1440,416,1536,4184,11176,4,0,18752,29864,48616,0.27543256661085164,0.438647513292794,0.7140800799036456,0.000264422,3.01432e-05,1.60336e-05,35.777,45.2081,47.9497,38.477475,3.58564e-05,1.94799e-05,1.30146e-05,44.4543,47.1041,48.8557,45.33570000000001,0.0,6.47604875266552
RWT438,14,RWT438/model_P14.h5,68082,32768,1296,656,1848,8272,27080,4,0,39152,75160,114312,0.5750712376252166,1.1039628683058664,1.6790341059310832,0.000768108,8.34328e-05,3.67264e-05,31.1458,40.7866,44.3502,34.00145,5.41875e-05,3.80232e-05,2.18063e-05,42.661,44.1995,46.6142,43.3474625,0.0,6.009541153907776
RWT438,15,RWT438/model_P15.h5,68082,32768,1632,976,2760,9624,32384,4,0,47376,93040,140416,0.6958667489204194,1.3665873505478687,2.062454099468288,0.00102886,9.21644e-05,4.40722e-05,29.8764,40.3544,43.5584,32.8964,6.17908e-05,4.99113e-05,3.01478e-05,42.0908,43.018,45.2074,42.596275000000006,0.0,6.010209076106548
RWT438,16,RWT438/model_P16.h5,68081,32768,1152,816,2704,8424,27136,4,0,40232,76824,117056,0.5909431412582071,1.1284205578648963,1.7193636991231034,0.00101129,4.89704e-05,3.84395e-05,29.9512,43.1007,44.1522,33.3700125,6.07886e-05,3.11595e-05,2.68407e-05,42.1618,45.0641,45.7121,42.968375,0.0,5.947427339851856
RWT438,17,RWT438/model_P17.h5,68082,32768,1504,872,2656,7952,24200,4,0,37184,70560,107744,0.5461649187744191,1.0363972856261567,1.5825622044005758,0.000801914,3.78743e-05,2.93822e-05,30.9587,44.2166,45.3192,34.411,5.72865e-05,2.33007e-05,2.19059e-05,42.4195,46.3263,46.5944,43.4297125,0.0,5.943824782967567
RWT438,18,RWT438/model_P18.h5,68082,32768,1168,832,2376,7592,24952,4,0,36920,69128,106048,0.5422872418554097,1.01536382597456,1.5576510678299698,0.000741355,6.17932e-05,3.18763e-05,31.2997,42.0906,44.9653,34.3567625,5.69136e-05,3.67417e-05,2.27624e-05,42.4478,44.3484,46.4278,43.182875,0.0,5.943164587020874
RWT438,19,RWT438/model_P19.h5,68082,32768,1328,824,2440,7648,24928,4,0,37168,67480,104648,0.5459299080520549,0.9911577215710466,1.5370876296231015,0.000635293,5.38321e-05,2.96832e-05,31.9703,42.6896,45.2749,34.9732875,5.77853e-05,3.05177e-05,2.08708e-05,42.3818,45.1545,46.8046,43.281237499999996,0.0,5.913479320704937
RWT438,2,RWT438/model_P2.h5,68082,32768,1424,480,1128,3192,9760,4,0,15984,27424,43408,0.23477571164184366,0.4028083781322523,0.637584089774096,0.000211327,2.22273e-05,1.82911e-05,36.7504,46.5311,47.3776,39.301387500000004,3.51528e-05,1.4927e-05,1.35206e-05,44.5404,48.2603,48.69,45.5240875,0.0,6.191299080848694
RWT438,20,RWT438/model_P20.h5,68082,32768,1480,624,1560,4960,15968,4,0,24592,39096,63688,0.36121148027378747,0.574248700096942,0.9354601803707294,0.000424717,2.66499e-05,1.96009e-05,33.719,45.743,47.0772,36.891775,3.94654e-05,1.92626e-05,1.55909e-05,44.0378,47.1529,48.0713,44.931374999999996,0.0,6.227060176432133
RWT438,21,RWT438/model_P21.h5,68082,32768,1184,560,1960,6944,24616,4,0,35264,72608,107872,0.5179636320907142,1.0664786580887753,1.5844422901794895,0.00093511,4.41735e-05,3.21212e-05,30.2914,43.5484,44.9321,33.7786125,5.69515e-05,2.54603e-05,2.161e-05,42.445,45.9414,46.6535,43.4081125,0.0,6.151706114411354
RWT438,22,RWT438/model_P22.h5,68082,32768,1488,656,1728,4768,14720,4,0,23360,37136,60496,0.3431156546517435,0.5454598866073265,0.8885755412590699,0.000346783,3.10326e-05,1.97458e-05,34.5994,45.0818,47.0453,37.4654375,4.2175e-05,2.22639e-05,1.57722e-05,43.7494,46.524,48.0211,44.6301875,0.0,6.189958825707436
RWT438,23,RWT438/model_P23.h5,68082,32768,1368,600,2696,7112,22520,4,0,34296,59104,93400,0.5037454833876795,0.8681296084133838,1.3718750918010634,0.00069061,5.4433e-05,2.78013e-05,31.6077,42.6414,45.5594,34.730875000000005,5.43835e-05,3.06398e-05,1.9249e-05,42.6453,45.1371,47.1559,43.5206,0.0,6.107875056564808
RWT438,24,RWT438/model_P24.h5,68081,32768,776,888,2168,4168,13776,4,0,21776,45024,66800,0.3198542912119387,0.661329886458777,0.9811841776707158,0.000302343,1.36937e-05,1.86991e-05,35.195,48.6348,47.2818,38.385825,5.84655e-05,1.45857e-05,1.667e-05,42.331,48.3607,47.7807,43.765925,0.0,5.969201095402241
RWT438,25,RWT438/model_P25.h5,68082,32768,968,784,2224,7560,25256,4,0,36792,79488,116280,0.540407156076496,1.1675332687053848,1.7079404247818806,0.000994049,5.06579e-05,3.91792e-05,30.0259,42.9535,44.0694,33.3972875,6.89685e-05,2.8376e-05,2.68349e-05,41.6135,45.4705,45.713,42.6080625,0.0,6.335820324718952
RWT438,26,RWT438/model_P26.h5,68082,32768,1344,576,1840,5408,19128,4,0,28296,54800,83096,0.4156164625011016,0.804911724097412,1.2205281865985136,0.000557174,4.72771e-05,2.91922e-05,32.5401,43.2535,45.3473,35.480175,5.0463e-05,2.40899e-05,1.78924e-05,42.9703,46.1816,47.4733,43.9345875,0.0,6.205317877233028
RWT438,27,RWT438/model_P27.h5,68082,32768,1128,440,1496,5744,20288,4,0,29096,60880,89976,0.427366998619312,0.8942157985958109,1.3215827972151228,0.000827144,4.3339e-05,3.56455e-05,30.8242,43.6312,44.48,34.13205,4.88385e-05,2.63783e-05,2.4025e-05,43.1124,45.7875,46.1934,43.8319125,0.0,6.064956106245518
RWT438,28,RWT438/model_P28.h5,68082,32768,1320,1128,3256,8080,27024,4,0,40808,79144,119952,0.5993948473899121,1.1624805381745542,1.7618753855644664,0.000802456,6.40832e-05,3.71967e-05,30.9558,41.9326,44.295,33.9953,5.48897e-05,3.41641e-05,2.4234e-05,42.6051,44.6643,46.1557,43.306325,0.0,6.0351894199848175
RWT438,29,RWT438/model_P29.h5,68082,32768,1784,864,2544,9928,33496,4,0,48616,93008,141624,0.7140800799036456,1.3661173291031403,2.080197409006786,0.00119802,6.9616e-05,3.96542e-05,29.2153,41.5729,44.0171,32.610225,6.20062e-05,4.15165e-05,2.62855e-05,42.0757,43.8178,45.8028,42.75935,0.0,6.03116574883461
RWT438,3,RWT438/model_P3.h5,68082,32768,1304,832,2088,6736,20408,4,0,31368,51648,83016,0.4607385211950295,0.758614611791663,1.2193531329866925,0.000470417,3.48386e-05,2.18461e-05,33.2752,44.5794,46.6063,36.354612499999995,5.28843e-05,2.43842e-05,1.59639e-05,42.7667,46.1289,47.9686,43.83721249999999,0.0,5.881763815879822
RWT438,30,RWT438/model_P30.h5,68082,32768,1544,720,1512,6416,21464,4,0,31656,60216,91872,0.4649687141975853,0.8844628536176963,1.3494315678152815,0.000770996,5.18928e-05,2.67987e-05,31.1295,42.8489,45.7189,34.4181,4.7592e-05,3.2075e-05,1.88074e-05,43.2247,44.9383,47.2567,43.94290000000001,0.0,6.203129194676876
RWT438,31,RWT438/model_P31.h5,68082,32768,1384,608,1936,7280,25032,4,0,36240,70608,106848,0.5322992861549308,1.0371023177932492,1.5694016039481802,0.000896475,5.79291e-05,4.0166e-05,30.4746,42.371,43.9614,33.6475,5.07779e-05,3.35295e-05,2.72339e-05,42.9433,44.7457,45.6489,43.5068,0.0,6.316685646772385
RWT438,32,RWT438/model_P32.h5,68081,32768,1424,816,2232,6864,23200,4,0,34536,68456,102992,0.5072780952101174,1.0055081447099778,1.512786239920095,0.00102098,3.3788e-05,2.3494e-05,29.9098,44.7124,46.2904,33.8077,5.61327e-05,1.99931e-05,1.79451e-05,42.5078,46.9912,47.4605,43.687312500000004,0.0,6.194291725754738
RWT438,33,RWT438/model_P33.h5,68082,32768,1264,688,2392,7192,23776,4,0,35312,70448,105760,0.5186686642578068,1.0347522105696072,1.553420874827414,0.00106838,4.12577e-05,3.29184e-05,29.7127,43.845,44.8256,33.36835,5.28581e-05,2.30004e-05,2.22726e-05,42.7689,46.3826,46.5223,43.689787499999994,0.0,6.264038287103176
RWT438,34,RWT438/model_P34.h5,68082,32768,1048,864,2144,5496,19896,4,0,29448,64104,93552,0.4325372345113246,0.9415704591521988,1.3741076936635235,0.00072962,2.40862e-05,2.65658e-05,31.369,46.1823,45.7568,35.0191375,6.50959e-05,1.73709e-05,2.13158e-05,41.8645,47.6018,46.713,43.18772500000001,0.0,6.767278365790844
RWT438,35,RWT438/model_P35.h5,68082,32768,768,976,2336,4928,15440,4,0,24448,52200,76648,0.35909638377250963,0.7667224817132282,1.1258188654857377,0.000466799,1.99947e-05,2.51071e-05,33.3087,46.9909,46.002,36.6056375,6.03726e-05,1.60591e-05,2.24948e-05,42.1916,47.9428,46.4792,43.44645,0.0,6.591533504426479
RWT438,36,RWT438/model_P36.h5,68082,32768,1448,336,1656,4872,17200,4,0,25512,46520,72032,0.37472459680972947,0.6832936752739344,1.0580182720836637,0.000587159,5.04609e-05,3.12171e-05,32.3124,42.9704,45.0561,35.2376125,4.31593e-05,2.44107e-05,1.77542e-05,43.6493,46.1242,47.507,44.440875,0.0,6.462716303765774
RWT438,37,RWT438/model_P37.h5,68082,32768,1408,240,1616,5600,16552,4,0,25416,42680,68096,0.3733145324755442,0.6268911019065245,1.0002056343820687,0.000542774,4.63104e-05,2.48447e-05,32.6538,43.3432,46.0477,35.6642125,4.27352e-05,2.21551e-05,1.59139e-05,43.6921,46.5453,47.9822,44.5850125,0.0,6.48575971275568
RWT438,38,RWT438/model_P38.h5,68082,32768,1840,808,2768,8816,31520,4,0,45752,88152,133904,0.6720131606004524,1.2947915748656031,1.9668047354660556,0.000988611,7.2766e-05,4.16648e-05,30.0497,41.3807,43.8023,33.18515,5.69534e-05,4.21735e-05,2.69449e-05,42.4448,43.7496,45.6952,43.0142,0.0,6.0934949442744255
RWT438,39,RWT438/model_P39.h5,68082,32768,1664,584,1848,7576,24848,4,0,36520,68352,104872,0.5364119737963045,1.003965805939896,1.5403777797362004,0.000615107,7.84068e-05,3.39117e-05,32.1105,41.0565,44.6965,34.802,5.02926e-05,3.39569e-05,2.02763e-05,42.985,44.6907,46.9301,43.69134999999999,0.0,6.080507092177868
RWT438,4,RWT438/model_P4.h5,68081,32768,1456,680,2896,8016,27176,4,0,40224,73512,113736,0.5908256341710609,1.079772623786372,1.670598257957433,0.000844589,4.74782e-05,3.57616e-05,30.7335,43.2351,44.4658,34.0127375,5.87822e-05,3.02323e-05,2.65468e-05,42.3075,45.1953,45.7599,43.100025,0.0,5.933473087847233
RWT438,40,RWT438/model_P40.h5,68081,32768,1360,672,2464,6704,22800,4,0,34000,64616,98616,0.4994051203713224,0.949104742879805,1.4485098632511273,0.000880693,3.47459e-05,2.85488e-05,30.5518,44.591,45.4441,34.168237500000004,5.34251e-05,2.08755e-05,1.93931e-05,42.7225,46.8036,47.1235,43.7827625,0.0,6.203482486307621
RWT438,41,RWT438/model_P41.h5,68082,32768,1424,616,1824,5688,17400,4,0,26952,43360,70312,0.39587556182250816,0.6368790576070034,1.0327546194295114,0.000493146,2.86067e-05,2.43728e-05,33.0702,45.4353,46.1309,36.248425,4.0611e-05,1.95638e-05,1.62608e-05,43.9136,47.0855,47.8886,44.806962500000004,0.0,6.214992083609104
RWT438,42,RWT438/model_P42.h5,68082,32768,1128,440,1184,3056,8352,4,0,14160,21080,35240,0.20798448929232397,0.30962662671484387,0.5176111160071678,0.000185072,1.54111e-05,1.24042e-05,37.3266,48.1217,49.0643,40.1432,3.08336e-05,1.04883e-05,1.04852e-05,45.1098,49.7929,49.7942,46.280737499999994,0.0,6.177211180329323
RWT438,43,RWT438/model_P43.h5,68082,32768,1208,992,2800,7392,23480,4,0,35872,61968,97840,0.526894039540554,0.9101965277165771,1.437090567257131,0.000616288,5.44154e-05,3.33441e-05,32.1022,42.6428,44.7698,35.003225,5.53226e-05,3.17466e-05,2.26697e-05,42.571,44.983,46.4455,43.3568125,0.0,5.82937079668045
RWT438,44,RWT438/model_P44.h5,68082,32768,1384,960,3184,8416,28192,4,0,42136,80168,122304,0.6189007373461414,1.1775212244058635,1.796421961752005,0.000954001,5.78139e-05,4.14964e-05,30.2045,42.3797,43.8199,33.428325,6.16237e-05,3.31867e-05,2.6832e-05,42.1025,44.7904,45.7135,42.8898625,0.0,5.910840041935444
RWT438,45,RWT438/model_P45.h5,68082,32768,1064,848,2680,8096,25648,4,0,38336,74144,112480,0.5630856907846421,1.0890396874357393,1.6521253782203813,0.000883799,4.93068e-05,3.99581e-05,30.5365,43.0709,43.984,33.784237499999996,6.05479e-05,3.18759e-05,2.68799e-05,42.179,44.9654,45.7057,42.9681375,0.0,5.883284687995911
RWT438,46,RWT438/model_P46.h5,68082,32768,1224,1000,2544,7176,24176,4,0,36120,64632,100752,0.5305367057371992,0.9493258129902177,1.479862518727417,0.000803904,5.6203e-05,3.35167e-05,30.948,42.5024,44.7474,34.117225,5.5556e-05,3.08435e-05,2.16034e-05,42.5527,45.1084,46.6548,43.384925,0.0,5.833932004868984
RWT438,47,RWT438/model_P47.h5,68082,32768,1032,1088,2512,8464,28288,4,0,41384,71872,113256,0.6078552333950237,1.0556681648600217,1.6635233982550455,0.000811562,7.24512e-05,4.58245e-05,30.9068,41.3995,43.389,33.7786625,5.64973e-05,3.84815e-05,2.75175e-05,42.4797,44.1475,45.6039,43.0787,0.0,5.860843442380428
RWT438,48,RWT438/model_P48.h5,68081,32768,952,672,2320,6664,24864,4,0,35472,74552,110024,0.521026424406222,1.0950485451153773,1.6160749695215992,0.000978528,5.53685e-05,4.08929e-05,30.0943,42.5674,43.8835,33.3770875,6.59517e-05,2.93091e-05,2.7716e-05,41.8077,45.33,45.5727,42.7186125,0.0,6.34163186699152
RWT438,49,RWT438/model_P49.h5,68082,32768,736,904,1976,3640,10232,4,0,17488,38960,56448,0.2568667195440792,0.5722511089568462,0.8291178285009253,0.000206268,1.6305e-05,2.27828e-05,36.8557,47.8768,46.4239,39.429362499999996,5.6558e-05,1.39311e-05,2.12264e-05,42.4751,48.5602,46.7312,43.76775,0.0,5.877756156027317
RWT438,5,RWT438/model_P5.h5,68082,32768,1264,816,2896,8312,26688,4,0,39976,75304,115280,0.5871742898269734,1.1060779648071444,1.6932522546341178,0.000922968,5.4097e-05,3.62819e-05,30.3481,42.6683,44.4031,33.644999999999996,6.05765e-05,3.02941e-05,2.54058e-05,42.177,45.1864,45.9507,43.0248875,0.0,5.88247275352478
RWT438,50,RWT438/model_P50.h5,68082,32768,1568,400,1760,5952,20000,4,0,29680,63208,92888,0.4359448899856056,0.9284098586998032,1.3643547486854088,0.00103718,3.61031e-05,2.55715e-05,29.8414,44.4246,45.9224,33.674425,4.51513e-05,2.51757e-05,1.88363e-05,43.4533,45.9902,47.25,44.245,0.0,6.119591481983662
RWT438,51,RWT438/model_P51.h5,68082,32768,1360,568,2448,7096,22920,4,0,34392,68576,102968,0.5051555477218648,1.007255956052995,1.5124115037748598,0.000958457,4.28541e-05,2.8304e-05,30.1843,43.6801,45.4815,33.783425,6.11255e-05,2.77309e-05,2.09009e-05,42.1378,45.5704,46.7983,43.1494375,0.0,5.976016230881214
RWT438,52,RWT438/model_P52.h5,68082,32768,1944,880,2160,9528,30520,4,0,45032,85760,130792,0.6614376780940631,1.2596574718721543,1.9210951499662172,0.000982567,5.7901e-05,3.15368e-05,30.0764,42.3731,45.0118,33.4804125,6.06352e-05,3.4804e-05,2.19004e-05,42.1728,44.5837,46.5955,43.02700000000001,0.0,6.08944720774889
RWT438,53,RWT438/model_P53.h5,68082,32768,1680,720,2208,7856,25648,4,0,38112,71840,109952,0.5597955406715431,1.0551981434152933,1.6149936840868364,0.000758208,6.38739e-05,2.88518e-05,31.2021,41.9468,45.3983,34.3197125,5.37688e-05,2.95458e-05,1.81327e-05,42.6947,45.295,47.4154,43.609824999999994,0.0,6.026917636394501
RWT438,54,RWT438/model_P54.h5,68082,32768,1288,368,1536,5536,19248,4,0,27976,56240,84216,0.41091624805381743,0.8260626891101907,1.236978937164008,0.000711423,3.21755e-05,2.26393e-05,31.4787,44.9247,46.4514,35.0310375,4.42673e-05,1.9436e-05,1.68528e-05,43.5392,47.1139,47.7333,44.5103,0.0,6.1774477288126945
RWT438,55,RWT438/model_P55.h5,68082,32768,1472,400,2088,7088,22968,4,0,34016,67104,101120,0.4996327957463059,0.9856349695954878,1.4852677653417936,0.000977138,3.65925e-05,2.56269e-05,30.1004,44.3661,45.913,33.8601875,5.14962e-05,2.091e-05,1.75196e-05,42.8822,46.7965,47.5648,43.95681249999999,0.0,6.034412860870361
RWT438,56,RWT438/model_P56.h5,68081,32768,1232,624,2744,7880,27656,4,0,40136,78736,118872,0.5895330562124528,1.1565047516928364,1.7460378079052894,0.000994551,5.99188e-05,4.18681e-05,30.0237,42.2244,43.7812,33.268475,6.199e-05,3.60428e-05,2.74802e-05,42.0768,44.4318,45.6098,42.8128,0.0,5.892552554607391
RWT438,57,RWT438/model_P57.h5,68082,32768,1432,688,2696,8392,29160,4,0,42368,82568,124936,0.6223083928204224,1.2127728327604947,1.835081225580917,0.00110669,5.30901e-05,3.54247e-05,29.5597,42.7499,44.5069,33.076875,6.35581e-05,3.2769e-05,2.52606e-05,41.9683,44.8454,45.9756,42.828849999999996,0.0,5.9370438531041145
RWT438,58,RWT438/model_P58.h5,68082,32768,1528,488,2216,8224,28184,4,0,40640,76112,116752,0.596927234805088,1.1179460062865367,1.7148732410916248,0.000992172,6.82055e-05,4.09539e-05,30.0341,41.6618,43.8771,33.2179375,5.92962e-05,3.65259e-05,2.52716e-05,42.2697,44.374,45.9737,42.995737500000004,0.0,5.894156329333782
RWT438,59,RWT438/model_P59.h5,68082,32768,1760,504,2168,7440,26056,4,0,37928,66904,104832,0.5570929173643547,0.9826973355659352,1.53979025293029,0.000763061,4.19325e-05,2.59856e-05,31.1744,43.7745,45.8527,34.584199999999996,5.33768e-05,2.54994e-05,1.77775e-05,42.7265,45.9347,47.5013,43.72437500000001,0.0,5.908286161720753
RWT438,6,RWT438/model_P6.h5,68082,32768,1528,528,1448,4168,12584,4,0,20256,31632,51888,0.29752357451308714,0.464616198114039,0.7621397726271261,0.000380417,1.87239e-05,1.46827e-05,34.1974,47.276,48.3319,37.5990375,3.28212e-05,1.43939e-05,1.1475e-05,44.8385,48.4182,49.4025,45.856462500000006,0.0,6.19179742783308
RWT438,60,RWT438/model_P60.h5,68082,32768,1392,688,2784,8144,27248,4,0,40256,74248,114504,0.591286977468347,1.0905672571311067,1.6818542345994536,0.000902156,4.96289e-05,4.12852e-05,30.4472,43.0427,43.8421,33.696,6.25894e-05,3.14132e-05,2.77473e-05,42.035,45.0289,45.5678,42.8508375,0.0,5.835199631750584
RWT438,61,RWT438/model_P61.h5,68082,32768,1488,464,1560,4872,14168,4,0,22552,40240,62792,0.33124761317235096,0.5910519667459828,0.9222995799183338,0.000460985,3.28737e-05,1.96635e-05,33.3631,44.8315,47.0634,36.5091875,3.97577e-05,2.07037e-05,1.41826e-05,44.0058,46.8395,48.4824,44.9195875,0.0,5.96958165615797
RWT438,62,RWT438/model_P62.h5,68082,32768,1408,904,2648,7808,27032,4,0,39800,68240,108040,0.584589171880967,1.0023207308833466,1.5869099027643137,0.000804452,5.07226e-05,3.17665e-05,30.945,42.948,44.9803,34.1997875,5.99785e-05,3.2348e-05,2.03633e-05,42.22,44.9015,46.9115,43.141625,0.0,5.809669800102711
RWT438,63,RWT438/model_P63.h5,68082,32768,1392,392,1152,3760,11872,4,0,18568,30664,49232,0.27272994330366324,0.45039804941100436,0.7231279927146677,0.000359353,2.44308e-05,1.32425e-05,34.4448,46.1206,48.7803,37.6962125,3.36817e-05,1.58787e-05,9.99156e-06,44.7261,47.9918,50.0037,45.7940125,0.0,6.051890581846237
RWT438,7,RWT438/model_P7.h5,68082,32768,1160,640,2624,9640,31040,4,0,45104,85032,130136,0.6624952263447019,1.2489644840045828,1.9114597103492847,0.000860922,6.79334e-05,3.96496e-05,30.6504,41.6792,44.0176,33.6999,6.54734e-05,3.77439e-05,2.54339e-05,41.8394,44.2315,45.9459,42.651725,0.0,5.934258818626404
RWT438,8,RWT438/model_P8.h5,68081,32768,1336,736,2192,5920,18072,4,0,28256,54384,82640,0.41503503180035545,0.7988131784198235,1.2138482102201789,0.000612739,4.01574e-05,2.68684e-05,32.1272,43.9623,45.7076,35.3041375,4.98148e-05,2.40387e-05,1.90096e-05,43.0264,46.1909,47.2103,43.944950000000006,0.0,6.2480326518416405
RWT438,9,RWT438/model_P9.h5,68082,32768,1152,792,2264,6840,22488,4,0,33536,65800,99336,0.4925824740753797,0.9664815957228049,1.4590640697981845,0.00112653,3.01399e-05,2.40128e-05,29.4826,45.2086,46.1956,33.537475,5.16816e-05,1.94638e-05,1.85742e-05,42.8666,47.1077,47.3109,43.952275,0.0,6.345506228506565
RWT449,0,RWT449/Lion_P0.h5,97325,32768,2160,1264,3976,14432,51384,4,0,73216,176328,249544,0.7522835859234523,1.811744156177755,2.5640277421012074,0.00447497,2.36267e-06,1.14174e-06,23.4921,56.266,59.4243,32.0803625,7.00295e-05,3.89588e-06,1.29789e-06,41.5472,54.0939,58.8676,45.280587499999996,0.0,8.556760355830193
RWT449,1,RWT449/Lion_P1.h5,97325,32768,2264,1256,4976,18792,71272,4,0,98560,247120,345680,1.0126894425892627,2.5391215001284357,3.5518109427176983,0.00590974,2.92122e-06,1.5589e-06,22.2843,55.3444,58.0718,30.89025,9.56702e-05,4.51531e-06,1.74051e-06,40.1922,53.4531,57.5932,44.0249375,0.0,8.225533224642277
RWT449,10,RWT449/Lion_P10.h5,97325,32768,2496,1328,4384,15312,51504,4,0,75024,170496,245520,0.7708605188800411,1.7518212175699974,2.5226817364500387,0.00237005,2.77859e-06,1.37548e-06,26.2524,55.5617,58.6154,33.9614375,0.00010346,3.52276e-06,1.53971e-06,39.8523,54.5312,58.1256,43.971325,0.0,8.063011169433594
RWT449,11,RWT449/Lion_P11.h5,97326,32768,2136,1232,4792,16800,57520,4,0,82480,184360,266840,0.8474611100836364,1.8942523066806403,2.7417134167642767,0.00255846,2.64125e-06,1.43881e-06,25.9202,55.7819,58.42,33.715387500000006,0.000100723,3.55767e-06,1.62734e-06,39.9687,54.4883,57.8852,44.0232125,0.0,8.11430198699236
RWT449,12,RWT449/Lion_P12.h5,97325,32768,2432,1512,5384,22392,84352,4,0,116072,293712,409784,1.1926226560493194,3.0178474184433597,4.2104700744926795,0.0082011,3.56044e-06,1.46596e-06,20.8613,54.485,58.3388,29.74895,9.63676e-05,5.74707e-06,1.68585e-06,40.1607,52.4055,57.7318,43.887687500000006,0.0,7.967997834086418
RWT449,13,RWT449/Lion_P13.h5,97326,32768,2416,1344,5216,20480,76696,4,0,106152,261912,368064,1.0906849146168547,2.6910794648911907,3.7817643795080453,0.0054386,4.03595e-06,1.70784e-06,22.6451,53.9405,57.6755,30.935825,9.34273e-05,5.41639e-06,1.85055e-06,40.2953,52.6629,57.327,43.970212499999995,0.0,7.9507075771689415
RWT449,14,RWT449/Lion_P14.h5,97325,32768,2136,1072,4344,18288,75712,4,0,101552,279280,380832,1.0434318006678653,2.8695607500642177,3.912992550732083,0.0063199,2.15731e-06,1.04977e-06,21.9929,56.6609,59.7891,31.050925,9.53492e-05,3.90618e-06,1.25847e-06,40.2068,54.0825,59.0016,44.2906125,0.0,7.9100316017866135
RWT449,15,RWT449/Lion_P15.h5,97326,32768,2096,1184,4912,19728,78992,4,0,106912,276600,383512,1.0984937221297495,2.8419949448246102,3.9404886669543595,0.00645932,3.21821e-06,1.33871e-06,21.8981,54.9239,58.7331,30.6307,9.41506e-05,4.73538e-06,1.49981e-06,40.2618,53.2465,58.2396,44.132112500000005,0.0,7.876491472125053
RWT449,16,RWT449/Lion_P16.h5,97325,32768,1848,856,2960,10752,36888,4,0,53304,117472,170776,0.5476907269458001,1.2070074492679168,1.7546981762137168,0.00181301,1.61279e-06,8.44132e-07,27.416,57.9242,60.7359,35.394512500000005,7.02487e-05,3.09925e-06,1.07852e-06,41.5336,55.0874,59.6717,45.4950875,0.0,8.402947403490543
RWT449,17,RWT449/Lion_P17.h5,97325,32768,1360,680,2216,7296,25080,4,0,36632,85096,121728,0.3763883894169021,0.874348831235551,1.2507372206524532,0.000643223,8.59802e-07,4.94217e-07,31.9164,60.656,63.0608,39.4019,5.57112e-05,1.19597e-06,5.55487e-07,42.5406,59.2228,62.5533,47.12746249999999,0.0,8.744333669543266
RWT449,18,RWT449/Lion_P18.h5,97325,32768,1656,800,2480,9272,30704,4,0,44912,98408,143320,0.46146416645260724,1.011127665039815,1.4725918314924222,0.00142305,1.24623e-06,6.65993e-07,28.4678,59.044,61.7653,36.4520125,5.77546e-05,2.24499e-06,8.66896e-07,42.3841,56.4879,60.6203,46.4266,0.0,8.805365681648254
RWT449,19,RWT449/Lion_P19.h5,97326,32768,2136,1008,3224,11816,40384,4,0,58568,121976,180544,0.6017713663358198,1.2532725068327066,1.8550438731685264,0.00181444,1.67144e-06,1.06362e-06,27.4126,57.7691,59.7321,35.2471,7.62952e-05,3.24459e-06,1.35505e-06,41.175,54.8884,58.6804,45.07735,0.0,8.60755006223917
RWT449,2,RWT449/Lion_P2.h5,97325,32768,1768,848,2192,7640,25472,4,0,37920,87360,125280,0.38962239917801184,0.8976110968404829,1.2872334960184948,0.00129611,1.13661e-06,7.02617e-07,28.8736,59.4439,61.5328,36.7772875,5.24744e-05,2.08052e-06,8.15541e-07,42.8005,56.8183,60.8855,46.81335,0.0,8.924285367131233
RWT449,20,RWT449/Lion_P20.h5,97325,32768,1640,640,2248,8216,28472,4,0,41216,96592,137808,0.4234883123555099,0.9924685332648343,1.4159568456203442,0.00119491,1.20452e-06,6.04069e-07,29.2267,59.1919,62.1891,37.092650000000006,5.14314e-05,1.70001e-06,6.88132e-07,42.8877,57.6955,61.6233,47.080625,0.0,8.563010603189468
RWT449,21,RWT449/Lion_P21.h5,97326,32768,2064,1072,3320,12480,44008,4,0,62944,157584,220528,0.6467336580153299,1.6191356883052832,2.265869346320613,0.0027329,2.33028e-06,1.25741e-06,25.6338,56.3259,59.0052,33.6417375,7.88892e-05,3.23222e-06,1.33919e-06,41.0298,54.905,58.7316,44.976925,0.0,8.177689731121063
RWT449,22,RWT449/Lion_P22.h5,97325,32768,2200,904,3272,11360,39400,4,0,57136,129320,186456,0.5870639609555612,1.3287438993064475,1.9158078602620088,0.00201285,1.47437e-06,8.44373e-07,26.9619,58.3139,60.7347,35.1025,6.58176e-05,2.14786e-06,9.57501e-07,41.8166,56.6799,60.1886,45.97101250000001,0.0,8.307646416127682
RWT449,23,RWT449/Lion_P23.h5,97326,32768,2096,1128,3456,12424,44800,4,0,63904,153280,217184,0.6565974148737234,1.5749131783901527,2.231510593263876,0.00270962,2.06165e-06,1.28494e-06,25.6709,56.8578,58.9112,33.7243,7.48209e-05,3.35246e-06,1.42085e-06,41.2598,54.7464,58.4745,45.0974625,0.0,8.222223922610283
RWT449,24,RWT449/Lion_P24.h5,97325,32768,2144,1040,4096,14656,49976,4,0,71912,159872,231784,0.7388851785255587,1.6426611867454406,2.3815463652709994,0.00167911,1.92362e-06,1.01816e-06,27.7492,57.1588,59.9218,35.446975,0.000106112,2.53191e-06,1.1592e-06,39.7423,55.9655,59.3584,44.222212500000005,0.0,7.87965565174818
RWT449,25,RWT449/Lion_P25.h5,97326,32768,2728,1256,4504,16008,54984,4,0,79480,182944,262424,0.8166368699011569,1.87970326531451,2.696340135215667,0.00290778,2.45967e-06,1.26736e-06,25.3644,56.0912,58.971,33.406075,0.000102765,3.61722e-06,1.44211e-06,39.8815,54.4163,58.41,44.014412500000006,0.0,7.9321348667144775
RWT449,26,RWT449/Lion_P26.h5,97325,32768,2384,1216,4752,19568,77688,4,0,105608,283952,389560,1.085106601592602,2.9175648600051374,4.00267146159774,0.00792274,2.70117e-06,1.31778e-06,21.0112,55.6845,58.8016,30.069162499999997,9.51922e-05,3.91043e-06,1.45546e-06,40.214,54.0778,58.37,44.216475,0.0,7.927365735173225
RWT449,27,RWT449/Lion_P27.h5,97326,32768,2272,1176,4344,17344,71312,4,0,96448,255456,351904,0.990978772373261,2.6247457000184946,3.6157244723917557,0.00534908,2.2983e-06,1.10175e-06,22.7172,56.3859,59.5792,31.5335375,9.5325e-05,3.97314e-06,1.28687e-06,40.2079,54.0087,58.9047,44.2701,0.0,7.940235286951065
RWT449,28,RWT449/Lion_P28.h5,97325,32768,2120,1216,4696,18904,76976,4,0,103912,277984,381896,1.0676804520935013,2.856244541484716,3.9239249935782174,0.0063587,2.94367e-06,1.32979e-06,21.9663,55.3111,58.7622,30.7338875,9.33232e-05,4.36772e-06,1.48102e-06,40.3001,53.5975,58.2944,44.2115625,0.0,7.938026167452335
RWT449,29,RWT449/Lion_P29.h5,97326,32768,2328,1096,4616,19312,79248,4,0,106600,286080,392680,1.0952880011507717,2.9393995438012452,4.034687544952017,0.00688558,3.01298e-06,1.14886e-06,21.6206,55.21,59.3973,30.5413625,9.36588e-05,4.65305e-06,1.32944e-06,40.2845,53.3226,58.7633,44.224112500000004,0.0,7.949734300374985
RWT449,3,RWT449/Lion_P3.h5,97326,32768,2504,1360,4464,15752,53104,4,0,77184,173568,250752,0.7930460514148326,1.783367239997534,2.5764132914123667,0.00272726,2.57231e-06,1.27716e-06,25.6427,55.8968,58.9375,33.5863125,9.99471e-05,3.67946e-06,1.43117e-06,40.0023,54.3422,58.4431,44.0998875,0.0,8.196188502013683
RWT449,30,RWT449/Lion_P30.h5,97325,32768,2072,1032,4408,18912,79608,4,0,106032,296320,402352,1.0894631389673775,3.044644233239147,4.1341073722065245,0.0078797,2.53231e-06,1.27209e-06,21.0349,55.9648,58.9548,30.141125,9.37278e-05,4.52268e-06,1.44778e-06,40.2813,53.446,58.393,44.19085,0.0,7.946091942489147
RWT449,31,RWT449/Lion_P31.h5,97326,32768,1840,944,4056,18048,78320,4,0,103208,286896,390104,1.060436060251115,2.9477837371308797,4.008219797381995,0.00709323,1.97242e-06,1.00158e-06,21.4916,57.05,59.9932,30.7491,9.41504e-05,3.85494e-06,1.24205e-06,40.2618,54.1398,59.0586,44.34615,0.0,7.932329826056957
RWT449,4,RWT449/Lion_P4.h5,97325,32768,1992,976,3152,11808,42368,4,0,60296,143800,204096,0.6195324942203956,1.4775237605959415,2.097056254816337,0.00277849,1.91211e-06,8.93701e-07,25.5619,57.1849,60.4881,33.88055,6.66896e-05,2.71442e-06,1.02457e-06,41.7594,55.6632,59.8946,45.764275,0.0,8.416315644979477
RWT449,5,RWT449/Lion_P5.h5,97326,32768,1864,1040,3768,14328,51816,4,0,72816,176200,249016,0.7481659577091425,1.810410373384296,2.5585763310934384,0.00410609,2.43156e-06,9.78489e-07,23.8657,56.1412,60.0944,32.428725,6.93687e-05,3.2755e-06,1.1412e-06,41.5884,54.8472,59.4264,45.4755,0.0,8.359776481986046
RWT449,6,RWT449/Lion_P6.h5,97325,32768,1896,904,3224,11960,39200,4,0,57184,126520,183704,0.5875571538659132,1.2999743128692525,1.8875314667351657,0.00169268,2.04274e-06,9.13432e-07,27.7143,56.8979,60.3932,35.447112499999996,6.826e-05,2.53993e-06,9.94672e-07,41.6583,55.9518,60.0232,45.7406,0.0,8.468825943768024
RWT449,7,RWT449/Lion_P7.h5,97326,32768,1920,768,3128,11928,42432,4,0,60176,142672,202848,0.6182931590736288,1.4659186651049052,2.084211824178534,0.00293233,2.01103e-06,8.35943e-07,25.3279,56.9658,60.7782,33.713925,6.19741e-05,2.98489e-06,9.97474e-07,42.0779,55.2507,60.011,45.9661375,0.0,8.35787083208561
RWT449,8,RWT449/Lion_P8.h5,97325,32768,2928,1360,5008,17696,63928,4,0,90920,209560,300480,0.9341895710249165,2.153198047778063,3.0873876188029796,0.00424181,2.92795e-06,1.38728e-06,23.7245,55.3344,58.5784,32.032475,9.98214e-05,4.34531e-06,1.56676e-06,40.0078,53.6198,58.05,43.964575,0.0,8.179884485900402
RWT449,9,RWT449/Lion_P9.h5,97325,32768,2144,648,2888,10392,38400,4,0,54472,134440,188912,0.55969175443103,1.3813511430773182,1.9410428975083482,0.00245215,1.46846e-06,8.88929e-07,26.1045,58.3314,60.5113,34.4337125,0.000108065,2.68947e-06,1.17138e-06,39.6631,55.7033,59.313,44.1243625,0.0,8.246498011052608
RWT45,0,RWT45/eros_P0.h5,96327,32768,2088,640,2008,5664,12288,4,0,22688,27224,49912,0.23553105567494056,0.28262065672137615,0.5181517123963167,0.000124631,7.25183e-06,6.93575e-06,39.0437,51.3955,51.5891,42.15585,6.56424e-05,7.38488e-06,6.92556e-06,41.8282,51.3166,51.5955,44.2351625,0.0,8.024204976856709
RWT45,1,RWT45/eros_P1.h5,96328,32768,1960,568,1736,4128,7776,4,0,16168,13128,29296,0.16784320239182793,0.1362843617639731,0.304127564155801,7.41063e-05,6.74403e-06,5.91024e-06,41.3014,51.7108,52.2839,43.975387500000004,4.64838e-05,6.93364e-06,6.02692e-06,43.327,51.5904,52.199,45.468925,0.0,7.922725237905979
RWT45,10,RWT45/eros_P10.h5,96328,32768,2048,688,1952,4552,9072,4,0,18312,16776,35088,0.19010048999252555,0.1741549705173989,0.3642554605099244,8.45254e-05,9.12328e-06,7.80022e-06,40.7301,50.3985,51.0789,43.23225,4.62277e-05,8.76223e-06,7.4691e-06,43.351,50.5739,51.2673,45.243399999999994,0.0,8.017791390419006
RWT45,11,RWT45/eros_P11.h5,96328,32768,1984,568,2064,4856,9712,4,0,19184,15960,35144,0.1991528942778839,0.16568391329623786,0.36483680757412174,8.45431e-05,7.80415e-06,7.2794e-06,40.7292,51.0767,51.379,43.353862500000005,5.12707e-05,7.68085e-06,7.36658e-06,42.9013,51.1459,51.3273,44.985125,0.0,7.898724347352982
RWT45,12,RWT45/eros_P12.h5,96328,32768,2072,688,2128,6408,13784,4,0,25080,24728,49808,0.26036043517980234,0.25670625363341915,0.5170666888132215,0.000124963,7.13254e-06,7.06431e-06,39.0322,51.4676,51.5093,42.1462625,6.9783e-05,7.20257e-06,7.13584e-06,41.5625,51.4251,51.4655,44.0332,0.0,7.613639324903488
RWT45,13,RWT45/eros_P13.h5,96328,32768,2104,848,2872,7560,15792,4,0,29176,25568,54744,0.3028818204468067,0.26542645959637906,0.5683082800431858,0.000130276,8.6417e-06,7.71495e-06,38.8514,50.634,51.1267,41.8586375,7.49055e-05,8.70257e-06,7.4255e-06,41.2549,50.6035,51.2927,43.678200000000004,0.0,7.63538321852684
RWT45,14,RWT45/eros_P14.h5,96328,32768,1856,800,2768,7296,14768,4,0,27488,27504,54992,0.2853583589402873,0.2855244581014866,0.5708828170417739,0.000135591,8.86719e-06,7.83536e-06,38.6777,50.5221,51.0594,41.7059625,7.19044e-05,8.66975e-06,7.62593e-06,41.4324,50.6199,51.1771,43.798925,0.0,7.936158873140812
RWT45,15,RWT45/eros_P15.h5,96328,32768,1712,440,1416,3960,8456,4,0,15984,16032,32016,0.1659330620380367,0.1664313595216344,0.3323644215596711,8.51475e-05,6.63257e-06,6.597e-06,40.6983,51.7832,51.8065,43.4724375,5.1421e-05,6.44021e-06,6.38017e-06,42.8886,51.911,51.9517,45.1492875,0.0,7.961416698992252
RWT45,2,RWT45/eros_P2.h5,96328,32768,1848,352,1280,3320,7560,4,0,14360,17584,31944,0.14907399717631425,0.1825429781579603,0.3316169753342746,8.51941e-05,7.34962e-06,6.84315e-06,40.6959,51.3374,51.6474,43.395025000000004,4.95837e-05,7.20204e-06,6.61029e-06,43.0466,51.4254,51.7978,45.18785,0.0,8.123349636793137
RWT45,3,RWT45/eros_P3.h5,96328,32768,1776,344,1240,2808,5760,4,0,11928,12224,24152,0.12382692467403039,0.12689975915621626,0.25072668383024665,6.80713e-05,7.06195e-06,5.95582e-06,41.6704,51.5108,52.2506,44.222975000000005,4.15383e-05,7.2032e-06,6.14922e-06,43.8155,51.4247,52.1118,45.80368750000001,0.0,7.91681632399559
RWT45,4,RWT45/eros_P4.h5,96328,32768,1872,488,1872,5088,11664,4,0,20984,26080,47064,0.21783904991279793,0.2707416327547546,0.4885806826675525,0.000114389,8.48574e-06,8.05688e-06,39.4162,50.7131,50.9383,42.268575,5.75759e-05,8.12801e-06,7.53932e-06,42.3976,50.9002,51.2267,44.5640625,0.0,8.227148249745369
RWT45,5,RWT45/eros_P5.h5,96328,32768,1800,600,1720,4088,8104,4,0,16312,13240,29552,0.16933809484262105,0.13744705589236775,0.3067851507349888,7.17688e-05,7.54327e-06,6.03336e-06,41.4406,51.2244,52.1944,44.0078,4.14975e-05,7.61484e-06,6.01873e-06,43.8198,51.1834,52.205,45.7884,0.0,7.893899202346802
RWT45,6,RWT45/eros_P6.h5,96328,32768,2096,664,2048,4296,9088,4,0,18192,16560,34752,0.18885474628353127,0.1719126318412092,0.36076737812474047,8.29585e-05,7.90201e-06,7.42723e-06,40.8114,51.0226,51.2917,43.3978375,5.08793e-05,7.61008e-06,7.00857e-06,42.9346,51.1861,51.5437,45.04217500000001,0.0,8.117165870964527
RWT45,7,RWT45/eros_P7.h5,96328,32768,1896,624,1920,4728,9232,4,0,18400,16048,34448,0.19101403537912134,0.16659745868283365,0.35761149406195497,9.02685e-05,8.0232e-06,7.03334e-06,40.4446,50.9565,51.5284,43.1440625,5.0531e-05,7.88827e-06,7.2112e-06,42.9644,51.0302,51.4199,45.02956249999999,0.0,7.926810272037983
RWT45,8,RWT45/eros_P8.h5,96327,32768,2000,400,1344,3032,4992,4,0,11768,9672,21440,0.12216720130389196,0.10040798530007163,0.22257518660396358,5.21303e-05,7.80133e-06,6.90942e-06,42.8291,51.0783,51.6056,44.9573125,3.35864e-05,7.88834e-06,6.90451e-06,44.7384,51.0301,51.6087,46.383649999999996,0.0,7.7574029713869095
RWT45,9,RWT45/eros_P9.h5,96328,32768,1752,440,1312,2912,4952,4,0,11368,7088,18456,0.11801345403205714,0.07358192841126153,0.19159538244331867,4.03807e-05,7.85449e-06,5.93007e-06,43.9383,51.0488,52.2694,45.8685,2.78497e-05,7.86739e-06,5.8191e-06,45.5518,51.0417,52.3514,47.0879875,0.0,7.725748732686043
RWT453,0,RWT453/masaryk_vsetin_P0.h5,62586,32768,1216,296,1480,8032,29128,4,0,40152,121432,161584,0.6415492282619116,1.9402422266960662,2.581791454957978,0.00114195,5.27644e-05,2.33758e-05,29.4235,42.7766,46.3123,33.2037375,8.82105e-05,3.92507e-05,1.92511e-05,40.5448,44.0615,47.1555,41.810725000000005,0.0,5.748003363609314
RWT453,1,RWT453/masaryk_vsetin_P1.h5,62587,32768,1272,344,1832,6184,23672,4,0,33304,89432,122736,0.5321232843881317,1.4289229392685383,1.96104622365667,0.000708481,3.48356e-05,1.72506e-05,31.4967,44.5798,47.632,35.149,8.90651e-05,2.82575e-05,1.50702e-05,40.5029,45.4887,48.2188,42.0906125,0.0,5.679608963429928
RWT453,10,RWT453/masaryk_vsetin_P10.h5,62586,32768,1040,376,800,2592,6208,4,0,11016,15560,26576,0.17601380500431407,0.2486179017671684,0.42463170677148243,0.000117865,1.1877e-05,6.36654e-06,39.2862,49.2529,51.961,42.1163875,4.93601e-05,9.54822e-06,6.23354e-06,43.0662,50.2008,52.0527,45.081337500000004,0.0,5.362628854811192
RWT453,11,RWT453/masaryk_vsetin_P11.h5,62587,32768,1560,344,1104,2960,6712,4,0,12680,13752,26432,0.2025979836068193,0.2197261412114337,0.422324124818253,0.000116577,1.13833e-05,7.90298e-06,39.3339,49.4373,51.0221,42.05785,4.82579e-05,9.06857e-06,6.96327e-06,43.1643,50.4246,51.5719,45.1227875,0.0,5.296837046742439
RWT453,12,RWT453/masaryk_vsetin_P12.h5,62586,32768,1240,280,1392,5272,22320,4,0,30504,91960,122464,0.4873933467548653,1.469338190649666,1.9567315374045313,0.000880403,2.52579e-05,1.16969e-05,30.5532,45.976,49.3193,34.8268125,7.29087e-05,1.98186e-05,1.01372e-05,41.3722,47.0293,49.9408,43.1504125,0.0,5.580868251621723
RWT453,13,RWT453/masaryk_vsetin_P13.h5,62587,32768,1328,312,1800,6672,27392,4,0,37504,111080,148584,0.5992298720181507,1.7748094652244075,2.3740393372425586,0.00121532,4.23862e-05,1.75316e-05,29.1531,43.7278,47.5618,33.276025,8.10114e-05,3.23927e-05,1.4928e-05,40.9145,44.8955,48.26,42.33031249999999,0.0,5.558479204773903
RWT453,14,RWT453/masaryk_vsetin_P14.h5,62587,32768,392,40,184,528,968,4,0,2112,4328,6440,0.033745026922523846,0.06915174077683864,0.10289676769936248,3.9978e-05,3.05487e-06,7.54513e-07,43.9818,55.1501,61.2233,47.533025,2.92719e-05,3.12482e-06,5.59405e-07,45.3355,55.0517,62.5227,48.698425,0.0,5.347783051431179
RWT453,15,RWT453/masaryk_vsetin_P15.h5,62587,32768,840,32,336,1440,2760,4,0,5408,8888,14296,0.08640772045312925,0.14201032163228786,0.2284180420854171,7.54668e-05,6.74086e-06,4.05462e-06,41.2224,51.7128,53.9205,44.120962500000005,3.95795e-05,6.02605e-06,3.58599e-06,44.0253,52.1997,54.4539,46.350674999999995,0.0,5.498272866010666
RWT453,16,RWT453/masaryk_vsetin_P16.h5,62586,32768,1736,552,1696,4840,10952,4,0,19776,20944,40720,0.3159812098552392,0.3346435305020292,0.6506247403572684,0.00015547,9.56691e-06,5.2951e-06,38.0835,50.1923,52.7613,41.431825,7.28548e-05,8.72336e-06,4.996e-06,41.3754,50.5932,53.0138,43.982425,0.0,5.145659938454628
RWT453,17,RWT453/masaryk_vsetin_P17.h5,62587,32768,1368,400,1704,4176,9096,4,0,16744,16240,32984,0.2675315960183425,0.25947880550274016,0.5270104015210827,0.000121605,9.20527e-06,6.62651e-06,39.1505,50.3596,51.7871,42.131212500000004,6.22785e-05,8.96117e-06,6.67336e-06,42.0566,50.4763,51.7566,44.3215625,0.0,5.104041196405888
RWT453,18,RWT453/masaryk_vsetin_P18.h5,62586,32768,1400,432,1528,3736,8048,4,0,15144,14832,29976,0.24197104783817466,0.23698590739142938,0.4789569552296041,0.000117569,7.98115e-06,3.87492e-06,39.2971,50.9793,54.1174,42.60991250000001,6.4516e-05,7.87631e-06,3.90897e-06,41.9033,51.0368,54.0794,44.567,0.0,5.0865218341350555
RWT453,19,RWT453/masaryk_vsetin_P19.h5,62587,32768,1432,496,1512,4040,7176,4,0,14656,13272,27928,0.2341700353108473,0.2120568169108601,0.4462268522217074,0.000105678,7.77427e-06,6.15196e-06,39.7602,51.0934,52.1099,42.72056249999999,5.79234e-05,7.67222e-06,6.45022e-06,42.3715,51.1508,51.9043,44.660512499999996,0.0,5.06950469315052
RWT453,2,RWT453/masaryk_vsetin_P2.h5,62586,32768,1456,368,1096,3512,8152,4,0,14584,19288,33872,0.233023359856837,0.3081839389000735,0.5412072987569105,0.000157547,9.66589e-06,8.90198e-06,38.0259,50.1476,50.5051,41.101012499999996,6.00545e-05,8.803e-06,8.16987e-06,42.2145,50.5537,50.8778,44.3398125,0.0,5.386915035545826
RWT453,20,RWT453/masaryk_vsetin_P20.h5,62586,32768,1440,304,1136,3008,6448,4,0,12336,13904,26240,0.19710478381746716,0.22215831016521267,0.41926309398267986,0.000109427,7.6809e-06,6.13804e-06,39.6088,51.1459,52.1197,42.6148,5.74881e-05,7.33179e-06,6.06123e-06,42.4042,51.3479,52.1744,44.7434375,0.0,5.144396781921387
RWT453,21,RWT453/masaryk_vsetin_P21.h5,62587,32768,1432,344,896,2176,5304,4,0,10152,15328,25480,0.16220620895713167,0.24490708933165034,0.407113298288782,0.000159078,1.08603e-05,9.46081e-06,37.9839,49.6416,50.2407,40.973212499999995,5.56474e-05,8.88424e-06,8.97007e-06,42.5456,50.5138,50.472,44.532424999999996,0.0,5.183105982840061
RWT453,22,RWT453/masaryk_vsetin_P22.h5,62587,32768,1568,328,1232,3248,7200,4,0,13576,14000,27576,0.2169140556345567,0.2236886254333967,0.4406026810679534,0.000116911,1.02028e-05,5.33019e-06,39.3214,49.9128,52.7326,42.321724999999994,5.76732e-05,8.9706e-06,5.28067e-06,42.3903,50.4718,52.7731,44.69833750000001,0.0,5.119402773678303
RWT453,23,RWT453/masaryk_vsetin_P23.h5,62587,32768,1416,424,984,2768,6328,4,0,11920,16352,28272,0.19045488679757777,0.26126831450620736,0.4517232013037851,0.000162706,1.12415e-05,1.2059e-05,37.886,49.4918,49.1869,40.7493375,6.07839e-05,9.7218e-06,1.13221e-05,42.1621,50.1225,49.4607,44.069475,0.0,5.152607046067715
RWT453,24,RWT453/masaryk_vsetin_P24.h5,62586,32768,1248,472,1736,4680,11336,4,0,19472,22592,42064,0.311123893522513,0.3609752979899658,0.6720991915124789,0.000157783,1.05781e-05,5.11343e-06,38.0194,49.7559,52.9129,41.34815,7.40397e-05,9.48492e-06,4.98935e-06,41.3054,50.2297,53.0196,43.885212499999994,0.0,5.29354964196682
RWT453,25,RWT453/masaryk_vsetin_P25.h5,62587,32768,1264,384,1192,3728,9008,4,0,15576,20312,35888,0.24886957355361336,0.32454023998593956,0.5734098135395529,0.00015543,1.02043e-05,7.58449e-06,38.0847,49.9122,51.2007,41.202637499999994,8.27124e-05,9.6858e-06,7.41881e-06,40.8243,50.1386,51.2967,43.2976375,0.0,5.2093400955200195
RWT453,26,RWT453/masaryk_vsetin_P26.h5,62586,32768,1336,512,1776,4528,10736,4,0,18888,21680,40568,0.30179273319911804,0.3464033489917873,0.6481960821909053,0.000161608,9.80178e-06,4.77254e-06,37.9154,50.087,53.2125,41.34898749999999,7.63116e-05,9.23381e-06,4.54051e-06,41.1741,50.3462,53.429,43.852475,0.0,5.361364923417568
RWT453,27,RWT453/masaryk_vsetin_P27.h5,62587,32768,1160,384,1280,4576,11168,4,0,18568,28640,47208,0.2966750283605222,0.45760301660089153,0.7542780449614137,0.000211215,1.03221e-05,1.16229e-05,36.7527,49.8623,49.3469,39.965675,9.49504e-05,9.79534e-06,1.16339e-05,40.225,50.0898,49.3427,42.597812499999996,0.0,5.247642643749714
RWT453,28,RWT453/masaryk_vsetin_P28.h5,62586,32768,1384,568,2016,5512,13608,4,0,23088,31984,55072,0.3689003930591506,0.5110408078484006,0.8799412009075512,0.000222116,1.53487e-05,8.11892e-06,36.5342,48.1393,50.905,39.7811875,8.16761e-05,1.12364e-05,7.57264e-06,40.8791,49.4937,51.2075,43.246975,0.0,5.246558718383312
RWT453,29,RWT453/masaryk_vsetin_P29.h5,62587,32768,1232,376,1464,5112,14360,4,0,22544,38584,61128,0.3602025979836068,0.6164858516944414,0.9766884496780481,0.000262208,1.09674e-05,1.24602e-05,35.8135,49.599,49.0448,39.190599999999996,9.76249e-05,1.03576e-05,1.19118e-05,40.1044,49.8474,49.2402,42.46425,0.0,5.23320546746254
RWT453,3,RWT453/masaryk_vsetin_P3.h5,62587,32768,1288,384,968,3064,7176,4,0,12880,16296,29176,0.20579353539872497,0.26037356000447376,0.46616709540319873,0.000120304,1.06807e-05,5.77724e-06,39.1972,49.714,52.3828,42.16,5.07255e-05,9.13803e-06,5.53454e-06,42.9477,50.3915,52.5692,45.0808625,0.0,5.322427153587341
RWT453,30,RWT453/masaryk_vsetin_P30.h5,62587,32768,1272,488,1728,5200,12408,4,0,21096,28880,49976,0.3370668030102098,0.46143767875117836,0.7985044817613881,0.000197318,9.91795e-06,6.45404e-06,37.0483,50.0358,51.9017,40.5284125,7.79444e-05,8.83645e-06,6.33651e-06,41.0821,50.5372,51.9815,43.626412499999994,0.0,5.3100482895970345
RWT453,31,RWT453/masaryk_vsetin_P31.h5,62587,32768,1208,440,1728,5248,14896,4,0,23520,38432,61952,0.37579689072810646,0.614057232332593,0.9898541230606995,0.000251481,1.4038e-05,1.36203e-05,35.995,48.527,48.6581,39.14438749999999,0.00010329,1.24629e-05,1.28699e-05,39.8594,49.0438,48.9042,42.13805,0.0,5.258129872381687
RWT453,4,RWT453/masaryk_vsetin_P4.h5,62586,32768,1288,296,1760,6856,31144,4,0,41344,133664,175008,0.660595021250759,2.135685297031285,2.7962803182820437,0.00152028,5.53417e-05,2.55267e-05,28.1808,42.5695,45.93,32.1980375,8.54115e-05,4.29725e-05,2.10351e-05,40.6848,43.6681,46.7706,41.8184375,0.0,5.60791390389204
RWT453,5,RWT453/masaryk_vsetin_P5.h5,62587,32768,1248,360,1232,6008,22072,4,0,30920,91800,122720,0.49403230702861617,1.4667582724847013,1.9607905795133174,0.000864234,2.79248e-05,1.2838e-05,30.6337,45.5401,48.915,34.7821625,7.69567e-05,2.11326e-05,1.10963e-05,41.1375,46.7505,49.5482,42.890462500000005,0.0,5.641094408929348
RWT453,6,RWT453/masaryk_vsetin_P6.h5,62586,32768,768,16,208,776,1816,4,0,3584,6808,10392,0.05726520308056115,0.10877832103026236,0.16604352411082351,6.15083e-05,5.49619e-06,3.30958e-06,42.1107,52.5994,54.8023,45.0082375,3.66792e-05,5.31418e-06,3.34207e-06,44.3558,52.7456,54.7598,46.705025000000006,0.0,5.448361746966839
RWT453,7,RWT453/masaryk_vsetin_P7.h5,62587,32768,1040,104,448,1224,3304,4,0,6120,9496,15616,0.09778388483231341,0.1517247990796811,0.24950868391199452,8.4798e-05,7.20184e-06,4.2967e-06,40.7161,51.4256,53.6687,43.6738625,3.99628e-05,6.4902e-06,4.25603e-06,43.9834,51.8774,53.71,46.185975,0.0,5.472131036221981
RWT453,8,RWT453/masaryk_vsetin_P8.h5,62586,32768,1216,296,1480,5736,21344,4,0,30072,80288,110360,0.48049084459783337,1.282842808295785,1.7633336528936183,0.000604464,3.11716e-05,1.48272e-05,32.1863,45.0624,48.2894,35.8087,8.51479e-05,2.50569e-05,1.30994e-05,40.6983,46.0107,48.8275,42.3785,0.0,5.608218602836132
RWT453,9,RWT453/masaryk_vsetin_P9.h5,62587,32768,1320,416,1472,7168,29616,4,0,39992,120208,160200,0.6389825363094572,1.9206544490069823,2.5596369853164394,0.00141825,4.3315e-05,1.86773e-05,28.4825,43.6336,47.2869,32.726937500000005,8.41553e-05,3.23091e-05,1.56267e-05,40.7492,44.9067,48.0613,42.182900000000004,0.0,5.650483161211014
RWT463,0,RWT463/pruchod_art_den_P0.h5,96955,32768,1624,664,3032,12520,50832,4,0,68672,223176,291848,0.7082873498014542,2.301851374348925,3.010138724150379,0.00283969,5.75915e-05,7.27344e-05,25.4673,42.3964,41.3826,29.572850000000003,9.19278e-05,4.1244e-05,4.26157e-05,40.3655,43.8464,43.7043,41.2179625,0.0,8.760543949902058
RWT463,1,RWT463/pruchod_art_den_P1.h5,96956,32768,1568,624,3064,12800,51128,4,0,69184,223456,292640,0.7135607904616527,2.304715541070176,3.018276331531829,0.00254663,4.9863e-05,0.000133326,25.9403,43.0222,38.7508,29.676849999999998,9.12122e-05,3.33576e-05,6.24591e-05,40.3995,44.7681,42.044,41.1511375,0.0,8.916241861879826
RWT463,10,RWT463/pruchod_art_den_P10.h5,96955,32768,1368,1024,3904,16392,54488,4,0,77176,224696,301872,0.7959981434686194,2.31752875045124,3.1135268939198597,0.00304386,0.00013057,5.80917e-05,25.1658,38.8416,42.3589,29.0244125,8.60196e-05,6.66965e-05,3.68122e-05,40.654,41.759,44.3401,41.25288750000001,0.0,8.837312534451485
RWT463,11,RWT463/pruchod_art_den_P11.h5,96956,32768,1624,744,3472,13960,52648,4,0,72448,233928,306376,0.7472255456083172,2.4127232971657246,3.1599488427740416,0.00324875,8.09222e-05,9.77823e-05,24.8828,40.9193,40.0974,28.789187499999997,9.1028e-05,5.01935e-05,5.60171e-05,40.4082,42.9935,42.5168,40.9949375,0.0,8.849044784903526
RWT463,12,RWT463/pruchod_art_den_P12.h5,96955,32768,1504,576,2192,11456,34616,4,0,50344,126816,177160,0.51925119900985,1.3079882419679232,1.8272394409777732,0.00108306,7.10731e-05,6.4245e-05,29.6535,41.4829,41.9216,32.6656875,9.42143e-05,3.36035e-05,3.34322e-05,40.2588,44.7362,44.7584,41.380925,0.0,8.278255105018616
RWT463,13,RWT463/pruchod_art_den_P13.h5,96956,32768,2080,984,3400,11736,36688,4,0,54888,148944,203832,0.5661124633854532,1.53620198853088,2.102314451916333,0.00126651,5.32487e-05,8.98674e-05,28.9739,42.7369,40.464,32.1305375,9.40742e-05,3.46909e-05,5.3844e-05,40.2653,44.5978,42.6886,41.109775000000006,0.0,8.446955606341362
RWT463,14,RWT463/pruchod_art_den_P14.h5,96955,32768,1960,848,2568,9240,32664,4,0,47280,132584,179864,0.48764890928781396,1.3674797586509206,1.8551286679387344,0.00101208,6.46835e-05,3.66104e-05,29.9479,41.8921,44.364,33.2429375,9.48254e-05,3.19903e-05,2.33416e-05,40.2308,44.9498,46.3187,41.5816625,0.0,8.030599646270275
RWT463,15,RWT463/pruchod_art_den_P15.h5,96956,32768,2136,920,3760,12376,42008,4,0,61200,160488,221688,0.6312141589999587,1.6552663063657742,2.286480465365733,0.00122563,7.91034e-05,0.00012472,29.1164,41.018,39.0406,31.844625,9.56778e-05,4.27092e-05,6.90399e-05,40.1919,43.6948,41.609,40.80689999999999,0.0,8.841279029846191
RWT463,2,RWT463/pruchod_art_den_P2.h5,96955,32768,1640,752,3624,14528,56056,4,0,76600,239224,315824,0.7900572430508999,2.467371460987056,3.257428704037956,0.00295874,8.52951e-05,8.79801e-05,25.2889,40.6908,40.5562,29.12255,9.12287e-05,4.86648e-05,5.66101e-05,40.3987,43.1279,42.4711,40.9989,0.0,9.111921437084675
RWT463,3,RWT463/pruchod_art_den_P3.h5,96956,32768,1456,816,2992,14568,53856,4,0,73688,233216,306904,0.7600148520978588,2.4053797598910847,3.1653946119889436,0.00304769,7.35701e-05,5.25512e-05,25.1603,41.333,42.7942,29.386124999999996,9.00467e-05,4.0925e-05,3.50288e-05,40.4553,43.8801,44.5557,41.39595,0.0,8.38632720708847
RWT463,4,RWT463/pruchod_art_den_P4.h5,96955,32768,1560,776,3408,13448,48232,4,0,67424,192448,259872,0.6954153988963953,1.9849208395647466,2.6803362384611416,0.00309081,0.000284303,9.83229e-05,25.0993,35.4622,40.0735,28.2664375,9.68984e-05,0.000135454,6.30998e-05,40.1368,38.6821,41.9997,40.187825000000004,0.0,8.492088221013546
RWT463,5,RWT463/pruchod_art_den_P5.h5,96956,32768,1672,592,2304,10000,32192,4,0,46760,125672,172432,0.482280622137877,1.2961755848013532,1.7784562069392302,0.000817743,2.76166e-05,4.41638e-05,30.8738,45.5883,43.5493,34.29755,9.89673e-05,1.76674e-05,2.45678e-05,40.0451,47.5283,46.0963,41.7369,0.0,8.079437255859375
RWT463,6,RWT463/pruchod_art_den_P6.h5,96955,32768,1872,896,4200,14632,50400,4,0,72000,186536,258536,0.742612552214945,1.9239440977773195,2.6665566499922644,0.0016852,0.000133595,0.000117225,27.7335,38.7421,39.3098,30.5566125,9.19014e-05,5.81366e-05,6.54839e-05,40.3668,42.3555,41.8386,40.799362499999994,0.0,8.854693673551083
RWT463,7,RWT463/pruchod_art_den_P7.h5,96956,32768,1736,896,3328,12064,38600,4,0,56624,148200,204824,0.5840174924708115,1.528528404637155,2.1125458971079665,0.00108072,3.62991e-05,3.96792e-05,29.6629,44.401,44.0144,33.2991,9.75874e-05,2.21071e-05,2.52269e-05,40.1061,46.5547,45.9814,41.646587499999995,0.0,7.9714778289198875
RWT463,8,RWT463/pruchod_art_den_P8.h5,96955,32768,1568,704,2776,13712,53528,4,0,72288,228552,300840,0.7455830024238048,2.357299778247641,3.1028827806714454,0.00265192,6.37345e-05,0.000134097,25.7644,41.9563,38.7258,29.4085625,8.91874e-05,3.95522e-05,6.47517e-05,40.497,44.0283,41.8875,41.112225,0.0,8.815344959497452
RWT463,9,RWT463/pruchod_art_den_P9.h5,96956,32768,1648,680,3016,13768,57144,4,0,76256,263680,339936,0.7865010932794257,2.719584141259953,3.5060852345393787,0.00397789,6.96666e-05,0.000122215,24.0035,41.5698,39.1288,28.08995,8.95355e-05,4.73127e-05,5.68719e-05,40.48,43.2502,42.451,41.07265,0.0,8.772535808384418
RWT499,0,RWT499/mesh_P0.h5,99770,32768,2336,1096,3080,7696,20648,4,0,34856,58856,93712,0.34936353613310617,0.5899168086599178,0.9392803447930239,0.000557206,1.59065e-05,1.15351e-05,32.5398,47.9843,49.3798,36.5753625,5.38363e-05,1.24323e-05,8.8804e-06,42.6892,49.0545,50.5157,44.463175,0.0,9.028646424412727
RWT499,1,RWT499/mesh_P1.h5,99770,32768,2464,1016,2928,8280,21240,4,0,35928,60648,96576,0.36010824897263705,0.6078781196752531,0.9679863686478901,0.000579791,1.59607e-05,8.30678e-06,32.3673,47.9695,50.8057,36.622375,6.38663e-05,1.31161e-05,7.78413e-06,41.9473,48.8219,51.0879,43.9492,0.0,8.882478713989258
RWT499,10,RWT499/mesh_P10.h5,99770,32768,2176,1080,3352,8808,23552,4,0,38968,66872,105840,0.39057833015936655,0.6702616016838729,1.0608399318432395,0.000873228,1.63505e-05,8.73593e-06,30.5887,47.8647,50.5869,35.247975,5.15085e-05,1.25227e-05,7.86393e-06,42.8812,49.023,51.0436,44.669225,0.0,8.629367634654045
RWT499,11,RWT499/mesh_P11.h5,99771,32768,2112,1296,3384,9464,23176,4,0,39432,61336,100768,0.3952250653997655,0.6147678183039159,1.0099928837036813,0.000784315,1.41936e-05,6.36401e-06,31.0551,48.4791,51.9627,35.84655,4.39291e-05,1.16749e-05,5.68499e-06,43.5725,49.3274,52.4527,45.4018875,0.0,8.428983584046364
RWT499,12,RWT499/mesh_P12.h5,99770,32768,2080,856,3488,9832,25416,4,0,41672,66000,107672,0.41768066553072064,0.6615214994487321,1.0792021649794528,0.00046958,1.23819e-05,5.98056e-06,33.2829,49.0721,52.2326,37.6252625,6.72131e-05,1.12678e-05,5.85998e-06,41.7255,49.4816,52.321,44.01944999999999,0.0,8.753222212195396
RWT499,13,RWT499/mesh_P13.h5,99771,32768,2256,1000,3032,8848,22520,4,0,37656,61928,99584,0.3774243016507803,0.6207014062202444,0.9981257078710246,0.00058369,1.59152e-05,7.26555e-06,32.3382,47.9819,51.3873,36.6748,5.58743e-05,1.2459e-05,6.2432e-06,42.5279,49.0452,52.0459,44.5323125,0.0,8.922854900360107
RWT499,14,RWT499/mesh_P14.h5,99770,32768,2104,1176,2872,11584,26800,4,0,44536,73320,117856,0.44638668938558684,0.7348902475694097,1.1812769369549965,0.000575518,9.05335e-06,5.28029e-06,32.3994,50.4319,52.7734,37.2002125,5.15608e-05,7.98478e-06,4.86372e-06,42.8768,50.9774,53.1303,45.1710625,0.0,8.32710625231266
RWT499,15,RWT499/mesh_P15.h5,99771,32768,2224,1160,4048,14624,40208,4,0,62264,107904,170168,0.6240691182808632,1.0815166731815857,1.705585791462449,0.00103717,1.4824e-05,8.66676e-06,29.8415,48.2903,50.6214,34.745087500000004,6.65109e-05,1.1606e-05,7.4766e-06,41.7711,49.3532,51.263,43.90535,0.0,8.322234697639942
RWT499,2,RWT499/mesh_P2.h5,99770,32768,2408,1232,3968,11160,29928,4,0,48696,83560,132256,0.48808258995690085,0.8375263105141826,1.3256089004710836,0.00145761,2.21032e-05,9.61126e-06,28.3636,46.5554,50.1722,33.36365,5.48866e-05,1.60898e-05,8.49569e-06,42.6053,47.9345,50.708,44.284287500000005,0.0,8.412848398089409
RWT499,3,RWT499/mesh_P3.h5,99771,32768,2312,1272,3472,9712,25120,4,0,41888,65304,107192,0.4198414368904792,0.6545388940674144,1.0743803309578936,0.000958317,1.33529e-05,7.83812e-06,30.1849,48.7442,51.0579,35.1139375,4.82511e-05,1.15122e-05,7.1504e-06,43.1649,49.3884,51.4567,44.979312500000006,0.0,8.314769327640533
RWT499,4,RWT499/mesh_P4.h5,99770,32768,1920,880,2360,5904,16616,4,0,27680,51360,79040,0.27743810764758947,0.5147840032073769,0.7922221108549664,0.000437483,1.12592e-05,9.43536e-06,33.5904,49.4849,50.2524,37.659962500000006,6.44938e-05,9.0643e-06,8.69789e-06,41.9048,50.4267,50.6059,44.057675,0.0,8.745839819312096
RWT499,5,RWT499/mesh_P5.h5,99770,32768,1960,848,2656,6728,17928,4,0,30120,58112,88232,0.30189435702114864,0.5824596572115867,0.8843540142327353,0.000479923,2.72315e-05,1.90217e-05,33.1883,45.6493,47.2075,36.498324999999994,6.08017e-05,1.65318e-05,1.26593e-05,42.1608,47.8168,48.9759,43.719687500000006,0.0,8.726890660822392
RWT499,6,RWT499/mesh_P6.h5,99770,32768,2104,1136,3520,11296,29136,4,0,47192,82816,130008,0.47300791821188737,0.8300691590658514,1.3030770772777387,0.00149959,3.39928e-05,1.95887e-05,28.2403,44.6861,47.0799,32.650975,4.34776e-05,1.80186e-05,1.17766e-05,43.6173,47.4428,49.2898,44.80455,0.0,8.428750671446323
RWT499,7,RWT499/mesh_P7.h5,99771,32768,2208,1040,3464,10152,27224,4,0,44088,76128,120216,0.44189193252548337,0.7630273325916348,1.204919265117118,0.00149853,2.13531e-05,1.18727e-05,28.2433,46.7054,49.2545,33.1774625,4.85009e-05,1.54356e-05,9.47536e-06,43.1425,48.1148,50.234,44.650475,0.0,8.430346719920635
RWT499,8,RWT499/mesh_P8.h5,99770,32768,2128,1088,3312,8800,22408,4,0,37736,63808,101544,0.37822992883632356,0.6395509672246166,1.0177808960609402,0.0010367,1.64072e-05,1.33098e-05,29.8434,47.8496,48.7583,34.4585375,6.32197e-05,1.30417e-05,1.02858e-05,41.9915,48.8467,49.8776,43.834162500000005,0.0,8.658129580318928
RWT499,9,RWT499/mesh_P9.h5,99770,32768,2352,1304,3776,9208,23904,4,0,40544,69280,109824,0.4063746617219605,0.6943971133607296,1.1007717750826902,0.000811797,3.60643e-05,2.31329e-05,30.9055,44.4292,46.3577,34.5274875,6.44835e-05,1.83768e-05,1.28169e-05,41.9055,47.3573,48.9222,43.4640625,0.0,8.438806973397732
RWT529,0,RWT529/kleste_P0.h5,82926,32768,960,776,2808,9416,30432,4,0,44392,110736,155128,0.5353206473241203,1.3353592359453006,1.870679883269421,0.000687102,2.99727e-05,2.23026e-05,31.6298,45.2327,46.5164,35.1909875,9.66497e-05,2.14277e-05,1.78701e-05,40.148,46.6903,47.4787,41.882125,0.0,6.952436611056328
RWT529,1,RWT529/kleste_P1.h5,82927,32768,1208,856,3048,10864,35592,4,0,51568,141552,193120,0.6218481314891411,1.7069470739324948,2.328795205421636,0.00106279,3.77745e-05,2.50077e-05,29.7355,44.228,46.0193,33.5825375,9.14445e-05,2.66114e-05,2.12037e-05,40.3884,45.7493,46.7359,41.85195,0.0,7.311306647956371
RWT529,2,RWT529/kleste_P2.h5,82927,32768,1552,432,1776,6400,18008,4,0,28168,46632,74800,0.33967224185126677,0.562325901093733,0.9019981429449998,0.000203443,5.19859e-05,3.70166e-05,36.9156,42.8411,44.316,38.581337500000004,7.6457e-05,2.94083e-05,2.31224e-05,41.1658,45.3153,46.3597,42.333724999999994,0.0,6.9163287580013275
RWT529,3,RWT529/kleste_P3.h5,82927,32768,1416,416,2296,7096,22656,4,0,33880,60736,94616,0.40855210003979403,0.7324031979934159,1.1409552980332098,0.00024733,6.13347e-05,4.52347e-05,36.0672,42.1229,43.4453,37.746425,8.66171e-05,3.44334e-05,2.73885e-05,40.624,44.6302,45.6243,41.749812500000004,0.0,6.939393125474453
RWT529,4,RWT529/kleste_P4.h5,82927,32768,1336,288,1480,4392,13936,4,0,21432,33944,55376,0.2584441737914069,0.40932386315675234,0.6677680369481592,0.000140901,3.38692e-05,2.61536e-05,38.5109,44.702,45.8247,40.1990125,6.84059e-05,2.10601e-05,1.72374e-05,41.6491,46.7654,47.6353,43.0369125,0.0,6.889059767127037
RWT529,5,RWT529/kleste_P5.h5,82927,32768,1288,408,1616,6352,18976,4,0,28640,48840,77480,0.3453639948388342,0.588951728628794,0.9343157234676281,0.000189846,4.84387e-05,3.67706e-05,37.216,43.1481,44.345,38.848637499999995,7.16787e-05,2.76616e-05,2.25247e-05,41.4461,45.5812,46.4734,42.59140000000001,0.0,6.9049395471811295
RWT529,6,RWT529/kleste_P6.h5,82927,32768,1160,296,1392,5016,16504,4,0,24368,39072,63440,0.29384880678186837,0.4711613829030352,0.7650101896849036,0.00015379,4.01319e-05,3.29934e-05,38.1307,43.9651,44.8157,39.695625,7.52911e-05,2.50678e-05,2.20326e-05,41.2326,46.0088,46.5693,42.4967125,0.0,6.9726530984044075
RWT529,7,RWT529/kleste_P7.h5,82927,32768,1072,304,2144,7200,22880,4,0,33600,56584,90184,0.4051756364031015,0.6823350657807469,1.0875107021838484,0.000200223,5.98091e-05,4.61142e-05,36.9849,42.2323,43.3617,38.437925,8.2325e-05,3.38609e-05,2.78102e-05,40.8447,44.703,45.558,41.91615,0.0,6.911784537136555
RWT535,0,RWT535/dung_ballus-print_ready-mm_P0.h5,52061,32768,1624,640,2904,12032,42792,4,0,59992,129432,189424,1.1523405236165267,2.4861604656076524,3.6385009892241795,0.00242919,4.64156e-05,2.29039e-05,26.1454,43.3334,46.4009,30.825837500000002,9.42953e-05,2.67806e-05,1.7072e-05,40.2551,45.7218,47.6772,41.86619999999999,0.0,4.503315143287182
RWT535,1,RWT535/dung_ballus-print_ready-mm_P1.h5,52061,32768,1496,656,2824,11672,42376,4,0,59024,126640,185664,1.133746950692457,2.4325310693225255,3.5662780200149826,0.00226241,4.28073e-05,2.16721e-05,26.4543,43.6848,46.641,31.131449999999997,9.29952e-05,2.55241e-05,1.69998e-05,40.3154,45.9305,47.6955,41.9398,0.0,4.515193074941635
RWT535,10,RWT535/dung_ballus-print_ready-mm_P10.h5,52061,32768,1400,744,3160,12592,43712,4,0,61608,130664,192272,1.183381033787288,2.5098250129655595,3.693206046752848,0.0022538,5.99567e-05,3.1652e-05,26.4708,42.2216,44.996,30.755300000000002,9.24474e-05,3.01897e-05,2.28352e-05,40.3411,45.2014,46.414,41.70775,0.0,4.497172266244888
RWT535,11,RWT535/dung_ballus-print_ready-mm_P11.h5,52061,32768,1424,768,3152,12080,42872,4,0,60296,127568,187864,1.1581798275100363,2.4503563127869232,3.6085361402969593,0.00208315,5.3833e-05,3.19986e-05,26.8128,42.6895,44.9487,31.064375000000002,9.26129e-05,2.73018e-05,2.27595e-05,40.3333,45.6381,46.4284,41.7582875,0.0,4.5374827310442924
RWT535,12,RWT535/dung_ballus-print_ready-mm_P12.h5,52061,32768,1232,560,2600,11192,41864,4,0,57448,134168,191616,1.103474769981368,2.577130673632854,3.6806054436142217,0.00257576,4.6526e-05,2.47605e-05,25.8909,43.323,46.0624,30.59135,8.99977e-05,2.78926e-05,1.88849e-05,40.4577,45.5451,47.2389,41.941275000000005,0.0,4.508846201002598
RWT535,13,RWT535/dung_ballus-print_ready-mm_P13.h5,52061,32768,1216,640,2912,11432,39504,4,0,55704,119168,174872,1.0699756055396554,2.2890071262557385,3.3589827317953938,0.00179232,4.16469e-05,2.49544e-05,27.4658,43.8042,46.0285,31.828437500000003,9.22777e-05,2.41295e-05,1.8626e-05,40.349,46.1745,47.2988,41.945912500000006,0.0,4.490988723933697
RWT535,14,RWT535/dung_ballus-print_ready-mm_P14.h5,52061,32768,1232,640,2688,10696,35496,4,0,50752,102976,153728,0.9748564184322237,1.9779873609803884,2.9528437794126123,0.00107591,4.24886e-05,2.95911e-05,29.6823,43.7173,45.2884,33.387437500000004,9.55881e-05,2.51766e-05,2.24048e-05,40.196,45.99,46.4966,41.707825,0.0,4.4236239939928055
RWT535,15,RWT535/dung_ballus-print_ready-mm_P15.h5,52062,32768,1232,688,2832,10416,35688,4,0,50856,105664,156520,0.9768353117436902,2.02958011601552,3.0064154277592103,0.0011826,4.41888e-05,3.1648e-05,29.2716,43.5469,44.9965,33.021625,9.55091e-05,2.5419e-05,2.38558e-05,40.1996,45.9484,46.2241,41.6712625,0.0,4.451913803815842
RWT535,16,RWT535/dung_ballus-print_ready-mm_P16.h5,52061,32768,1400,488,2280,8888,32080,4,0,45136,101504,146640,0.8669829622942318,1.9497128368644474,2.8166957991586794,0.00126158,3.17499e-05,2.04947e-05,28.9909,44.9826,46.8836,33.22645,9.75503e-05,2.05543e-05,1.58269e-05,40.1077,46.871,48.006,41.9404,0.0,4.486087322235107
RWT535,17,RWT535/dung_ballus-print_ready-mm_P17.h5,52061,32768,1328,656,2784,10864,38264,4,0,53896,116320,170216,1.035247113962467,2.2343020687270703,3.2695491826895373,0.00176912,4.32008e-05,2.62384e-05,27.5224,43.6451,45.8106,31.823762499999997,9.54589e-05,2.57285e-05,1.98664e-05,40.2018,45.8958,47.0188,41.765675,0.0,4.511577740311623
RWT535,18,RWT535/dung_ballus-print_ready-mm_P18.h5,52061,32768,1104,552,2384,10056,34880,4,0,48976,103960,152936,0.9407425904227733,1.9968882656883271,2.9376308561111006,0.0012947,3.43327e-05,2.28035e-05,28.8783,44.6429,46.42,33.0415875,9.90604e-05,2.09798e-05,1.74048e-05,40.041,46.782,47.5933,41.827662499999995,0.0,4.519610449671745
RWT535,19,RWT535/dung_ballus-print_ready-mm_P19.h5,52061,32768,1408,688,2920,10952,37560,4,0,53528,112640,166168,1.028178482933482,2.163615758437218,3.1917942413706997,0.00160007,4.33433e-05,2.56208e-05,27.9586,43.6308,45.9141,32.1620625,9.85084e-05,2.46959e-05,1.92173e-05,40.0653,46.0738,47.1631,41.7035875,0.0,4.500182561576366
RWT535,2,RWT535/dung_ballus-print_ready-mm_P2.h5,52061,32768,1448,656,2816,11056,39312,4,0,55288,119912,175200,1.0619849791590634,2.3032980542056434,3.365283033364707,0.00192649,3.73068e-05,1.85854e-05,27.1523,44.2821,47.3083,31.813025,9.39967e-05,2.16918e-05,1.42702e-05,40.2689,46.637,48.4557,42.0882625,0.0,4.480332188308239
RWT535,20,RWT535/dung_ballus-print_ready-mm_P20.h5,52061,32768,920,520,1920,7784,29392,4,0,40536,89624,130160,0.7786250744319164,1.7215189873417722,2.5001440617736885,0.00089075,2.96384e-05,1.87324e-05,30.5024,45.2815,47.2741,34.44625,0.000100638,1.9538e-05,1.53621e-05,39.9724,47.0912,48.1355,41.8826375,0.0,4.368529126048088
RWT535,21,RWT535/dung_ballus-print_ready-mm_P21.h5,52061,32768,1520,640,3032,11600,38032,4,0,54824,106184,161008,1.0530723574268646,2.0396073836461075,3.0926797410729723,0.00143781,5.27196e-05,2.80899e-05,28.423,42.7803,45.5145,32.354099999999995,9.67599e-05,2.80517e-05,2.18025e-05,40.143,45.5204,46.6149,41.6241625,0.0,4.459911555051804
RWT535,22,RWT535/dung_ballus-print_ready-mm_P22.h5,52061,32768,1472,640,3104,11896,41528,4,0,58640,118016,176656,1.1263709878796029,2.266879237817176,3.3932502256967787,0.00178708,4.87577e-05,2.95111e-05,27.4786,43.1196,45.3001,31.661412499999997,9.44712e-05,2.6576e-05,2.14191e-05,40.247,45.7551,46.692,41.7411375,0.0,4.525059297680855
RWT535,23,RWT535/dung_ballus-print_ready-mm_P23.h5,52062,32768,1616,752,3176,12080,40816,4,0,58440,116080,174520,1.1225077791863547,2.229649264338673,3.3521570435250276,0.00187024,5.48436e-05,2.99484e-05,27.281,42.6087,45.2363,31.441374999999997,9.50897e-05,2.89242e-05,2.31642e-05,40.2187,45.3874,46.3518,41.63142499999999,0.0,4.561204582452774
RWT535,24,RWT535/dung_ballus-print_ready-mm_P24.h5,52061,32768,1328,744,3288,13112,46256,4,0,64728,137152,201880,1.243310731641728,2.6344480513244077,3.877758782966136,0.00283357,6.16056e-05,3.27813e-05,25.4767,42.1038,44.8437,29.9759625,9.43087e-05,3.21192e-05,2.42143e-05,40.2545,44.9324,46.1593,41.5773375,0.0,4.526385150849819
RWT535,25,RWT535/dung_ballus-print_ready-mm_P25.h5,52061,32768,1192,736,3320,12968,44848,4,0,63064,131536,194600,1.21134822611936,2.526574595186416,3.737922821305776,0.00235429,6.11036e-05,3.33537e-05,26.2814,42.1393,44.7686,30.574537499999998,9.32945e-05,2.99894e-05,2.45543e-05,40.3014,45.2303,46.0987,41.642175,0.0,4.489633835852146
RWT535,26,RWT535/dung_ballus-print_ready-mm_P26.h5,52061,32768,1552,792,3352,12560,42824,4,0,61080,123928,185008,1.1732390849196135,2.3804383319567433,3.5536774168763565,0.0021884,6.42988e-05,3.53554e-05,26.5987,41.918,44.5154,30.7532,9.64866e-05,3.24809e-05,2.56105e-05,40.1553,44.8837,45.9158,41.4664125,0.0,4.519681803882122
RWT535,27,RWT535/dung_ballus-print_ready-mm_P27.h5,52061,32768,1432,744,3336,13064,45328,4,0,63904,132256,196160,1.2274831447724783,2.5404045254605174,3.7678876702329958,0.00255722,5.71395e-05,3.30438e-05,25.9223,42.4306,44.8091,30.346687499999998,9.41627e-05,3.01221e-05,2.37453e-05,40.2612,45.2111,46.2442,41.6278125,0.0,4.4940290823578835
RWT535,28,RWT535/dung_ballus-print_ready-mm_P28.h5,52061,32768,1216,720,3344,12392,43176,4,0,60848,129544,190392,1.1687827740535142,2.488311788094735,3.657094562148249,0.00214698,6.45692e-05,3.71675e-05,26.6817,41.8997,44.2984,30.7860375,9.20313e-05,3.19357e-05,2.68758e-05,40.3606,44.9572,45.7064,41.60339999999999,0.0,4.391356997191906
RWT535,29,RWT535/dung_ballus-print_ready-mm_P29.h5,52061,32768,1504,864,3352,12584,43200,4,0,61504,125624,187128,1.18138337719214,2.413015501046849,3.594398878238989,0.00212118,5.19496e-05,3.13264e-05,26.7342,42.8442,45.0409,31.0362875,9.40376e-05,2.84007e-05,2.23164e-05,40.267,45.4667,46.5138,41.697812500000005,0.0,4.4320312440395355
RWT535,3,RWT535/dung_ballus-print_ready-mm_P3.h5,52061,32768,1344,712,2920,11152,40776,4,0,56904,125240,182144,1.0930254893298246,2.4056395382339946,3.4986650275638196,0.00219819,4.25267e-05,2.19133e-05,26.5794,43.7134,46.5929,31.222837500000004,9.3196e-05,2.45959e-05,1.75405e-05,40.306,46.0914,47.5596,41.935874999999996,0.0,4.512839414179325
RWT535,30,RWT535/dung_ballus-print_ready-mm_P30.h5,52061,32768,1384,728,3280,13088,44224,4,0,62704,132080,194784,1.2044332609823092,2.5370238758379595,3.7414571368202685,0.00246364,6.15543e-05,3.45466e-05,26.0842,42.1074,44.616,30.403574999999996,9.40885e-05,3.08694e-05,2.4196e-05,40.2646,45.1047,46.1626,41.6068625,0.0,4.517222687602043
RWT535,31,RWT535/dung_ballus-print_ready-mm_P31.h5,52062,32768,1288,792,3184,12216,41912,4,0,59392,117672,177064,1.140793669086858,2.2602281894664054,3.401021858553263,0.00183007,5.11301e-05,3.1471e-05,27.3753,42.9132,45.0209,31.5232375,9.66312e-05,2.79688e-05,2.26596e-05,40.1488,45.5333,46.4475,41.6092,0.0,4.519013985991478
RWT535,32,RWT535/dung_ballus-print_ready-mm_P32.h5,52061,32768,1368,696,2800,12288,45720,4,0,62872,141440,204312,1.207660244712933,2.7168129694012793,3.924473214114212,0.00332414,4.38931e-05,2.5549e-05,24.7832,43.576,45.9263,29.7751875,9.43577e-05,2.6174e-05,1.90298e-05,40.2522,45.8213,47.2057,41.817524999999996,0.0,4.503341466188431
RWT535,33,RWT535/dung_ballus-print_ready-mm_P33.h5,52061,32768,1416,680,3032,12720,46056,4,0,63904,139064,202968,1.2274831447724783,2.671174199496744,3.8986573442692225,0.0031466,3.36222e-05,2.14335e-05,25.0216,44.7337,46.6891,30.194049999999997,9.27683e-05,2.15563e-05,1.6078e-05,40.326,46.6643,47.9377,42.069750000000006,0.0,4.587528720498085
RWT535,34,RWT535/dung_ballus-print_ready-mm_P34.h5,52061,32768,1152,616,2648,11120,40600,4,0,56136,124632,180768,1.0782735637041163,2.3939609304469758,3.472234494151092,0.00203653,3.30062e-05,2.32847e-05,26.9111,44.814,46.3293,31.576237499999998,9.17603e-05,2.13506e-05,1.75104e-05,40.3735,46.7059,47.567,42.0642375,0.0,4.52866318821907
RWT535,35,RWT535/dung_ballus-print_ready-mm_P35.h5,52061,32768,1464,672,2888,11768,43448,4,0,60240,129928,190168,1.1571041662664951,2.495687750907589,3.6527919171740844,0.00235127,3.71184e-05,2.35373e-05,26.287,44.3041,46.2824,31.038562499999998,9.21277e-05,2.27045e-05,1.79013e-05,40.3561,46.4389,47.4712,42.0058375,0.0,4.514752008020878
RWT535,36,RWT535/dung_ballus-print_ready-mm_P36.h5,52061,32768,1496,704,2944,11488,42880,4,0,59512,135032,194544,1.143120570100459,2.5937265899617756,3.7368471600622346,0.00265891,4.08812e-05,2.43876e-05,25.753,43.8848,46.1283,30.5663875,9.27842e-05,2.59236e-05,1.85561e-05,40.3253,45.8631,47.3151,41.89125,0.0,4.511881150305271
RWT535,37,RWT535/dung_ballus-print_ready-mm_P37.h5,52061,32768,1480,736,3264,12248,43872,4,0,61600,135312,196912,1.1832273678953535,2.599104896179482,3.782332264074835,0.00269319,3.76938e-05,2.31831e-05,25.6973,44.2373,46.3483,30.596175,9.39877e-05,2.28204e-05,1.77995e-05,40.2693,46.4168,47.4959,41.9410625,0.0,4.4908537119627
RWT535,38,RWT535/dung_ballus-print_ready-mm_P38.h5,52061,32768,1344,720,2792,12128,45008,4,0,61992,138664,200656,1.1907569966001421,2.663490904900021,3.8542479015001634,0.00292943,3.62155e-05,2.29339e-05,25.3322,44.4111,46.3952,30.349937500000003,9.30937e-05,2.26764e-05,1.70481e-05,40.3108,46.4443,47.6832,41.9990375,0.0,4.35843263566494
RWT535,39,RWT535/dung_ballus-print_ready-mm_P39.h5,52062,32768,1384,560,2616,11472,43576,4,0,59608,135824,195432,1.1449425684760477,2.60888940109869,3.7538319695747377,0.00275987,3.61237e-05,2.13586e-05,25.5911,44.4221,46.7043,30.584125,9.12626e-05,2.25551e-05,1.66063e-05,40.3971,46.4676,47.7973,42.080937500000005,0.0,4.348158732056618
RWT535,4,RWT535/dung_ballus-print_ready-mm_P4.h5,52061,32768,1248,688,3064,12224,44448,4,0,61672,141408,203080,1.1846103609227636,2.7161983058335415,3.900808666756305,0.00326315,4.30327e-05,2.44421e-05,24.8636,43.662,46.1186,29.870275,9.23658e-05,2.68653e-05,1.83151e-05,40.3449,45.7081,47.3719,41.893675,0.0,4.508550338447094
RWT535,40,RWT535/dung_ballus-print_ready-mm_P40.h5,52061,32768,1152,512,2496,10688,41168,4,0,56016,130240,186256,1.0759685753250994,2.501680720693033,3.5776492960181328,0.00243053,3.95797e-05,2.24274e-05,26.143,44.0253,46.4922,30.921937500000002,9.22421e-05,2.48881e-05,1.72755e-05,40.3507,46.0401,47.6257,41.971250000000005,0.0,4.4096724614501
RWT535,41,RWT535/dung_ballus-print_ready-mm_P41.h5,52061,32768,1512,608,2856,11136,37752,4,0,53864,105704,159568,1.0346324503947293,2.0303874301300397,3.065019880524769,0.00119801,5.00007e-05,3.07507e-05,29.2154,43.0102,45.1214,32.928,9.67396e-05,2.7167e-05,2.32776e-05,40.144,45.6596,46.3306,41.606775,0.0,4.41220311075449
RWT535,42,RWT535/dung_ballus-print_ready-mm_P42.h5,52061,32768,1288,720,3056,12096,41496,4,0,58656,122032,180688,1.1266783196634718,2.3440195155682755,3.4706978352317472,0.00200048,4.99124e-05,2.59918e-05,26.9887,43.0179,45.8516,31.3502125,9.58377e-05,2.76721e-05,2.07443e-05,40.1846,45.5796,46.831,41.689775000000004,0.0,4.3938566744327545
RWT535,43,RWT535/dung_ballus-print_ready-mm_P43.h5,52061,32768,1352,720,3144,12360,41424,4,0,59000,121352,180352,1.1332859530166535,2.3309579147538466,3.4642438677705,0.0019702,5.62655e-05,3.13077e-05,27.0549,42.4976,45.0435,31.2338125,9.43989e-05,3.10845e-05,2.34427e-05,40.2503,45.0746,46.2999,41.609537499999995,0.0,4.410097427666187
RWT535,44,RWT535/dung_ballus-print_ready-mm_P44.h5,52061,32768,1352,880,3208,11632,38232,4,0,55304,104696,160000,1.0622923109429323,2.0110255277462974,3.07331783868923,0.00116803,5.01778e-05,3.03143e-05,29.3255,42.9949,45.1835,33.016425,9.74402e-05,2.77076e-05,2.31493e-05,40.1126,45.574,46.3546,41.575525,0.0,4.522246807813644
RWT535,45,RWT535/dung_ballus-print_ready-mm_P45.h5,52061,32768,1368,800,3248,12152,41088,4,0,58656,117904,176560,1.1266783196634718,2.2647279153300937,3.3914062349935654,0.00171746,5.39276e-05,3.44618e-05,27.6511,42.6819,44.6266,31.6518875,9.5045e-05,2.92428e-05,2.45476e-05,40.2207,45.3398,46.0999,41.5954875,0.0,4.506187438964844
RWT535,46,RWT535/dung_ballus-print_ready-mm_P46.h5,52061,32768,1304,760,3048,11792,41136,4,0,58040,120808,178848,1.1148460459845182,2.320508634102303,3.4353546800868213,0.00212857,5.32467e-05,2.91116e-05,26.7191,42.7371,45.3593,31.051375,9.54405e-05,2.87202e-05,2.25829e-05,40.2027,45.4181,46.4622,41.6370625,0.0,4.410082653164864
RWT535,47,RWT535/dung_ballus-print_ready-mm_P47.h5,52062,32768,1224,648,2952,12152,43312,4,0,60288,126584,186872,1.1580039184049786,2.43140870500557,3.589412623410549,0.00240869,6.37332e-05,3.36924e-05,26.1822,41.9563,44.7247,30.471775,9.41874e-05,3.31665e-05,2.45796e-05,40.2601,44.793,46.0943,41.5559875,0.0,4.437093541026115
RWT535,48,RWT535/dung_ballus-print_ready-mm_P48.h5,52061,32768,1512,560,2568,10752,35960,4,0,51352,104272,155624,0.9863813603273084,2.002881235473771,2.9892625958010797,0.00133543,3.83839e-05,2.24505e-05,28.7438,44.1585,46.4877,32.888625000000005,9.70376e-05,2.38495e-05,1.84302e-05,40.1306,46.2252,47.3447,41.7941875,0.0,4.382785767316818
RWT535,49,RWT535/dung_ballus-print_ready-mm_P49.h5,52061,32768,1496,752,3104,12240,42144,4,0,59736,115256,174992,1.147423215074624,2.213864505099787,3.3612877201744107,0.00179338,6.43177e-05,3.70452e-05,27.4633,41.9167,44.3127,31.37615,9.61077e-05,3.22847e-05,2.72436e-05,40.1724,44.91,45.6474,41.448975,0.0,4.376742303371429
RWT535,5,RWT535/dung_ballus-print_ready-mm_P5.h5,52061,32768,1288,608,2704,11720,43040,4,0,59360,138608,197968,1.1402009181537043,2.66241524365648,3.8026161618101844,0.00300888,4.62204e-05,2.48728e-05,25.216,43.3517,46.0428,30.0863125,9.19166e-05,2.82956e-05,1.86088e-05,40.3661,45.4828,47.3028,41.872775,0.0,4.5171108096838
RWT535,50,RWT535/dung_ballus-print_ready-mm_P50.h5,52061,32768,1408,712,2912,11584,38376,4,0,54992,103704,158696,1.0562993411574884,1.9919709571464244,3.0482702983039127,0.00139745,7.3093e-05,3.2587e-05,28.5466,41.3612,44.8696,32.1888,0.000100274,3.57938e-05,2.47742e-05,39.9881,44.4619,46.06,41.306312500000004,0.0,4.511655919253826
RWT535,51,RWT535/dung_ballus-print_ready-mm_P51.h5,52061,32768,1448,592,2808,11056,33904,4,0,49808,86840,136648,0.9567238431839573,1.6680432569485795,2.624767100132537,0.00111604,6.1161e-05,2.93465e-05,29.5232,42.1353,45.3244,33.074862499999995,0.000103649,3.28653e-05,2.42437e-05,39.8443,44.8326,46.154,41.25655,0.0,4.528998911380768
RWT535,52,RWT535/dung_ballus-print_ready-mm_P52.h5,52061,32768,1480,744,2976,12016,42136,4,0,59352,123496,182848,1.14004725226177,2.372140373792282,3.512187626054052,0.00216584,4.49282e-05,2.74489e-05,26.6437,43.4748,45.6148,31.118975,9.39098e-05,2.58378e-05,2.11251e-05,40.2729,45.8774,46.752,41.783350000000006,0.0,4.507407419383526
RWT535,53,RWT535/dung_ballus-print_ready-mm_P53.h5,52061,32768,1272,864,3024,11760,39976,4,0,56896,114048,170944,1.0928718234378902,2.190660955417683,3.2835327788555735,0.00185971,4.55737e-05,2.59972e-05,27.3056,43.4129,45.8507,31.63715,9.62317e-05,2.68865e-05,2.04467e-05,40.1668,45.7047,46.8938,41.6999125,0.0,4.504582226276398
RWT535,54,RWT535/dung_ballus-print_ready-mm_P54.h5,52061,32768,1240,800,2912,11656,38800,4,0,55408,111400,166808,1.0642899675380804,2.1397975451873763,3.2040875127254567,0.00168233,4.23467e-05,2.43441e-05,27.7409,43.7318,46.1361,32.0391625,9.73139e-05,2.52498e-05,1.96192e-05,40.1183,45.9774,47.0732,41.72004999999999,0.0,4.381453767418861
RWT535,55,RWT535/dung_ballus-print_ready-mm_P55.h5,52062,32768,1320,744,2944,11440,39784,4,0,56232,113392,169624,1.0800968076524144,2.178018516384311,3.2581153240367255,0.00174262,4.59567e-05,2.74789e-05,27.588,43.3765,45.61,31.8143125,9.68965e-05,2.69902e-05,2.08875e-05,40.1369,45.6879,46.8011,41.6638,0.0,4.4251058250665665
RWT535,56,RWT535/dung_ballus-print_ready-mm_P56.h5,52061,32768,1608,848,3488,12448,40296,4,0,58688,108176,166864,1.1272929832312095,2.0778701907377886,3.205163173968998,0.00141074,5.46433e-05,3.10224e-05,28.5055,42.6246,45.0832,32.3426,9.84635e-05,2.90474e-05,2.30884e-05,40.0672,45.3689,46.3661,41.517275000000005,0.0,4.529917798936367
RWT535,57,RWT535/dung_ballus-print_ready-mm_P57.h5,52061,32768,1728,840,3120,11696,38656,4,0,56040,107216,163256,1.0764295730009028,2.059430283705653,3.135859856706556,0.00143346,4.90463e-05,2.97153e-05,28.4361,43.0939,45.2702,32.3725875,9.76679e-05,2.6842e-05,2.11253e-05,40.1025,45.7118,46.752,41.63485,0.0,4.545079618692398
RWT535,58,RWT535/dung_ballus-print_ready-mm_P58.h5,52061,32768,1496,816,3248,12664,39600,4,0,57824,105568,163392,1.1106970669022878,2.0277751099671537,3.1384721768694415,0.00142639,5.63378e-05,3.14621e-05,28.4576,42.492,45.0221,32.2824625,9.98799e-05,2.95809e-05,2.31596e-05,40.0052,45.2899,46.3527,41.459225,0.0,4.549601219594479
RWT535,59,RWT535/dung_ballus-print_ready-mm_P59.h5,52062,32768,1248,688,2856,10744,34168,4,0,49704,93800,143504,0.9547078483346779,1.801697975490761,2.756405823825439,0.00109864,4.35584e-05,2.24033e-05,29.5914,43.6093,46.4969,33.456825,0.000101183,2.45567e-05,1.82848e-05,39.9489,46.0983,47.3791,41.64635,0.0,4.511924497783184
RWT535,6,RWT535/dung_ballus-print_ready-mm_P6.h5,52061,32768,1256,656,2840,11488,43200,4,0,59440,133576,193016,1.141737577073049,2.5657593976297037,3.7074969747027526,0.0027632,3.91462e-05,2.13391e-05,25.5859,44.0731,46.7082,30.537087500000002,9.28266e-05,2.37957e-05,1.6441e-05,40.3233,46.235,47.8407,42.0019375,0.0,4.394405752420425
RWT535,60,RWT535/dung_ballus-print_ready-mm_P60.h5,52061,32768,1240,656,3152,12000,42240,4,0,59288,121384,180672,1.1388179251262942,2.3315725783215844,3.4703905034478786,0.00203023,5.21462e-05,2.82003e-05,26.9246,42.8278,45.4975,31.234112500000002,9.39423e-05,2.99934e-05,2.20231e-05,40.2714,45.2297,46.5712,41.678662499999994,0.0,4.521457456052303
RWT535,61,RWT535/dung_ballus-print_ready-mm_P61.h5,52061,32768,1280,680,3200,11600,40992,4,0,57752,120848,178600,1.1093140738748775,2.321276963561975,3.430591037436853,0.0019979,5.90364e-05,3.43646e-05,26.9943,42.2888,44.6389,31.111687500000002,9.74631e-05,3.07366e-05,2.30774e-05,40.1116,45.1234,46.3681,41.520137500000004,0.0,4.473174497485161
RWT535,62,RWT535/dung_ballus-print_ready-mm_P62.h5,52061,32768,1264,720,2784,11072,38120,4,0,53960,111176,165136,1.0364764410979428,2.1354949002132115,3.171971341311154,0.00182374,4.31408e-05,2.63471e-05,27.3904,43.6511,45.7927,31.723274999999997,9.64532e-05,2.53163e-05,1.98855e-05,40.1568,45.966,47.0146,41.740174999999994,0.0,4.434037007391453
RWT535,63,RWT535/dung_ballus-print_ready-mm_P63.h5,52062,32768,1096,584,2520,10264,35176,4,0,49640,104880,154520,0.9534785448119549,2.0145211478621645,2.9679996926741192,0.00133941,4.01127e-05,2.26361e-05,28.7309,43.9672,46.452,32.850575,9.99628e-05,2.34289e-05,1.72471e-05,40.0016,46.3025,47.6328,41.74311250000001,0.0,4.400791361927986
RWT535,7,RWT535/dung_ballus-print_ready-mm_P7.h5,52062,32768,1200,592,2632,11304,40648,4,0,56376,126312,182688,1.082862740578541,2.426184165033998,3.509046905612539,0.00212821,3.67845e-05,2.44925e-05,26.7199,44.3434,46.1097,31.3465625,9.087e-05,2.31754e-05,1.86272e-05,40.4158,46.3497,47.2985,42.017875,0.0,4.411448426544666
RWT535,8,RWT535/dung_ballus-print_ready-mm_P8.h5,52061,32768,1192,672,2872,11952,42256,4,0,58944,126696,185640,1.1322102917731123,2.433606730566067,3.565817022339179,0.00209232,4.86357e-05,2.42831e-05,26.7937,43.1305,46.147,31.254962499999998,9.21513e-05,2.71203e-05,1.80285e-05,40.355,45.6671,47.4404,41.9046875,0.0,4.474566347897053
RWT535,9,RWT535/dung_ballus-print_ready-mm_P9.h5,52061,32768,1496,792,3256,12592,42624,4,0,60760,121728,182488,1.167092449242235,2.338180211674766,3.5052726609170013,0.00183018,5.16697e-05,2.67933e-05,27.3751,42.8676,45.7197,31.6047375,9.29523e-05,2.69709e-05,2.01913e-05,40.3174,45.691,46.9484,41.817975000000004,0.0,4.498552404344082
RWT541,0,RWT541/marco_cat_mesh_P0.h5,84432,32768,1168,144,1016,4792,15592,4,0,22712,43112,65824,0.26899753647906005,0.5106120902027668,0.7796096266818268,0.00019946,2.09683e-05,1.76911e-05,37.0014,46.7844,47.5224,39.5394,8.98551e-05,1.64158e-05,1.56678e-05,40.4646,47.8474,48.0499,42.335612499999996,0.0,6.976299375295639
RWT541,1,RWT541/marco_cat_mesh_P1.h5,84433,32768,1232,216,1168,5432,17352,4,0,25400,48424,73824,0.30083024409887127,0.5735198322930608,0.8743500763919321,0.000232301,1.85153e-05,1.62615e-05,36.3395,47.3247,47.8884,39.1562625,9.45052e-05,1.50597e-05,1.47109e-05,40.2454,48.2218,48.3236,42.252225,0.0,7.017460517585278
RWT541,10,RWT541/marco_cat_mesh_P10.h5,84432,32768,1280,208,1232,4336,14624,4,0,21680,39568,61248,0.25677468258480196,0.46863748341860906,0.7254121660034111,0.000190116,2.12935e-05,2.14564e-05,37.2098,46.7175,46.6844,39.5825875,9.06175e-05,1.64075e-05,1.78756e-05,40.4279,47.8496,47.4774,42.2368,0.0,6.761197954416275
RWT541,11,RWT541/marco_cat_mesh_P11.h5,84433,32768,1272,400,1584,6096,20368,4,0,29720,61440,91160,0.3519950730164746,0.7276775668281359,1.0796726398446106,0.000273375,2.52709e-05,2.40319e-05,35.6324,45.9738,46.1921,38.245037499999995,0.000105085,1.87918e-05,2.0028e-05,39.7846,47.2603,46.9836,41.6189375,0.0,6.81463497877121
RWT541,12,RWT541/marco_cat_mesh_P12.h5,84432,32768,1376,384,1448,6496,21072,4,0,30776,61600,92376,0.36450634830396056,0.7295812014402122,1.0940875497441729,0.000269114,2.59304e-05,2.38277e-05,35.7006,45.8619,46.2292,38.2868375,0.000108397,1.83382e-05,1.91035e-05,39.6498,47.3664,47.1889,41.5567625,0.0,6.79716170579195
RWT541,13,RWT541/marco_cat_mesh_P13.h5,84433,32768,1448,504,1848,7056,24168,4,0,35024,77232,112256,0.4148141129653098,0.9147134414269302,1.32952755439224,0.000333349,3.07221e-05,2.90026e-05,34.771,45.1255,45.3756,37.390887500000005,0.000110863,2.09153e-05,2.24612e-05,39.5521,46.7954,46.4857,41.32421250000001,0.0,6.784077413380146
RWT541,14,RWT541/marco_cat_mesh_P14.h5,84433,32768,1296,424,1664,6624,21464,4,0,31472,60208,91680,0.37274525363305816,0.7130861156183009,1.085831369251359,0.000264222,2.57013e-05,2.51105e-05,35.7803,45.9005,46.0014,38.322962499999996,0.00011142,1.90731e-05,2.06008e-05,39.5304,47.1958,46.8612,41.404925,0.0,6.971926026046276
RWT541,15,RWT541/marco_cat_mesh_P15.h5,84433,32768,1224,488,2168,7632,26256,4,0,37768,72496,110264,0.447313254296306,0.8586216289839281,1.305934883280234,0.000314409,3.05429e-05,2.87435e-05,35.0251,45.1509,45.4146,37.5895125,0.000114223,2.125e-05,2.16779e-05,39.4225,46.7264,46.6398,41.237649999999995,0.0,6.965121679008007
RWT541,2,RWT541/marco_cat_mesh_P2.h5,84432,32768,1224,240,1376,5072,16992,4,0,24904,45672,70576,0.2949592571536858,0.5409323479249574,0.8358916050786431,0.000209376,2.01072e-05,1.71042e-05,36.7907,46.9665,47.669,39.4224625,9.48635e-05,1.59055e-05,1.5428e-05,40.229,47.9845,48.1169,42.184425,0.0,7.072801820933819
RWT541,3,RWT541/marco_cat_mesh_P3.h5,84433,32768,1248,232,1288,4880,17048,4,0,24696,45824,70520,0.29249227197896555,0.542726185259318,0.8352184572382836,0.000217355,1.6461e-05,1.59171e-05,36.6283,47.8354,47.9814,39.448325000000004,0.000101108,1.42682e-05,1.43661e-05,39.9521,48.4563,48.4266,42.0744375,0.0,7.247519090771675
RWT541,4,RWT541/marco_cat_mesh_P4.h5,84432,32768,1072,184,1248,5272,16032,4,0,23808,43656,67464,0.28197839681637293,0.5170551449687323,0.7990335417851052,0.000198104,2.01638e-05,1.8948e-05,37.0311,46.9543,47.2244,39.5456625,8.67031e-05,1.57255e-05,1.63795e-05,40.6197,48.034,47.857,42.45115,0.0,7.010707810521126
RWT541,5,RWT541/marco_cat_mesh_P5.h5,84433,32768,1144,240,1160,4176,14272,4,0,20992,40408,61400,0.24862316866627976,0.47858064974595244,0.7272038184122321,0.000197671,1.88115e-05,1.90583e-05,37.0406,47.2558,47.1992,39.587325,9.28411e-05,1.48928e-05,1.63036e-05,40.3226,48.2702,47.8772,42.260375,0.0,6.948810271918774
RWT541,6,RWT541/marco_cat_mesh_P6.h5,84433,32768,1136,240,1376,5792,19696,4,0,28240,56552,84792,0.33446638162803644,0.6697855104046996,1.0042518920327361,0.000262323,2.02449e-05,1.72925e-05,35.8116,46.9368,47.6214,38.678475,9.71401e-05,1.59037e-05,1.52921e-05,40.126,47.985,48.1553,42.1120375,0.0,6.9947469830513
RWT541,7,RWT541/marco_cat_mesh_P7.h5,84433,32768,1136,224,1120,4624,16480,4,0,23584,47144,70728,0.27932206601684173,0.5583598829841413,0.837681949000983,0.000223209,2.06177e-05,1.8485e-05,36.5129,46.8576,47.3318,39.15835,0.000101734,1.62561e-05,1.62741e-05,39.9253,47.8898,47.885,41.915825,0.0,6.98730755597353
RWT541,8,RWT541/marco_cat_mesh_P8.h5,84432,32768,1160,216,904,5240,15144,4,0,22664,50360,73024,0.268429031646769,0.5964563198787189,0.864885351525488,0.000224239,2.66421e-05,2.08034e-05,36.4929,45.7443,46.8187,38.94005,9.78064e-05,1.91708e-05,1.72341e-05,40.0963,47.1736,47.6361,41.9234375,0.0,6.76459938287735
RWT541,9,RWT541/marco_cat_mesh_P9.h5,84433,32768,1104,208,1456,5608,20280,4,0,28656,58880,87536,0.33939336515343527,0.6973576682102969,1.0367510333637322,0.000261168,2.6539e-05,2.28631e-05,35.8308,45.7612,46.4086,38.394324999999995,0.000100699,1.95322e-05,1.94238e-05,39.9698,47.0925,47.1167,41.753499999999995,0.0,6.80559728294611
RWT65,0,RWT65/griffon_statue_P0.h5,59062,32768,1624,728,2368,7088,18336,4,0,30144,50064,80208,0.5103789238427415,0.8476516203311774,1.3580305441739189,0.000368787,4.01822e-05,1.86902e-05,34.3322,43.9597,47.2839,37.1546,9.8755e-05,2.33612e-05,1.39365e-05,40.0544,46.315,48.5585,41.899987499999995,0.0,5.01341187953949
RWT65,1,RWT65/griffon_statue_P1.h5,59063,32768,1736,792,2712,6544,15208,4,0,26992,29736,56728,0.45700353859438225,0.5034624045510726,0.9604659431454549,0.00021556,3.23924e-05,2.05858e-05,36.6643,44.8956,46.8643,38.9682125,8.54044e-05,2.26266e-05,1.711e-05,40.6852,46.4538,47.6675,42.2790625,0.0,5.05259146541357
RWT65,10,RWT65/griffon_statue_P10.h5,59062,32768,1592,768,2776,6544,16496,4,0,28176,39816,67992,0.47705800684026956,0.6741390403305002,1.1511970471707698,0.000272749,3.20448e-05,2.20884e-05,35.6424,44.9424,46.5584,38.1694,9.02458e-05,2.36578e-05,1.65087e-05,40.4457,46.2603,47.8229,42.094675,0.0,5.010102182626724
RWT65,11,RWT65/griffon_statue_P11.h5,59063,32768,1408,616,2312,7144,18768,4,0,30248,43360,73608,0.5121311142339535,0.734131351268984,1.2462624655029375,0.000305431,3.2789e-05,1.97678e-05,35.1509,44.8427,47.0404,37.8485625,9.51119e-05,2.24208e-05,1.68418e-05,40.2177,46.4935,47.7361,41.941975,0.0,4.8468798622488976
RWT65,12,RWT65/griffon_statue_P12.h5,59062,32768,1408,600,1808,4440,10008,4,0,18264,24008,42272,0.3092343638887948,0.40648809725373336,0.7157224611425282,0.000179265,2.54039e-05,1.45249e-05,37.465,45.951,48.3789,39.889987500000004,7.69379e-05,2.18671e-05,1.33941e-05,41.1386,46.6021,48.7309,42.770575,0.0,4.843503177165985
RWT65,13,RWT65/griffon_statue_P13.h5,59063,32768,1592,656,2392,6768,16304,4,0,27712,36376,64088,0.46919391158593365,0.6158847332509354,1.085078644836869,0.000232836,3.07892e-05,2.52238e-05,36.3295,45.116,45.9819,38.6343625,9.49299e-05,2.23915e-05,1.98382e-05,40.226,46.4992,47.025,41.86002499999999,0.0,4.821522116661072
RWT65,14,RWT65/griffon_statue_P14.h5,59063,32768,1544,712,2048,6488,19728,4,0,30520,49968,80488,0.5167363662529841,0.8460118856136668,1.362748251866651,0.000319653,2.46341e-05,1.62088e-05,34.9532,46.0846,47.9025,37.9632875,0.000105025,1.8373e-05,1.38122e-05,39.7871,47.3582,48.5974,41.834775,0.0,5.010100409388542
RWT65,15,RWT65/griffon_statue_P15.h5,59063,32768,1424,632,2456,7280,19272,4,0,31064,46400,77464,0.5259468702910451,0.7856018150110898,1.311548685302135,0.000316527,3.03919e-05,2.02365e-05,34.9959,45.1724,46.9387,37.7608125,0.000101621,2.04096e-05,1.5949e-05,39.9302,46.9017,47.9727,41.80695,0.0,5.016292877495289
RWT65,16,RWT65/griffon_statue_P16.h5,59062,32768,1464,496,1752,4584,10912,4,0,19208,28184,47392,0.3252175679794115,0.4771934577223934,0.8024110257018049,0.000184022,2.9837e-05,1.97111e-05,37.3513,45.2524,47.0529,39.551637500000005,8.34958e-05,2.19655e-05,1.74883e-05,40.7834,46.5826,47.5725,42.3569375,0.0,4.869557186961174
RWT65,17,RWT65/griffon_statue_P17.h5,59063,32768,1440,488,1424,4272,10272,4,0,17896,24240,42136,0.30299849313444965,0.41040922404889696,0.7134077171833466,0.000169875,2.69846e-05,1.77872e-05,37.6987,45.6888,47.4989,39.9224875,7.69301e-05,2.09474e-05,1.6647e-05,41.139,46.7887,47.7866,42.676162500000004,0.0,4.859579287469387
RWT65,18,RWT65/griffon_statue_P18.h5,59062,32768,1408,640,2024,5968,15952,4,0,25992,39016,65008,0.4400799160204531,0.6605939521181131,1.1006738681385662,0.000282861,3.24101e-05,1.89054e-05,35.4843,44.8932,47.2341,38.1291375,9.56841e-05,2.38168e-05,1.65391e-05,40.1916,46.2312,47.8149,41.899462500000006,0.0,5.0486039742827415
RWT65,19,RWT65/griffon_statue_P19.h5,59063,32768,1456,576,1880,5832,14408,4,0,24152,37840,61992,0.4089192895721518,0.6406718250004233,1.0495911145725751,0.000263295,2.85721e-05,1.47068e-05,35.7956,45.4406,48.3248,38.567375,9.37925e-05,2.30603e-05,1.37318e-05,40.2783,46.3713,48.6227,42.082975000000005,0.0,5.049755409359932
RWT65,2,RWT65/griffon_statue_P2.h5,59062,32768,1568,664,2616,7328,20392,4,0,32568,51768,84336,0.551420541126274,0.8765026582235617,1.4279231993498358,0.000356603,3.80338e-05,2.03499e-05,34.4781,44.1983,46.9144,37.2476625,9.77361e-05,2.20116e-05,1.59374e-05,40.0994,46.5735,47.9758,41.893212500000004,0.0,5.1959075555205345
RWT65,20,RWT65/griffon_statue_P20.h5,59062,32768,1352,536,1504,3848,8312,4,0,15552,19256,34808,0.263316514848803,0.32603027327215467,0.5893467881209576,0.000148686,2.07137e-05,1.15851e-05,38.2773,46.8374,49.361,40.732775,7.24114e-05,1.84148e-05,1.13103e-05,41.4019,47.3483,49.4653,43.153125,0.0,4.822489872574806
RWT65,21,RWT65/griffon_statue_P21.h5,59063,32768,1560,600,1952,5232,11000,4,0,20344,21832,42176,0.3444457613057244,0.3696391988215973,0.7140849601273217,0.000151351,2.43498e-05,1.80164e-05,38.2001,46.135,47.4433,40.3473625,7.70903e-05,2.05962e-05,1.66263e-05,41.13,46.8621,47.792,42.67926250000001,0.0,4.869559891521931
RWT65,22,RWT65/griffon_statue_P22.h5,59063,32768,1312,560,1880,4480,10912,4,0,19144,28168,47312,0.32412847298647207,0.47691448114724955,0.8010429541337216,0.000208723,2.63439e-05,1.69503e-05,36.8043,45.7932,47.7082,39.29089999999999,8.39586e-05,2.10519e-05,1.5926e-05,40.7593,46.7671,47.9789,42.412725,0.0,4.997900038957596
RWT65,23,RWT65/griffon_statue_P23.h5,59063,32768,1256,544,2016,5416,13456,4,0,22688,29896,52584,0.38413219782266395,0.5061713763269728,0.8903035741496368,0.000213495,3.09789e-05,2.221e-05,36.7061,45.0893,46.5345,38.982549999999996,7.8364e-05,2.2188e-05,1.94506e-05,41.0588,46.5388,47.1107,42.5002875,0.0,4.978889375925064
RWT65,24,RWT65/griffon_statue_P24.h5,59062,32768,1816,808,2696,7032,17136,4,0,29488,31456,60944,0.4992719515085842,0.5325928685110561,1.0318648200196403,0.000209272,2.64404e-05,2.01019e-05,36.7929,45.7773,46.9676,39.187787500000006,9.26275e-05,1.85777e-05,1.55382e-05,40.3326,47.3101,48.086,42.1739625,0.0,5.005627028644085
RWT65,25,RWT65/griffon_statue_P25.h5,59063,32768,1512,680,2304,6104,15256,4,0,25856,35224,61080,0.43776983898549005,0.5963801364644532,1.0341499754499432,0.000241045,2.79273e-05,1.97041e-05,36.179,45.5397,47.0544,38.7085125,8.60173e-05,2.03654e-05,1.577e-05,40.6541,46.9111,48.0217,42.357175,0.0,5.04888054728508
RWT65,26,RWT65/griffon_statue_P26.h5,59062,32768,1568,712,1864,5032,11264,4,0,20440,20888,41328,0.34607700382648743,0.3536622532254241,0.6997392570519115,0.000153603,2.11564e-05,1.39772e-05,38.136,46.7456,48.5458,40.513425000000005,8.20122e-05,1.88125e-05,1.30984e-05,40.8612,47.2555,48.8278,42.6563125,0.0,4.828986771404743
RWT65,27,RWT65/griffon_statue_P27.h5,59063,32768,1328,688,2088,4896,12496,4,0,21496,28960,50456,0.3639503580922066,0.49032389143795607,0.8542742495301627,0.000202311,2.5077e-05,1.56687e-05,36.9398,46.0072,48.0497,39.4619625,8.88414e-05,2.13342e-05,1.47251e-05,40.5138,46.7092,48.3194,42.263925,0.0,4.828045189380646
RWT65,28,RWT65/griffon_statue_P28.h5,59062,32768,1384,600,2072,5880,16184,4,0,26120,38616,64736,0.442247130134435,0.6538214080119197,1.0960685381463546,0.000270572,2.96178e-05,2.13991e-05,35.6772,45.2845,46.696,38.25546249999999,9.84916e-05,2.17514e-05,1.87823e-05,40.066,46.6251,47.2625,41.785450000000004,0.0,5.031948082149029
RWT65,29,RWT65/griffon_statue_P29.h5,59063,32768,1704,728,2344,6432,16960,4,0,28168,35320,63488,0.47691448114724955,0.5980055195299934,1.074920000677243,0.000236585,3.13781e-05,2.21478e-05,36.2601,45.0337,46.5467,38.642625,0.000100787,2.33655e-05,1.89158e-05,39.9659,46.3142,47.2318,41.667675,0.0,5.0194137915968895
RWT65,3,RWT65/griffon_statue_P3.h5,59063,32768,1496,1080,3240,8104,19200,4,0,33120,42864,75984,0.5607571576113641,0.725733538763693,1.286490696375057,0.000308402,3.70429e-05,2.16962e-05,35.1088,44.313,46.6362,37.70025,9.28208e-05,2.40223e-05,1.68074e-05,40.3235,46.1939,47.745,41.9849875,0.0,5.01675995439291
RWT65,30,RWT65/griffon_statue_P30.h5,59063,32768,1240,624,1608,4128,10816,4,0,18416,28376,46792,0.3118026514061257,0.4804361444559199,0.7922387958620456,0.000209793,2.66531e-05,1.80811e-05,36.7821,45.7425,47.4277,39.23285,8.35967e-05,2.12615e-05,1.72263e-05,40.7781,46.7241,47.6381,42.37885000000001,0.0,5.0106523633003235
RWT65,31,RWT65/griffon_statue_P31.h5,59063,32768,1744,680,2008,5080,14480,4,0,23992,31248,55240,0.40621031779625144,0.5290621878333305,0.935272505629582,0.000216895,2.42699e-05,1.80596e-05,36.6375,46.1493,47.4329,39.175900000000006,9.36619e-05,1.85842e-05,1.56986e-05,40.2844,47.3086,48.0414,42.13205,0.0,4.999207437038422
RWT65,4,RWT65/griffon_statue_P4.h5,59062,32768,1656,856,2752,7560,18912,4,0,31736,42392,74128,0.5373336493853916,0.7177542243743862,1.255087873759778,0.000283855,3.33674e-05,2.09375e-05,35.469,44.7668,46.7908,38.04645,9.47969e-05,2.11353e-05,1.58591e-05,40.2321,46.7499,47.9972,42.01746250000001,0.0,5.0047639682888985
RWT65,5,RWT65/griffon_statue_P5.h5,59063,32768,1376,736,2816,6864,16768,4,0,28560,34672,63232,0.4835514619982053,0.5870341838375971,1.0705856458358025,0.000239031,2.94213e-05,1.96529e-05,36.2155,45.3134,47.0657,38.7090125,9.6413e-05,2.20174e-05,1.6103e-05,40.1586,46.5723,47.9309,41.93185,0.0,5.631236232817173
RWT65,6,RWT65/griffon_statue_P6.h5,59063,32768,1600,760,2656,7328,20496,4,0,32840,50448,83288,0.5560164570035386,0.8541388009413677,1.4101552579449064,0.000350079,3.62118e-05,2.08758e-05,34.5583,44.4115,46.8036,37.3206125,0.000101923,2.28726e-05,1.63243e-05,39.9173,46.4068,47.8716,41.722775,0.0,5.049349099397659
RWT65,7,RWT65/griffon_statue_P7.h5,59063,32768,1536,576,2008,6272,18896,4,0,29288,50072,79360,0.4958772835785517,0.847772717268002,1.3436500008465537,0.00036779,2.86687e-05,1.50058e-05,34.344,45.4259,48.2374,37.4659125,0.000101303,1.97128e-05,1.25358e-05,39.9438,47.0525,49.0185,41.966725000000004,0.0,4.996957428753376
RWT65,8,RWT65/griffon_statue_P8.h5,59062,32768,1672,720,2432,6232,15096,4,0,26152,33056,59208,0.4427889336629305,0.5596830449358301,1.0024719785987606,0.000242149,3.22322e-05,1.7733e-05,36.1592,44.9171,47.5122,38.6730625,8.68427e-05,2.16729e-05,1.43574e-05,40.6127,46.6408,48.4292,42.343275,0.0,4.879647299647331
RWT65,9,RWT65/griffon_statue_P9.h5,59063,32768,1256,800,2360,5296,12288,4,0,22000,26272,48272,0.3724836191862926,0.44481316560283085,0.8172967847891235,0.000180226,2.82954e-05,1.56891e-05,37.4418,45.4828,48.044,39.7722,8.358e-05,2.21477e-05,1.40373e-05,40.779,46.5467,48.5272,42.4684875,0.0,4.919398844242096
