model_id,partition_id,sample,points,conditioning_lambda,x_low_bits,r1_bits,r2_bits,r3_bits,r4_bits,num_base_residual_streams,num_native_r5_streams,base_bits,enhancement_bits,full_bits,base_bpp,enhancement_bpp,full_bpp,base_y_mse,base_u_mse,base_v_mse,base_y_psnr,base_u_psnr,base_v_psnr,base_yuv_psnr_611,full_y_mse,full_u_mse,full_v_mse,full_y_psnr,full_u_psnr,full_v_psnr,full_yuv_psnr_611,hard_full_max_abs_difference,seconds
RWT115,0,RWT115/model_mesh_P0.h5,68949,32768,1144,224,672,2440,6480,4,0,10960,18000,28960,0.15895807045787466,0.26106252447461165,0.42002059493248634,8.9614e-05,2.47847e-05,1.3582e-05,40.4762,46.0582,48.6704,42.198224999999994,4.83831e-05,1.79762e-05,1.11706e-05,43.1531,47.453,49.5192,44.48635000000001,0.0,7.3709810972213745
RWT115,1,RWT115/model_mesh_P1.h5,68949,32768,1024,176,592,1928,6160,4,0,9880,19064,28944,0.14329431898939796,0.2764942203657776,0.41978853935517557,8.96269e-05,2.25522e-05,1.22193e-05,40.4756,46.4681,49.1295,42.306400000000004,4.38764e-05,1.56926e-05,1.03234e-05,43.5777,48.0431,49.8618,44.9213875,0.0,5.79216780513525
RWT115,10,RWT115/model_mesh_P10.h5,68949,32768,1016,184,728,1600,3576,4,0,7104,9128,16232,0.10303267632598007,0.13238770685579196,0.23542038318177202,4.51289e-05,1.56189e-05,1.64277e-05,43.4554,48.0635,47.8442,44.580012499999995,2.15538e-05,1.1464e-05,1.3051e-05,46.6648,49.4067,48.8436,47.279887499999994,0.0,5.83806785941124
RWT115,11,RWT115/model_mesh_P11.h5,68950,32768,1752,472,1456,4200,11080,4,0,18960,29256,48216,0.2749818709209572,0.4243074691805656,0.6992893401015229,0.000132859,3.31983e-05,2.93921e-05,38.7661,44.7888,45.3177,40.3378875,6.10771e-05,2.12895e-05,2.08481e-05,42.1412,46.7183,46.8093,43.29685,0.0,5.793293960392475
RWT115,12,RWT115/model_mesh_P12.h5,68949,32768,1184,64,360,1528,4576,4,0,7712,10616,18328,0.11185078826378918,0.1539688755456932,0.26581966380948235,5.85404e-05,1.60577e-05,1.04006e-05,42.3254,47.9432,49.8294,43.965625,3.23073e-05,1.14773e-05,9.12905e-06,44.907,49.4016,50.3957,46.1549125,0.0,5.658483751118183
RWT115,13,RWT115/model_mesh_P13.h5,68950,32768,1064,168,512,1928,6624,4,0,10296,17408,27704,0.14932559825960842,0.2524728063814358,0.4017984046410442,8.72538e-05,2.42428e-05,1.40546e-05,40.5922,46.1542,48.5218,42.27865,4.64071e-05,1.59814e-05,1.06506e-05,43.3342,47.9639,49.7262,44.711912500000004,0.0,5.600896582007408
RWT115,14,RWT115/model_mesh_P14.h5,68949,32768,1000,264,744,1808,4672,4,0,8488,13056,21544,0.12310548376336132,0.189357351085585,0.3124628348489463,6.33767e-05,1.65093e-05,1.48411e-05,41.9807,47.8227,48.2853,43.499025,3.08845e-05,1.24158e-05,1.27723e-05,45.1026,49.0602,48.9373,46.076637500000004,0.0,5.7599011063575745
RWT115,15,RWT115/model_mesh_P15.h5,68950,32768,1256,392,1648,4056,10216,4,0,17568,23040,40608,0.25479332849891223,0.33415518491660623,0.5889485134155185,0.000118833,2.9579e-05,1.77709e-05,39.2506,45.2902,47.5029,41.037087500000005,6.08152e-05,2.13642e-05,1.43518e-05,42.1599,46.7031,48.4309,43.511675000000004,0.0,5.713427633047104
RWT115,16,RWT115/model_mesh_P16.h5,68949,32768,1376,224,1000,3224,7808,4,0,13632,21616,35248,0.19771135186877256,0.31350708494684476,0.5112184368156173,0.000103935,3.80056e-05,1.45074e-05,39.8324,44.2015,48.3841,41.4475,6.13845e-05,2.56148e-05,1.15686e-05,42.1194,45.9151,49.3672,43.4998375,0.0,5.8682722598314285
RWT115,17,RWT115/model_mesh_P17.h5,68949,32768,1760,544,1744,4720,11944,4,0,20712,27240,47952,0.3003959448287865,0.395074620371579,0.6954705652003655,0.000128995,2.97646e-05,2.50528e-05,38.8943,45.263,46.0114,40.580025,6.17292e-05,2.14021e-05,1.76813e-05,42.0951,46.6954,47.5249,43.3488625,0.0,5.576278418302536
RWT115,18,RWT115/model_mesh_P18.h5,68949,32768,1736,488,1328,4072,11520,4,0,19144,23560,42704,0.27765449825233146,0.3417018375901028,0.6193563358424342,0.000118543,2.93305e-05,2.03807e-05,39.2612,45.3268,46.9078,40.975225,5.78207e-05,1.97987e-05,1.44902e-05,42.3792,47.0336,48.3893,43.712262499999994,0.0,5.616077743470669
RWT115,19,RWT115/model_mesh_P19.h5,68950,32768,1200,224,768,2904,6920,4,0,12016,15648,27664,0.17427121102248005,0.22694706308919507,0.4012182741116751,8.60638e-05,2.94603e-05,1.18084e-05,40.6518,45.3076,49.2781,42.312062499999996,5.18137e-05,2.14015e-05,1.01767e-05,42.8556,46.6956,49.9239,44.2191375,0.0,5.71387330442667
RWT115,2,RWT115/model_mesh_P2.h5,68949,32768,1008,72,344,1912,5216,4,0,8552,16192,24744,0.12403370607260439,0.23484024423849512,0.35887395031109953,8.42598e-05,2.43171e-05,9.97158e-06,40.7438,46.1409,50.0124,42.5770125,4.21631e-05,1.9092e-05,8.85995e-06,43.7507,47.1915,50.5257,45.027675,0.0,5.7676553055644035
RWT115,20,RWT115/model_mesh_P20.h5,68949,32768,1528,368,1000,3360,9328,4,0,15584,26248,41832,0.22602213230068602,0.3806871745783115,0.6067093068789975,0.000122904,3.27894e-05,2.52265e-05,39.1043,44.8427,45.9814,40.6812375,6.0802e-05,2.14502e-05,1.7901e-05,42.1608,46.6857,47.4712,43.390212500000004,0.0,5.785031266510487
RWT115,21,RWT115/model_mesh_P21.h5,68949,32768,1504,472,1664,5320,13272,4,0,22232,29872,52104,0.32244122467330927,0.43324776283919997,0.7556889875125092,0.000144931,2.4075e-05,2.44678e-05,38.3884,46.1843,46.114,40.3285875,6.76294e-05,1.62571e-05,1.58258e-05,41.6986,47.8896,48.0063,43.2609375,0.0,5.7515657767653465
RWT115,22,RWT115/model_mesh_P22.h5,68949,32768,1624,312,1072,3608,9368,4,0,15984,22712,38696,0.23182352173345516,0.32940289199263223,0.5612264137260874,0.000109342,2.87444e-05,2.53242e-05,39.6121,45.4145,45.9646,41.1314625,5.12094e-05,2.0224e-05,1.76773e-05,42.9065,46.9413,47.5258,43.988262500000005,0.0,5.762308232486248
RWT115,23,RWT115/model_mesh_P23.h5,68950,32768,1480,512,1880,5848,12264,4,0,21984,24848,46832,0.3188397389412618,0.3603770848440899,0.6792168237853518,0.000125994,2.20618e-05,2.34395e-05,38.9965,46.5636,46.3005,40.8553875,5.93339e-05,1.78892e-05,1.71984e-05,42.267,47.4741,47.6451,43.59015000000001,0.0,5.725222870707512
RWT115,24,RWT115/model_mesh_P24.h5,68949,32768,1424,304,1480,4592,11040,4,0,18840,28536,47376,0.2732454422834269,0.41387112213375105,0.6871165644171779,0.000131767,2.50576e-05,3.55144e-05,38.8019,46.0106,44.496,40.41475,5.62192e-05,1.73171e-05,2.24153e-05,42.5011,47.6152,46.4946,43.63955,0.0,5.759545214474201
RWT115,25,RWT115/model_mesh_P25.h5,68949,32768,1568,360,1400,4728,11944,4,0,20000,27160,47160,0.2900694716384574,0.39391434248502516,0.6839838141234825,0.000130686,2.77655e-05,3.04264e-05,38.8377,45.5649,45.1675,40.469825,6.08659e-05,1.96315e-05,2.03357e-05,42.1563,47.0705,46.9174,43.3657125,0.0,5.750071614980698
RWT115,26,RWT115/model_mesh_P26.h5,68949,32768,1376,480,1968,5536,12920,4,0,22280,25808,48088,0.32313739140524156,0.3743056462022654,0.697443037607507,0.000122786,2.45569e-05,3.32739e-05,39.1085,46.0983,44.779,40.6910375,5.72827e-05,1.70039e-05,2.25797e-05,42.4198,47.6945,46.4628,43.5845125,0.0,5.770888589322567
RWT115,27,RWT115/model_mesh_P27.h5,68950,32768,1400,432,1792,5936,14944,4,0,24504,27104,51608,0.3553879622915156,0.39309644670050764,0.7484844089920232,0.00012898,2.52631e-05,2.82111e-05,38.8948,45.9751,45.4958,40.6049625,6.35727e-05,1.63438e-05,1.73586e-05,41.9673,47.8665,47.6049,43.4094,0.0,5.748515754938126
RWT115,28,RWT115/model_mesh_P28.h5,68949,32768,1520,568,1960,5176,12704,4,0,21928,32856,54784,0.3180321687044047,0.4765261280076578,0.7945582967120626,0.000151439,2.96298e-05,2.83374e-05,38.1976,45.2827,45.4764,39.9930875,6.86871e-05,1.82605e-05,1.86455e-05,41.6312,47.3849,47.2943,43.0583,0.0,5.76215772330761
RWT115,29,RWT115/model_mesh_P29.h5,68950,32768,1488,600,2120,6720,16680,4,0,27608,35536,63144,0.4004060913705584,0.5153879622915156,0.915794053662074,0.000178446,2.31096e-05,2.48338e-05,37.4849,46.3621,46.0496,39.6651375,7.11838e-05,1.7519e-05,1.77696e-05,41.4762,47.5649,47.5032,42.9906625,0.0,5.755405627191067
RWT115,3,RWT115/model_mesh_P3.h5,68950,32768,720,16,56,256,832,4,0,1880,1648,3528,0.027266134880348077,0.02390137781000725,0.05116751269035533,1.05503e-05,5.20392e-06,4.19256e-06,49.7674,52.8367,53.7752,50.6520375,7.24868e-06,4.6592e-06,4.67899e-06,51.3974,53.3169,53.2985,51.87497499999999,0.0,5.82187370210886
RWT115,30,RWT115/model_mesh_P30.h5,68949,32768,1664,440,1816,5024,10960,4,0,19904,24904,44808,0.28867713817459284,0.36119450608420717,0.6498716442588,0.000123602,2.61494e-05,2.55484e-05,39.0797,45.8254,45.9264,40.77875,6.05587e-05,1.89343e-05,1.83777e-05,42.1782,47.2275,47.3571,43.456725,0.0,5.836154296994209
RWT115,31,RWT115/model_mesh_P31.h5,68950,32768,1504,528,2088,6616,14952,4,0,25688,28008,53696,0.3725598259608412,0.40620739666424943,0.7787672226250907,0.000148408,1.84631e-05,1.97026e-05,38.2854,47.3369,47.0548,40.5130125,6.6044e-05,1.42138e-05,1.51334e-05,41.8017,48.4729,48.2006,43.4354625,0.0,5.754121109843254
RWT115,4,RWT115/model_mesh_P4.h5,68949,32768,968,168,600,1584,4488,4,0,7808,13672,21480,0.11324312172765377,0.1982914908120495,0.31153461253970327,6.4716e-05,2.10451e-05,1.48799e-05,41.8899,46.7685,48.274,43.2977375,3.29796e-05,1.38856e-05,1.25549e-05,44.8175,48.5744,49.0119,45.8114125,0.0,5.7989223301410675
RWT115,5,RWT115/model_mesh_P5.h5,68949,32768,1272,256,928,2984,9368,4,0,14808,30224,45032,0.21476743680111388,0.4383529855400368,0.6531204223411508,0.0001373,4.34177e-05,1.7377e-05,38.6233,43.6233,47.6002,40.3704125,6.80692e-05,2.68763e-05,1.37337e-05,41.6705,45.7063,48.6221,43.043924999999994,0.0,5.748678550124168
RWT115,6,RWT115/model_mesh_P6.h5,68949,32768,1168,232,840,2208,5712,4,0,10160,15096,25256,0.14735529159233637,0.21894443719270765,0.366299728785044,7.48464e-05,2.54555e-05,2.11741e-05,41.2583,45.9422,46.742,42.529250000000005,2.95898e-05,1.58977e-05,1.4292e-05,45.2886,47.9867,48.4491,46.020925,0.0,5.934450879693031
RWT115,7,RWT115/model_mesh_P7.h5,68950,32768,1608,560,1504,3672,10288,4,0,17632,26864,44496,0.2557215373459028,0.38961566352429294,0.6453372008701957,0.000124048,3.40268e-05,2.3625e-05,39.0641,44.6818,46.2663,40.666587500000006,6.10108e-05,2.2617e-05,1.76215e-05,42.1459,46.4557,47.5396,43.3588375,0.0,5.782084293663502
RWT115,8,RWT115/model_mesh_P8.h5,68949,32768,896,32,168,1408,4856,4,0,7360,14416,21776,0.10674556556295232,0.2090820751570001,0.31582764071995245,7.59883e-05,2.42978e-05,8.94015e-06,41.1925,46.1443,50.4866,42.9732375,3.91164e-05,1.81284e-05,8.35416e-06,44.0764,47.4164,50.781,45.331975,0.0,5.724025689065456
RWT115,9,RWT115/model_mesh_P9.h5,68949,32768,736,8,32,168,688,4,0,1632,1680,3312,0.023669668885698124,0.02436583561763042,0.048035504503328545,1.08621e-05,5.01934e-06,5.537e-06,49.6409,52.9935,52.5673,50.425775,7.6852e-06,4.10209e-06,5.65365e-06,51.1434,53.8699,52.4767,51.650875000000006,0.0,5.778716325759888
RWT14,0,RWT14/mesh_P0.h5,50118,32768,1224,432,1864,7072,20488,4,0,31080,59208,90288,0.6201364779121273,1.1813719621692804,1.8015084400814079,0.000493743,1.49434e-05,6.94607e-06,33.065,48.2555,51.5826,37.2785125,9.06366e-05,1.41499e-05,6.69653e-06,40.427,48.4925,51.7415,42.849500000000006,0.0,4.1663898229599
RWT14,1,RWT14/mesh_P1.h5,50119,32768,1200,504,2096,6928,19192,4,0,29920,48384,78304,0.5969791895289212,0.9653823899120094,1.5623615794409307,0.00045708,1.80773e-05,9.5089e-06,33.4001,47.4287,50.2187,37.256,8.64737e-05,1.58113e-05,8.57179e-06,40.6312,48.0103,50.6693,42.808350000000004,0.0,4.286597676575184
RWT14,10,RWT14/mesh_P10.h5,50119,32768,856,360,1600,6464,20048,4,0,29328,56408,85736,0.5851673018216644,1.1254813543765838,1.7106486561982481,0.000401555,1.28291e-05,8.04486e-06,33.9626,48.9181,50.9448,37.9548125,9.23994e-05,1.29328e-05,7.82022e-06,40.3433,48.8831,51.0678,42.7513375,0.0,4.239723056554794
RWT14,11,RWT14/mesh_P11.h5,50119,32768,1144,456,2192,7752,22664,4,0,34208,61128,95336,0.6825355653544564,1.2196572158263332,1.9021927811807897,0.000512648,1.72879e-05,9.42991e-06,32.9018,47.6226,50.2549,36.9110375,9.01577e-05,1.48689e-05,9.00352e-06,40.45,48.2772,50.4559,42.6791375,0.0,4.363352082669735
RWT14,12,RWT14/mesh_P12.h5,50118,32768,1152,592,1904,7064,20024,4,0,30736,50688,81424,0.6132726764834989,1.0113731593439483,1.6246458358274471,0.000390298,1.34887e-05,7.94945e-06,34.086,48.7003,50.9966,38.0266125,8.53389e-05,1.31122e-05,7.84473e-06,40.6885,48.8232,51.0542,43.00104999999999,0.0,4.174585036933422
RWT14,13,RWT14/mesh_P13.h5,50119,32768,1192,496,1920,6976,19240,4,0,29824,48304,78128,0.5950637482790958,0.9637861888704883,1.558849937149584,0.000385553,1.21495e-05,8.19461e-06,34.1392,49.1544,50.8647,38.1067875,8.2808e-05,1.18944e-05,7.98497e-06,40.8193,49.2466,50.9773,43.1424625,0.0,4.182630553841591
RWT14,14,RWT14/mesh_P14.h5,50119,32768,1272,640,2456,8736,25952,4,0,39056,68992,108048,0.7792653484706399,1.3765637782078652,2.1558291266785052,0.000663156,1.86384e-05,1.08958e-05,31.7838,47.2959,49.6274,35.9532625,8.65606e-05,1.4941e-05,9.14557e-06,40.6268,48.2562,50.3879,42.8006125,0.0,4.337076388299465
RWT14,15,RWT14/mesh_P15.h5,50119,32768,1168,656,2560,8768,24592,4,0,37744,63640,101384,0.7530876513896926,1.2697779285300983,2.0228655799197908,0.000665182,1.71158e-05,1.94737e-05,31.7706,47.666,47.1055,35.6743875,8.08841e-05,1.36665e-05,1.54942e-05,40.9214,48.6434,48.0983,42.783762499999995,0.0,4.350832089781761
RWT14,16,RWT14/mesh_P16.h5,50118,32768,1072,456,1776,6816,21312,4,0,31432,56888,88320,0.6271599026297937,1.135081208348298,1.7622411109780918,0.000422582,1.57035e-05,1.02155e-05,33.7409,48.04,49.9074,37.5491,9.38602e-05,1.30419e-05,9.59528e-06,40.2752,48.8466,50.1794,42.584649999999996,0.0,4.148343965411186
RWT14,17,RWT14/mesh_P17.h5,50119,32768,920,344,1800,6192,17568,4,0,26824,42600,69424,0.5352062092220515,0.8499770546100281,1.3851832638320796,0.000296954,1.22035e-05,1.05505e-05,35.2731,49.1351,49.7673,38.817625,8.81424e-05,1.19762e-05,1.01536e-05,40.5482,49.2168,49.9338,42.804975,0.0,4.136743314564228
RWT14,18,RWT14/mesh_P18.h5,50118,32768,1160,608,2136,7104,17976,4,0,28984,40440,69424,0.5783151761842052,0.806895726086436,1.3852109022706414,0.000303817,1.30726e-05,1.18285e-05,35.1739,48.8364,49.2707,38.6438125,8.40268e-05,1.14728e-05,1.03726e-05,40.7558,49.4033,49.8411,42.9724,0.0,4.643997184932232
RWT14,19,RWT14/mesh_P19.h5,50119,32768,968,456,1864,5904,15312,4,0,24504,35200,59704,0.48891637901793733,0.702328458269319,1.1912448372872564,0.000265459,1.18984e-05,1.01285e-05,35.76,49.2451,49.9445,39.2187,8.42225e-05,1.1431e-05,9.60082e-06,40.7457,49.4192,50.1769,43.0087875,0.0,4.188864916563034
RWT14,2,RWT14/mesh_P2.h5,50118,32768,1272,480,1968,7168,22336,4,0,33224,66656,99880,0.6629155193742767,1.3299812442635381,1.9928967636378148,0.000571196,1.38272e-05,8.39174e-06,32.4321,48.5927,50.7615,36.74335,9.02864e-05,1.3061e-05,8.26452e-06,40.4438,48.8402,50.8278,42.79135,0.0,4.301371097564697
RWT14,20,RWT14/mesh_P20.h5,50118,32768,976,392,1664,5328,15568,4,0,23928,40328,64256,0.47743325751227106,0.8046610000399058,1.2820942575521768,0.000298586,1.39108e-05,8.65687e-06,35.2493,48.5665,50.6264,38.8360875,8.51486e-05,1.30999e-05,8.33751e-06,40.6982,48.8273,50.7896,42.9757625,0.0,4.233155943453312
RWT14,21,RWT14/mesh_P21.h5,50119,32768,896,456,1616,5696,15080,4,0,23744,37704,61448,0.4737524691234861,0.7522895508689319,1.226042019992418,0.000279557,1.09537e-05,9.78512e-06,35.5353,49.6044,50.0943,39.113812499999995,8.18982e-05,1.12754e-05,9.56793e-06,40.8673,49.4787,50.1918,43.1092875,0.0,4.380358554422855
RWT14,22,RWT14/mesh_P22.h5,50119,32768,1120,512,1904,6912,19680,4,0,30128,49088,79216,0.6011293122368763,0.9794289590773958,1.580558271314272,0.00039697,1.32763e-05,1.23855e-05,34.0124,48.7692,49.0709,37.7393125,8.15055e-05,1.1902e-05,1.11603e-05,40.8881,49.2438,49.5232,43.01195,0.0,4.276313304901123
RWT14,23,RWT14/mesh_P23.h5,50119,32768,1040,368,1488,5208,12832,4,0,20936,30104,51040,0.4177258125660927,0.6006504519244199,1.0183762644905126,0.000218197,8.86377e-06,1.0759e-05,36.6115,50.5238,49.6823,39.9843875,7.7701e-05,8.76085e-06,1.00603e-05,41.0957,50.5745,49.9739,43.390325000000004,0.0,4.169449761509895
RWT14,24,RWT14/mesh_P24.h5,50118,32768,936,464,1656,6552,19672,4,0,29280,51304,80584,0.5842212378786065,1.0236641525998644,1.607885390478471,0.000365217,1.28212e-05,8.08144e-06,34.3745,48.9207,50.9251,38.261599999999994,9.10006e-05,1.27357e-05,8.02439e-06,40.4096,48.9498,50.9559,42.7954125,0.0,4.245161093771458
RWT14,25,RWT14/mesh_P25.h5,50119,32768,1232,584,2200,7824,20912,4,0,32752,49560,82312,0.6534847063987709,0.9888465452223708,1.6423312516211417,0.000394178,1.43464e-05,9.27703e-06,34.0431,48.4326,50.3259,37.8771375,8.74777e-05,1.29976e-05,8.70471e-06,40.581,48.8614,50.6025,42.8687375,0.0,4.299677520990372
RWT14,26,RWT14/mesh_P26.h5,50119,32768,944,320,1480,4984,13432,4,0,21160,33384,54544,0.422195175482352,0.6660946946267883,1.0882898701091404,0.000255549,1.23138e-05,6.34241e-06,35.9253,49.0961,51.9775,39.578175,8.3182e-05,1.22615e-05,6.48187e-06,40.7997,49.1146,51.883,43.224475,0.0,4.242190331220627
RWT14,27,RWT14/mesh_P27.h5,50119,32768,1024,424,1968,7088,19752,4,0,30256,49768,80024,0.6036832339033101,0.9929966679303258,1.596679901833636,0.000399684,1.64178e-05,1.20647e-05,33.9828,47.8469,49.1848,37.6160625,8.89843e-05,1.4166e-05,9.6636e-06,40.5069,48.4875,50.1486,42.7096875,0.0,4.220960438251495
RWT14,28,RWT14/mesh_P28.h5,50118,32768,1368,672,2520,8544,22600,4,0,35704,50688,86392,0.7123987389760166,1.0113731593439483,1.7237718983199648,0.00040485,1.65799e-05,1.57085e-05,33.9271,47.8042,48.0386,37.425675000000005,8.69218e-05,1.36004e-05,1.31866e-05,40.6087,48.6645,48.7987,42.639424999999996,0.0,4.351213924586773
RWT14,29,RWT14/mesh_P29.h5,50119,32768,1272,576,2520,8464,23160,4,0,35992,55224,91216,0.7181308485803787,1.1018575789620704,1.819988427542449,0.000443903,1.30213e-05,9.9627e-06,33.5271,48.8535,50.0162,37.504037499999995,8.89801e-05,1.15301e-05,8.79592e-06,40.5071,49.3817,50.5572,42.872687500000005,0.0,4.317196995019913
RWT14,3,RWT14/mesh_P3.h5,50119,32768,1216,352,1816,6336,19184,4,0,28904,52712,81616,0.5767074363016021,1.0517368662583053,1.6284443025599074,0.000437336,1.45216e-05,8.23402e-06,33.5918,48.3799,50.8439,37.596824999999995,9.21055e-05,1.36547e-05,7.9649e-06,40.3571,48.6472,50.9882,42.72225,0.0,4.241144299507141
RWT14,30,RWT14/mesh_P30.h5,50119,32768,1384,512,2288,8248,22688,4,0,35120,52768,87888,0.7007322572277979,1.05285420698737,1.753586464215168,0.000436058,1.45782e-05,1.10946e-05,33.6046,48.3629,49.5489,37.442425,8.82452e-05,1.1913e-05,8.77402e-06,40.5431,49.2398,50.568,42.8833,0.0,4.302499257028103
RWT14,31,RWT14/mesh_P31.h5,50119,32768,1304,608,2656,8600,23512,4,0,36680,51752,88432,0.7318581775374609,1.032582453760051,1.7644406312975118,0.000430282,1.52884e-05,1.20343e-05,33.6625,48.1564,49.1958,37.4159,8.72797e-05,1.29846e-05,9.57545e-06,40.5909,48.8657,50.1884,42.8249375,0.0,4.3148389756679535
RWT14,4,RWT14/mesh_P4.h5,50118,32768,1064,472,1816,6720,20704,4,0,30776,60464,91240,0.6140707929286883,1.2064328185482263,1.8205036114769144,0.00045578,1.34525e-05,8.57225e-06,33.4124,48.712,50.6691,37.4819375,9.11975e-05,1.24097e-05,8.18791e-06,40.4002,49.0624,50.8683,42.791487499999995,0.0,4.176405064761639
RWT14,5,RWT14/mesh_P5.h5,50119,32768,1280,608,2288,8440,25584,4,0,38200,70208,108408,0.7621859973263633,1.4008260340389873,2.1630120313653505,0.00065335,2.23667e-05,1.20227e-05,31.8485,46.504,49.2,35.849375,9.03336e-05,1.65021e-05,9.98917e-06,40.4415,47.8246,50.0047,42.5597875,0.0,4.298254191875458
RWT14,6,RWT14/mesh_P6.h5,50119,32768,1208,480,1840,6984,21832,4,0,32344,65152,97496,0.6453440810870129,1.2999461282148486,1.9452902093018616,0.000510471,1.34771e-05,8.8599e-06,32.9203,48.704,50.5257,37.093937499999996,9.00547e-05,1.28932e-05,8.73129e-06,40.4549,48.8964,50.5892,42.776875000000004,0.0,4.161513589322567
RWT14,7,RWT14/mesh_P7.h5,50119,32768,1408,672,2616,9656,28648,4,0,43000,77912,120912,0.8579580598176341,1.5545401943374768,2.412498254155111,0.000919231,1.80902e-05,1.14377e-05,30.3658,47.4256,49.4166,34.879625,8.5143e-05,1.437e-05,9.86641e-06,40.6985,48.4254,50.0584,42.83435000000001,0.0,4.252251140773296
RWT14,8,RWT14/mesh_P8.h5,50118,32768,1152,520,2232,7664,23032,4,0,34600,64936,99536,0.6903707250887905,1.2956622371203959,1.9860329622091863,0.000565859,1.76213e-05,1.15522e-05,32.4729,47.5396,49.3733,36.468787500000005,9.13247e-05,1.51228e-05,9.89344e-06,40.3941,48.2037,50.0465,42.57685,0.0,4.318589024245739
RWT14,9,RWT14/mesh_P9.h5,50119,32768,1040,560,1928,7376,23328,4,0,34232,67872,102104,0.6830144256669127,1.3542169636265688,2.0372313892934817,0.000574461,1.60896e-05,9.05054e-06,32.4074,47.9346,50.4333,36.601537500000006,9.27517e-05,1.42524e-05,8.44558e-06,40.3268,48.4611,50.7337,42.64445,0.0,4.296326316893101
RWT144,0,RWT144/cabbage_model_P0.h5,64477,32768,2000,952,3736,11776,30712,4,0,49176,66616,115792,0.762690571831816,1.033174620407277,1.795865192239093,0.000405631,0.000107514,7.94752e-05,33.9187,39.6853,40.9977,35.5244,7.47932e-05,4.51351e-05,5.19601e-05,41.2614,43.4549,42.8433,41.733325,0.0,5.44459030777216
RWT144,1,RWT144/cabbage_model_P1.h5,64478,32768,1920,976,3288,10048,24824,4,0,41056,54856,95912,0.6367443158906914,0.8507708055460778,1.4875151214367692,0.000383382,8.11967e-05,5.31528e-05,34.1637,40.9046,42.7447,36.0789375,7.05076e-05,3.90939e-05,3.91368e-05,41.5176,44.0789,44.0741,42.157325,0.0,5.457211837172508
RWT144,10,RWT144/cabbage_model_P10.h5,64477,32768,1856,1112,4088,12392,30256,4,0,49704,60624,110328,0.7708795384400638,0.9402422569288273,1.7111217953688913,0.000345984,7.4649e-05,3.49651e-05,34.6094,41.2698,44.5637,36.686237500000004,8.23277e-05,4.08058e-05,3.13599e-05,40.8445,43.8928,45.0363,41.749512499999994,0.0,5.446791164577007
RWT144,11,RWT144/cabbage_model_P11.h5,64478,32768,1624,1088,3736,11696,26664,4,0,44808,55600,100408,0.6949347064114892,0.8623096249883682,1.5572443313998574,0.000327005,9.74285e-05,4.54411e-05,34.8545,40.1131,43.4255,36.583200000000005,8.09789e-05,4.56021e-05,3.60969e-05,40.9163,43.4101,44.4253,41.66665,0.0,5.508603177964687
RWT144,12,RWT144/cabbage_model_P12.h5,64477,32768,1544,592,2288,7536,14760,4,0,26720,27992,54712,0.41441134047799993,0.43413930548877894,0.8485506459667789,0.000137556,4.54998e-05,3.24575e-05,38.6152,43.4199,44.8869,39.999750000000006,6.33927e-05,3.42082e-05,2.83256e-05,41.9796,44.6587,45.4782,42.7518125,0.0,5.2183366268873215
RWT144,13,RWT144/cabbage_model_P13.h5,64478,32768,1688,824,2720,6848,10664,4,0,22744,15880,38624,0.35274046961754396,0.24628555476286484,0.5990260243804089,8.65269e-05,3.75253e-05,3.66228e-05,40.6285,44.2568,44.3625,41.5487875,5.36188e-05,3.10294e-05,3.14961e-05,42.7068,45.0823,45.0174,43.2925625,0.0,5.241184867918491
RWT144,14,RWT144/cabbage_model_P14.h5,64478,32768,1480,712,2880,8680,17544,4,0,31296,31376,62672,0.4853748565402153,0.48661558981357983,0.9719904463537951,0.000147773,4.28121e-05,4.5238e-05,38.3041,43.6843,43.445,39.6192375,6.971e-05,3.31634e-05,3.7965e-05,41.567,44.7934,44.2062,42.300200000000004,0.0,5.274448826909065
RWT144,15,RWT144/cabbage_model_P15.h5,64478,32768,1424,352,1552,4232,5968,4,0,13528,14032,27560,0.20980799652594684,0.21762461614814355,0.4274326126740904,7.97902e-05,3.79836e-05,2.82832e-05,40.9805,44.204,45.4847,41.946462499999996,4.73844e-05,3.20932e-05,2.48808e-05,43.2437,44.9359,46.0414,43.8049375,0.0,5.221795476973057
RWT144,16,RWT144/cabbage_model_P16.h5,64477,32768,1512,808,3632,13336,34536,4,0,53824,75152,128976,0.8347782930347256,1.1655629139072847,2.0003412069420103,0.000450199,9.85487e-05,0.000111891,33.466,40.0635,39.5121,35.04645,7.88035e-05,4.56494e-05,6.09621e-05,41.0345,43.4057,42.1494,41.470262500000004,0.0,5.541809573769569
RWT144,17,RWT144/cabbage_model_P17.h5,64478,32768,1856,896,3728,11704,29896,4,0,48080,66680,114760,0.7456806972920996,1.0341511833493595,1.779831880641459,0.000403816,9.4727e-05,6.01481e-05,33.9382,40.2353,42.2078,35.759037500000005,7.72544e-05,4.64002e-05,4.43864e-05,41.1208,43.3348,43.5275,41.69838750000001,0.0,5.509925179183483
RWT144,18,RWT144/cabbage_model_P18.h5,64477,32768,1608,1024,4016,13144,33352,4,0,53144,74024,127168,0.8242318966453154,1.148068303426028,1.9723002000713432,0.000464539,0.000146152,0.000103799,33.3298,38.352,39.8381,34.7711125,7.71728e-05,5.55918e-05,6.1055e-05,41.1254,42.5499,42.1428,41.4306375,0.0,5.730900913476944
RWT144,19,RWT144/cabbage_model_P19.h5,64478,32768,1904,1008,3856,13152,34824,4,0,54744,76472,131216,0.8490337789633674,1.1860169360091815,2.0350507149725487,0.000392702,0.000198215,0.000100304,34.0594,37.0286,39.9868,35.171475,7.74474e-05,7.01245e-05,5.99594e-05,41.1099,41.5413,42.2214,41.3027625,0.0,5.527590781450272
RWT144,2,RWT144/cabbage_model_P2.h5,64477,32768,1432,768,3960,13120,32304,4,0,51584,67560,119144,0.800037222575492,1.0478155001008111,1.847852722676303,0.000318468,8.28826e-05,0.00011072,34.9693,40.8154,39.5577,36.2736125,8.06352e-05,4.10944e-05,5.87113e-05,40.9348,43.8622,42.3128,41.472975,0.0,5.5541782304644585
RWT144,20,RWT144/cabbage_model_P20.h5,64477,32768,2000,1064,4368,13872,35816,4,0,57120,74752,131872,0.8858972967104549,1.1593591513252788,2.0452564480357336,0.000390323,0.000115179,8.15902e-05,34.0858,39.3863,40.8836,35.5980875,8.13996e-05,5.10832e-05,5.12759e-05,40.8938,42.9172,42.9009,41.397612499999994,0.0,5.365993909537792
RWT144,21,RWT144/cabbage_model_P21.h5,64478,32768,1584,824,3624,12200,30568,4,0,48800,66120,114920,0.7568472967523806,1.0254660504358075,1.7823133471881882,0.000377347,7.28077e-05,7.23953e-05,34.2326,41.3782,41.4029,36.0220875,8.15043e-05,4.05409e-05,4.73604e-05,40.8882,43.9211,43.2458,41.562012499999994,0.0,5.571561425924301
RWT144,22,RWT144/cabbage_model_P22.h5,64478,32768,1960,1064,4048,13272,32832,4,0,53176,71088,124264,0.824715406805422,1.1025155867117467,1.9272309935171688,0.000391518,0.000139206,0.000110819,34.0725,38.5634,39.5539,35.3190375,7.78432e-05,5.51489e-05,6.2766e-05,41.0878,42.5846,42.0228,41.391775,0.0,5.3460012674331665
RWT144,23,RWT144/cabbage_model_P23.h5,64478,32768,1600,984,3736,12192,30696,4,0,49208,64976,114184,0.76317503644654,1.0077235646266944,1.7708986010732344,0.000363284,8.26114e-05,8.19665e-05,34.3975,40.8296,40.8636,36.009775,7.9541e-05,4.21603e-05,4.94705e-05,40.9941,43.751,43.0565,41.5965125,0.0,5.57221008092165
RWT144,24,RWT144/cabbage_model_P24.h5,64477,32768,1480,1072,4176,12712,30208,4,0,49648,60496,110144,0.7700110116785831,0.9382570529025854,1.7082680645811685,0.000303957,9.14489e-05,4.24843e-05,35.1719,40.3882,43.7177,36.8921625,7.86864e-05,4.50719e-05,3.66923e-05,41.041,43.4609,44.3543,41.75765,0.0,5.324653498828411
RWT144,25,RWT144/cabbage_model_P25.h5,64478,32768,1824,1104,4032,12656,31064,4,0,50680,60608,111288,0.7860045286764478,0.9399795279009895,1.7259840565774374,0.000310412,8.34557e-05,3.83541e-05,35.0806,40.7854,44.1619,36.928862499999994,8.01537e-05,4.4707e-05,3.32834e-05,40.9608,43.4962,44.7777,41.754837499999994,0.0,5.280032940208912
RWT144,26,RWT144/cabbage_model_P26.h5,64478,32768,1616,1096,3536,11128,25096,4,0,42472,46048,88520,0.6587052948292441,0.7141660721486398,1.372871366977884,0.000234459,5.27958e-05,3.62238e-05,36.2993,42.774,44.4101,38.1224875,8.04417e-05,3.53137e-05,3.16885e-05,40.9452,44.5206,44.991,41.89785,0.0,5.39654166996479
RWT144,27,RWT144/cabbage_model_P27.h5,64478,32768,1608,848,3432,10064,22504,4,0,38456,40056,78512,0.5964204845063432,0.6212351499736344,1.2176556344799776,0.000199853,5.20759e-05,2.8887e-05,36.9929,42.8336,45.393,38.772999999999996,7.69052e-05,3.53075e-05,2.70532e-05,41.1404,44.5213,45.6778,42.1301875,0.0,5.434862606227398
RWT144,28,RWT144/cabbage_model_P28.h5,64477,32768,1408,648,2608,7152,13280,4,0,25096,20800,45896,0.3892240643950556,0.3225956542643113,0.7118197186593669,0.00010555,3.38779e-05,4.36386e-05,39.7654,44.7008,43.6013,40.8618125,5.91205e-05,2.87678e-05,3.62032e-05,42.2826,45.4109,44.4125,42.939875,0.0,5.276861131191254
RWT144,29,RWT144/cabbage_model_P29.h5,64478,32768,1552,656,2512,7968,15744,4,0,28432,28528,56960,0.4409566053537641,0.44244548528180155,0.8834020906355656,0.000141679,3.94884e-05,4.04566e-05,38.4869,44.0353,43.9301,39.86085,6.49602e-05,2.99052e-05,3.29292e-05,41.8735,45.2425,44.8242,42.6634625,0.0,5.314357526600361
RWT144,3,RWT144/cabbage_model_P3.h5,64478,32768,1704,832,3480,9912,23120,4,0,39048,47616,86664,0.605601910729241,0.7384844443065852,1.3440863550358262,0.000336871,6.84078e-05,5.46348e-05,34.7254,41.6489,42.6253,36.578325,7.51912e-05,3.79814e-05,3.88794e-05,41.2383,44.2043,44.1028,41.9671125,0.0,5.709353655576706
RWT144,30,RWT144/cabbage_model_P30.h5,64478,32768,1456,432,1552,4032,7288,4,0,14760,15992,30752,0.22891528893576105,0.24802258134557523,0.4769378702813363,8.43104e-05,2.97048e-05,3.74878e-05,40.7412,45.2717,44.2611,41.7475,4.94718e-05,2.4632e-05,3.08716e-05,43.0564,46.085,45.1044,43.690974999999995,0.0,5.567698493599892
RWT144,31,RWT144/cabbage_model_P31.h5,64478,32768,1480,736,2728,7104,12560,4,0,24608,18872,43480,0.3816495548869382,0.29268897918669934,0.6743385340736375,0.000101486,3.22071e-05,3.4285e-05,39.9359,44.9205,44.649,41.148112499999996,5.93255e-05,2.64583e-05,2.9479e-05,42.2676,45.7744,45.3049,43.085612499999996,0.0,5.254915617406368
RWT144,32,RWT144/cabbage_model_P32.h5,64477,32768,1968,1064,4584,15616,43632,4,0,66864,98176,165040,1.0370209532081207,1.5226514881275495,2.55967244133567,0.000596294,0.000121447,7.60495e-05,32.2454,39.1561,41.189,34.2271875,8.9535e-05,4.821e-05,4.81004e-05,40.4801,43.1686,43.1785,41.1534625,0.0,5.920303925871849
RWT144,33,RWT144/cabbage_model_P33.h5,64478,32768,2152,1288,4464,13536,33456,4,0,54896,71592,126488,0.8513911721827601,1.1103322063339434,1.9617233785167034,0.000415186,0.000130346,4.99905e-05,33.8176,38.849,43.0111,35.5957125,8.6091e-05,5.15027e-05,3.66605e-05,40.6504,42.8817,44.358,41.3927625,0.0,5.522839643061161
RWT144,34,RWT144/cabbage_model_P34.h5,64477,32768,1864,984,3864,13016,36208,4,0,55936,82912,138848,0.8675341594677172,1.285915907998201,2.153450067465918,0.000471993,0.000202034,0.000107702,33.2606,36.9458,39.6778,34.523399999999995,7.80894e-05,6.78924e-05,6.44506e-05,41.0741,41.6818,41.9077,41.254262499999996,0.0,5.523601971566677
RWT144,35,RWT144/cabbage_model_P35.h5,64478,32768,1936,944,3928,13200,37488,4,0,57496,88032,145528,0.8917150035671082,1.3653028940103602,2.257017897577468,0.000550355,0.000214199,0.000116585,32.5936,36.6918,39.3336,33.948375,7.78008e-05,7.11658e-05,7.05324e-05,41.0902,41.4773,41.5161,41.191825,0.0,5.500571146607399
RWT144,36,RWT144/cabbage_model_P36.h5,64477,32768,2192,1096,4416,14384,37704,4,0,59792,87056,146848,0.9273384307582548,1.350186888347783,2.277525319106038,0.000596274,9.92746e-05,7.02539e-05,32.2455,40.0316,41.5333,34.379737500000005,8.06256e-05,4.35283e-05,4.5892e-05,40.9353,43.6123,43.3826,41.57583749999999,0.0,5.545204572379589
RWT144,37,RWT144/cabbage_model_P37.h5,64478,32768,2192,1312,4496,14776,38400,4,0,61176,85968,147144,0.9487887341418778,1.3332919755575545,2.282080709699432,0.000575414,0.000143387,5.09904e-05,32.4002,38.4349,42.9251,34.47015,8.38589e-05,5.43571e-05,3.88798e-05,40.7645,42.6474,44.1028,41.41715,0.0,5.486136198043823
RWT144,38,RWT144/cabbage_model_P38.h5,64478,32768,2040,1000,3968,12776,34512,4,0,54296,78928,133224,0.8420856726325259,1.2241074475014733,2.0661931201339994,0.000471526,0.000104038,9.41898e-05,33.2649,39.8281,40.26,34.9596875,7.62904e-05,4.26827e-05,5.42161e-05,41.1753,43.6975,42.6587,41.676,0.0,5.486364625394344
RWT144,39,RWT144/cabbage_model_P39.h5,64478,32768,2072,1224,4592,14376,37064,4,0,59328,84944,144272,0.9201277955271565,1.3174105896584882,2.2375383851856445,0.000558172,0.000155485,6.67943e-05,32.5323,38.0831,41.7526,34.3786875,7.97432e-05,5.80979e-05,4.63213e-05,40.9831,42.3584,43.3422,41.4499,0.0,5.500421330332756
RWT144,4,RWT144/cabbage_model_P4.h5,64477,32768,1952,1048,3912,12192,31688,4,0,50792,72240,123032,0.7877537726631202,1.1203995223102812,1.9081532949734015,0.000434221,0.0001116,8.10478e-05,33.6229,39.5234,40.9126,35.271675,7.54065e-05,4.41924e-05,4.86e-05,41.2259,43.5465,43.1336,41.7544375,0.0,5.471218645572662
RWT144,40,RWT144/cabbage_model_P40.h5,64477,32768,1736,792,2776,6560,11840,4,0,23704,20824,44528,0.36763497060967476,0.32296788001923166,0.6906028506289065,0.000115468,4.46052e-05,2.96672e-05,39.3754,43.5061,45.2772,40.6294625,6.32032e-05,3.57005e-05,2.75375e-05,41.9926,44.4733,45.6008,42.7537125,0.0,5.401035480201244
RWT144,41,RWT144/cabbage_model_P41.h5,64478,32768,1552,1088,4088,11520,25560,4,0,43808,48440,92248,0.6794255404944322,0.7512639970222401,1.4306895375166724,0.00026272,5.83995e-05,3.69897e-05,35.8051,42.3359,44.3192,37.6857125,8.20864e-05,3.88048e-05,3.24136e-05,40.8573,44.1111,44.8927,41.76845,0.0,5.464621260762215
RWT144,42,RWT144/cabbage_model_P42.h5,64478,32768,1576,968,3000,8888,21264,4,0,35696,47360,83056,0.553615186575266,0.7345140978318186,1.2881292844070846,0.000295607,7.77802e-05,4.01412e-05,35.2929,41.0913,43.9641,37.101600000000005,6.75969e-05,3.70961e-05,3.35166e-05,41.7007,44.3067,44.7474,42.407287499999995,0.0,5.27605789154768
RWT144,43,RWT144/cabbage_model_P43.h5,64478,32768,1832,992,3264,9320,19744,4,0,35152,41856,77008,0.545178200316387,0.6491516486243369,1.194329848940724,0.00023249,6.91508e-05,4.14326e-05,36.336,41.602,43.8266,37.930575,6.63373e-05,3.93224e-05,3.53797e-05,41.7824,44.0536,44.5125,42.407562500000004,0.0,5.295974142849445
RWT144,44,RWT144/cabbage_model_P44.h5,64477,32768,1616,424,1544,3952,6760,4,0,14296,14408,28704,0.22172247468089396,0.22345952820385565,0.44518200288474963,8.21417e-05,3.41966e-05,3.6522e-05,40.8544,44.6602,44.3745,41.770137500000004,4.82477e-05,3.00319e-05,3.21832e-05,43.1652,45.2242,44.9237,43.6423875,0.0,5.499150700867176
RWT144,45,RWT144/cabbage_model_P45.h5,64478,32768,1216,592,2344,6480,11256,4,0,21888,23128,45016,0.3394646235925432,0.3586959893296939,0.6981606129222371,0.000119243,3.31732e-05,4.15035e-05,39.2357,44.7921,43.8191,40.503175,6.15868e-05,2.85186e-05,3.55488e-05,42.1051,45.4487,44.4918,42.8213875,0.0,5.4781743586063385
RWT144,46,RWT144/cabbage_model_P46.h5,64478,32768,1832,568,1872,4768,9720,4,0,18760,21784,40544,0.290951952603989,0.3378516703371693,0.6288036229411582,0.000122762,3.0222e-05,3.16697e-05,39.1094,45.1968,44.9936,40.605850000000004,5.53433e-05,2.4523e-05,2.61155e-05,42.5693,46.1043,45.831,43.418887500000004,0.0,5.455842919647694
RWT144,47,RWT144/cabbage_model_P47.h5,64478,32768,1520,504,1944,5272,8240,4,0,17480,16360,33840,0.271100220230156,0.2537299544030522,0.5248301746332082,9.27283e-05,3.27441e-05,4.10772e-05,40.3279,44.8487,43.864,41.3350125,5.02423e-05,2.76308e-05,3.64077e-05,42.9893,45.5861,44.3881,43.488749999999996,0.0,5.51770681142807
RWT144,48,RWT144/cabbage_model_P48.h5,64477,32768,2072,1352,5216,17984,50776,4,0,77400,117520,194920,1.2004280596181585,1.822665446593359,3.0230935062115174,0.000738209,0.000496656,0.000130481,31.3182,33.0394,38.8445,32.4741375,8.29838e-05,0.000132112,8.50007e-05,40.8101,38.7906,40.7058,40.544624999999996,0.0,5.484445795416832
RWT144,49,RWT144/cabbage_model_P49.h5,64478,32768,2208,1592,5288,16976,46552,4,0,72616,107032,179648,1.1262135922330097,1.6599770464344428,2.7861906386674526,0.000695892,0.000285578,0.000110551,31.5746,35.4427,39.5644,33.0568375,8.29267e-05,8.90999e-05,6.61776e-05,40.8131,40.5012,41.7929,40.896587499999995,0.0,20.341833375394344
RWT144,5,RWT144/cabbage_model_P5.h5,64478,32768,1992,1032,3808,11856,30000,4,0,48688,66528,115216,0.7551102701696703,1.0317937901299667,1.786904060299637,0.00048195,0.000114048,5.57993e-05,33.17,39.4291,42.5337,35.12285,7.2171e-05,4.47298e-05,3.6713e-05,41.4164,43.494,44.3518,42.043025,0.0,5.617947913706303
RWT144,50,RWT144/cabbage_model_P50.h5,64477,32768,1304,864,3472,11632,27864,4,0,45136,56024,101160,0.7000325697535555,0.8688989872357585,1.568931556989314,0.000296689,8.72395e-05,9.42959e-05,35.277,40.5929,40.2551,36.56375,7.96774e-05,4.41039e-05,5.4148e-05,40.9866,43.5552,42.6642,41.517375,0.0,5.504002928733826
RWT144,51,RWT144/cabbage_model_P51.h5,64478,32768,1240,912,3936,12688,31312,4,0,50088,68952,119040,0.77682310245355,1.069388008312913,1.846211110766463,0.000354788,0.000106827,0.000110639,34.5003,39.7132,39.5609,35.7844875,8.26963e-05,4.58589e-05,6.40563e-05,40.8251,43.3858,41.9344,41.28385,0.0,5.48924870043993
RWT144,52,RWT144/cabbage_model_P52.h5,64477,32768,1600,960,4048,13136,32856,4,0,52600,65032,117632,0.8157947795337872,1.0086077205825332,1.8244025001163207,0.000330135,8.97217e-05,9.52108e-05,34.8131,40.471,40.2131,36.1953375,7.73015e-05,4.07912e-05,5.45387e-05,41.1181,43.8943,42.633,41.654487499999995,0.0,5.523217789828777
RWT144,53,RWT144/cabbage_model_P53.h5,64478,32768,1968,1312,4576,13576,34920,4,0,56352,82432,138784,0.873972517757995,1.2784515648748411,2.152424082632836,0.000582001,0.000205266,7.58003e-05,32.3508,36.8768,41.2033,34.0231125,7.37376e-05,6.30661e-05,4.90553e-05,41.3231,42.002,43.0931,41.629212499999994,0.0,5.52637105435133
RWT144,54,RWT144/cabbage_model_P54.h5,64478,32768,1864,920,4256,13920,36112,4,0,57072,80416,137488,0.885139117218276,1.247185086386054,2.13232420360433,0.000458308,0.000110645,9.33656e-05,33.3884,39.5607,40.2981,35.023649999999996,7.99679e-05,4.89438e-05,5.67434e-05,40.9708,43.103,42.4608,41.423575,0.0,5.484697833657265
RWT144,55,RWT144/cabbage_model_P55.h5,64478,32768,1216,840,3960,13800,38072,4,0,57888,87936,145824,0.8977945966065946,1.3638140140823227,2.261608610688917,0.00052884,0.000131194,0.000131646,32.7668,38.8209,38.8059,34.27845,8.72653e-05,5.14415e-05,7.22587e-05,40.5916,42.8869,41.4111,40.98095,0.0,5.419176898896694
RWT144,56,RWT144/cabbage_model_P56.h5,64477,32768,1688,960,3368,9672,21400,4,0,37088,39904,76992,0.575212866603595,0.6188873551809172,1.1941002217845123,0.000284165,7.15895e-05,3.29114e-05,35.4643,41.4515,44.8265,37.382975,7.27682e-05,4.14217e-05,2.85906e-05,41.3806,43.8277,45.4378,42.1936375,0.0,5.836355395615101
RWT144,57,RWT144/cabbage_model_P57.h5,64478,32768,1688,904,3520,11032,26864,4,0,44008,54280,98288,0.6825273736778436,0.8418375259778529,1.5243648996556964,0.000329052,8.03624e-05,5.82166e-05,34.8274,40.9495,42.3495,36.532925,8.07379e-05,4.06779e-05,3.87628e-05,40.9292,43.9064,44.1159,41.6996875,0.0,5.944222778081894
RWT144,58,RWT144/cabbage_model_P58.h5,64478,32768,1888,1024,4056,13168,34912,4,0,55048,82040,137088,0.8537485654021527,1.2723719718353548,2.126120537237507,0.000511133,0.000134739,6.86963e-05,32.9147,38.7051,41.6307,34.728,8.10253e-05,5.58671e-05,5.07919e-05,40.9138,42.5284,42.9421,41.369162499999995,0.0,5.346016116440296
RWT144,59,RWT144/cabbage_model_P59.h5,64478,32768,1528,848,3528,12240,30088,4,0,48232,60192,108424,0.7480380905114923,0.9335277148794938,1.681565805390986,0.000354644,7.94981e-05,5.39502e-05,34.5021,40.9964,42.6801,36.3361375,8.40343e-05,4.31434e-05,4.0806e-05,40.7554,43.6509,43.8928,41.5095125,0.0,5.328917562961578
RWT144,6,RWT144/cabbage_model_P6.h5,64478,32768,2096,984,3616,11528,28672,4,0,46896,61992,108888,0.7273178448463041,0.9614442135301964,1.6887620583765006,0.000352023,0.000117754,6.78078e-05,34.5343,39.2902,41.6872,36.0229,7.02899e-05,4.52411e-05,4.08472e-05,41.5311,43.4447,43.8884,42.0649625,0.0,5.349669501185417
RWT144,60,RWT144/cabbage_model_P60.h5,64477,32768,1520,424,1504,3952,6232,4,0,13632,12472,26104,0.21142422879476402,0.19343331730694666,0.4048575461017107,7.23842e-05,2.9326e-05,3.1282e-05,41.4036,45.3275,45.0471,42.349525,4.61172e-05,2.53689e-05,2.71538e-05,43.3614,45.957,45.6617,43.9733875,0.0,5.2713318541646
RWT144,61,RWT144/cabbage_model_P61.h5,64478,32768,1616,744,2376,5200,7976,4,0,17912,11944,29856,0.27780017990632466,0.18524147771332858,0.4630416576196532,7.14172e-05,3.28807e-05,2.57773e-05,41.462,44.8306,45.8876,42.436275,4.68981e-05,2.7584e-05,2.34328e-05,43.2884,45.5934,46.3018,43.9532,0.0,5.308203503489494
RWT144,62,RWT144/cabbage_model_P62.h5,64478,32768,1384,536,2768,9312,20664,4,0,34664,38472,73136,0.5376097273488631,0.5966686311610162,1.1342783585098792,0.000206565,5.36955e-05,4.99802e-05,36.8494,42.7006,43.012,38.351125,7.26124e-05,3.52944e-05,4.0177e-05,41.3899,44.5229,43.9602,42.1028125,0.0,5.304544128477573
RWT144,63,RWT144/cabbage_model_P63.h5,64478,32768,1496,824,3616,10560,20968,4,0,37464,31384,68848,0.5810353919166227,0.48673966314091627,1.0677750550575391,0.000152649,5.21642e-05,4.59563e-05,38.1631,42.8263,43.3765,39.397675,7.49551e-05,3.39965e-05,3.43957e-05,41.252,44.6857,44.635,42.1040875,0.0,5.322149328887463
RWT144,7,RWT144/cabbage_model_P7.h5,64478,32768,2016,1000,3856,12648,32432,4,0,51952,74368,126320,0.8057321877229443,1.1533856509196936,1.9591178386426378,0.000443818,0.000192476,9.01404e-05,33.528,37.1562,40.4508,34.846875000000004,7.53033e-05,6.49756e-05,5.79936e-05,41.2319,41.8725,42.3662,41.4537625,0.0,5.436435528099537
RWT144,8,RWT144/cabbage_model_P8.h5,64477,32768,1672,1056,3608,11056,26672,4,0,44064,56552,100616,0.6834064860337795,0.8770879538440064,1.5604944398777858,0.000317203,6.49196e-05,3.96072e-05,34.9866,41.8762,44.0223,36.977262499999995,7.64271e-05,3.71887e-05,3.24464e-05,41.1675,44.2959,44.8883,42.02365,0.0,5.416678614914417
RWT144,9,RWT144/cabbage_model_P9.h5,64478,32768,1808,1216,3840,10760,22792,4,0,40416,45096,85512,0.626818449703775,0.6994013461956016,1.3262197958993764,0.000227336,7.1291e-05,3.88694e-05,36.4333,41.4697,44.1039,38.021675,7.16151e-05,4.03852e-05,3.28788e-05,41.45,43.9378,44.8308,42.183575000000005,0.0,5.432297073304653
RWT158,0,RWT158/sutr13_P0.h5,90046,32768,2080,928,3288,9616,22312,4,0,38224,41816,80040,0.42449414743575503,0.46438486995535616,0.8888790173911112,0.000166753,3.10087e-05,1.64189e-05,37.7793,45.0852,47.8465,39.950937499999995,7.71733e-05,2.50275e-05,1.4295e-05,41.1253,46.0158,48.4482,42.651975,0.0,7.612594306468964
RWT158,1,RWT158/sutr13_P1.h5,90046,32768,1984,1032,3568,11344,27112,4,0,45040,54512,99552,0.5001887923949981,0.6053794727139462,1.1055682651089442,0.000212633,2.38156e-05,1.39484e-05,36.7237,46.2314,48.5547,39.391037499999996,8.16814e-05,2.02366e-05,1.23919e-05,40.8788,46.9386,49.0686,42.66,0.0,7.669449612498283
RWT158,10,RWT158/sutr13_P10.h5,90046,32768,2096,912,3800,10920,24256,4,0,41984,45040,87024,0.4662505830353375,0.5001887923949981,0.9664393754303356,0.000178398,2.38998e-05,1.83568e-05,37.4861,46.216,47.362,39.811825000000006,7.60783e-05,2.0235e-05,1.61555e-05,41.1874,46.939,47.9168,42.747525,0.0,7.317178875207901
RWT158,11,RWT158/sutr13_P11.h5,90046,32768,2016,944,3512,9904,21384,4,0,37760,42480,80240,0.4193412255958066,0.4717588787952824,0.891100104391089,0.0001642,2.91283e-05,1.62327e-05,37.8463,45.3568,47.8961,40.0413375,7.50235e-05,2.28754e-05,1.41379e-05,41.248,46.4063,48.4962,42.7988125,0.0,7.158812656998634
RWT158,12,RWT158/sutr13_P12.h5,90046,32768,2016,1176,3992,12464,30240,4,0,49888,59016,108904,0.5540279412744598,0.655398351953446,1.2094262932279058,0.000225813,2.39811e-05,1.72568e-05,36.4625,46.2013,47.6304,39.0758375,8.64237e-05,1.96295e-05,1.49727e-05,40.6337,47.0709,48.247,42.3900125,0.0,7.456204436719418
RWT158,13,RWT158/sutr13_P13.h5,90046,32768,2456,1104,4080,12192,28384,4,0,48216,54192,102408,0.5354596539546455,0.6018257335139817,1.137285387468627,0.00021554,2.36526e-05,1.20259e-05,36.6647,46.2612,49.1988,39.431025000000005,8.30166e-05,1.97324e-05,1.04562e-05,40.8083,47.0482,49.8063,42.713037500000006,0.0,7.42928921431303
RWT158,14,RWT158/sutr13_P14.h5,90046,32768,2200,1000,3776,11360,25944,4,0,44280,53728,98008,0.49174866179508253,0.5966728116740333,1.0884214734691158,0.000211877,2.274e-05,1.19451e-05,36.7392,46.4321,49.2281,39.511925,8.42952e-05,1.92144e-05,1.07304e-05,40.742,47.1637,49.6939,42.6637,0.0,7.463016629219055
RWT158,15,RWT158/sutr13_P15.h5,90047,32768,2304,1056,4136,12392,28536,4,0,48424,50288,98712,0.5377636123357802,0.5584639132897264,1.0962275256255067,0.00019108,2.78435e-05,1.84408e-05,37.1878,45.5528,47.3422,39.502725,8.49386e-05,2.09034e-05,1.52247e-05,40.709,46.7978,48.1745,42.403287500000005,0.0,7.430323980748653
RWT158,16,RWT158/sutr13_P16.h5,90046,32768,2232,1152,4312,12504,29952,4,0,50152,58920,109072,0.5569597761144304,0.6543322301934567,1.2112920063078871,0.000215454,3.56318e-05,2.08175e-05,36.6664,44.4816,46.8157,38.9119625,8.44942e-05,2.42104e-05,1.64126e-05,40.7317,46.16,47.8482,42.299800000000005,0.0,7.4403674602508545
RWT158,17,RWT158/sutr13_P17.h5,90046,32768,2432,1144,4200,12144,28592,4,0,48512,51816,100328,0.5387468627146126,0.5754392199542456,1.114186082668858,0.00019313,3.64074e-05,1.66053e-05,37.1415,44.3881,47.7975,39.379325,8.11253e-05,2.59088e-05,1.35177e-05,40.9084,45.8655,48.691,42.5008625,0.0,7.4463111609220505
RWT158,18,RWT158/sutr13_P18.h5,90046,32768,1960,944,4144,12416,31768,4,0,51232,67392,118624,0.5689536459143104,0.7484174755125158,1.3173711214268262,0.000243574,3.31355e-05,2.51613e-05,36.1337,44.7971,45.9927,38.449,8.83348e-05,2.42108e-05,1.97002e-05,40.5387,46.1599,47.0553,42.055924999999995,0.0,7.4864054545760155
RWT158,19,RWT158/sutr13_P19.h5,90046,32768,2144,1112,3896,10832,24864,4,0,42848,51456,94304,0.47584567887524154,0.5714412633542856,1.0472869422295272,0.000187961,3.23486e-05,1.78304e-05,37.2593,44.9014,47.4884,39.49320000000001,7.77017e-05,2.39143e-05,1.45534e-05,41.0957,46.2134,48.3703,42.6447375,0.0,7.384298510849476
RWT158,2,RWT158/sutr13_P2.h5,90046,32768,2144,984,3520,10584,25848,4,0,43080,51088,94168,0.4784221397952158,0.5673544632743265,1.0457766030695423,0.000188751,4.08648e-05,1.71267e-05,37.2411,43.8865,47.6632,39.3745375,8.07266e-05,2.86012e-05,1.41595e-05,40.9298,45.4362,48.4895,42.4380625,0.0,7.467832304537296
RWT158,20,RWT158/sutr13_P20.h5,90046,32768,2200,856,3024,8584,17576,4,0,32240,35336,67576,0.3580392243964196,0.3924216511560758,0.7504608755524954,0.00014861,2.57897e-05,7.90054e-06,38.2795,45.8855,51.0234,40.8232375,6.64594e-05,2.15952e-05,7.50399e-06,41.7744,46.6564,51.2471,43.5687375,0.0,7.295274659991264
RWT158,21,RWT158/sutr13_P21.h5,90046,32768,2088,952,2872,8544,18224,4,0,32680,40400,73080,0.3629256157963707,0.4486595739955134,0.8115851897918841,0.000170003,1.92545e-05,6.53071e-06,37.6954,47.1547,51.8504,40.647187499999994,7.24232e-05,1.7514e-05,6.40299e-06,41.4012,47.5661,51.9362,43.4886875,0.0,7.189676634967327
RWT158,22,RWT158/sutr13_P22.h5,90046,32768,2344,1120,3696,10744,25976,4,0,43880,60600,104480,0.4873064877951269,0.6729893609932701,1.160295848788397,0.000246511,1.90275e-05,6.27417e-06,36.0816,47.2062,52.0244,39.465025000000004,8.1832e-05,1.76371e-05,6.15685e-06,40.8708,47.5357,52.1064,43.108362500000005,0.0,7.452996462583542
RWT158,23,RWT158/sutr13_P23.h5,90047,32768,2312,1160,3832,11400,26368,4,0,45072,53408,98480,0.5005386076160228,0.5931124857019112,1.093651093317934,0.000210731,2.26439e-05,8.79264e-06,36.7627,46.4505,50.5588,39.6981875,7.71933e-05,2.03352e-05,8.23951e-06,41.1242,46.9175,50.841,43.062962500000005,0.0,7.368101477622986
RWT158,24,RWT158/sutr13_P24.h5,90046,32768,1920,840,3712,11184,28784,4,0,46440,66096,112536,0.5157364013948427,0.7340248317526598,1.2497612331475023,0.000239446,3.05984e-05,2.19454e-05,36.2079,45.143,46.5866,38.622125,8.9386e-05,2.45491e-05,1.86134e-05,40.4873,46.0996,47.3017,42.040637499999995,0.0,7.444630675017834
RWT158,25,RWT158/sutr13_P25.h5,90046,32768,1864,920,3528,10784,25576,4,0,42672,58024,100696,0.4738911223152611,0.6443817604335562,1.1182728827488173,0.000207653,2.74797e-05,2.26917e-05,36.8266,45.6099,46.4413,39.12635,8.28594e-05,2.25587e-05,1.94387e-05,40.8166,46.4669,47.1133,42.309975,0.0,7.4360253140330315
RWT158,26,RWT158/sutr13_P26.h5,90046,32768,1952,1000,3560,9888,23432,4,0,39832,49968,89800,0.44235168691557647,0.5549163760744509,0.9972680629900273,0.000182538,3.29339e-05,2.00392e-05,37.3865,44.8236,46.9812,39.515475,7.79655e-05,2.47464e-05,1.64692e-05,41.081,46.0649,47.8333,42.548025,0.0,7.45997679233551
RWT158,27,RWT158/sutr13_P27.h5,90047,32768,2152,1240,3904,11544,26368,4,0,45208,51304,96512,0.5020489300032206,0.5697469099470277,1.0717958399502483,0.000191427,3.33254e-05,1.73406e-05,37.18,44.7722,47.6094,39.4327,8.11917e-05,2.66624e-05,1.49938e-05,40.9049,45.741,48.2409,42.4264125,0.0,7.44538027793169
RWT158,28,RWT158/sutr13_P28.h5,90046,32768,2112,1256,4216,12032,29152,4,0,48768,60704,109472,0.5415898540745842,0.6741443262332586,1.2157341803078427,0.000216924,3.09265e-05,2.16906e-05,36.6369,45.0967,46.6373,38.944424999999995,8.60247e-05,2.31751e-05,1.75442e-05,40.6538,46.3498,47.5587,42.2289125,0.0,7.463679350912571
RWT158,29,RWT158/sutr13_P29.h5,90046,32768,2000,1176,4136,13256,32128,4,0,52696,66632,119328,0.5852120027541479,0.7399773449126003,1.325189347666748,0.000244231,3.35523e-05,1.85415e-05,36.122,44.7428,47.3185,38.599162500000006,9.0036e-05,2.47833e-05,1.48261e-05,40.4558,46.0584,48.2897,42.1353625,0.0,7.293828450143337
RWT158,3,RWT158/sutr13_P3.h5,90046,32768,2056,1200,4424,13120,32568,4,0,53368,68048,121416,0.5926748550740732,0.755702640872443,1.3483774959465162,0.000249227,3.59735e-05,1.93796e-05,36.034,44.4402,47.1265,38.471337500000004,8.5868e-05,2.56582e-05,1.56245e-05,40.6617,45.9077,48.0619,42.242475,0.0,7.534807592630386
RWT158,30,RWT158/sutr13_P30.h5,90046,32768,2328,1024,3928,10816,25264,4,0,43360,50640,94000,0.4815316615951847,0.5623792283943763,1.0439108899895608,0.000192803,3.17933e-05,1.49889e-05,37.1489,44.9766,48.2423,39.5140375,7.64503e-05,2.56634e-05,1.33672e-05,41.1662,45.9068,48.7396,42.70545,0.0,7.329794384539127
RWT158,31,RWT158/sutr13_P31.h5,90047,32768,2200,1144,4000,11432,27080,4,0,45856,53144,99000,0.5092451719657513,0.5901806834208803,1.0994258553866314,0.000208807,3.17392e-05,1.31628e-05,36.8026,44.984,48.8065,39.325762499999996,7.88271e-05,2.54296e-05,1.15236e-05,41.0332,45.9466,49.3841,42.6912375,0.0,7.309006474912167
RWT158,4,RWT158/sutr13_P4.h5,90046,32768,2048,952,3400,9984,21272,4,0,37656,44784,82440,0.41818626035581813,0.49734580103502657,0.9155320613908446,0.0001882,2.24388e-05,1.03333e-05,37.2538,46.49,49.8576,39.983799999999995,8.01481e-05,1.96542e-05,9.47643e-06,40.9611,47.0654,50.2336,42.8832,0.0,7.444466657936573
RWT158,5,RWT158/sutr13_P5.h5,90046,32768,2088,1080,3944,11808,26736,4,0,45656,53336,98992,0.5070297403549296,0.5923194811540768,1.0993492215090066,0.000212086,2.45259e-05,1.49928e-05,36.7349,46.1037,48.2412,39.3442875,8.51256e-05,2.10289e-05,1.36366e-05,40.6994,46.7718,48.653,42.45265,0.0,7.808203265070915
RWT158,6,RWT158/sutr13_P6.h5,90046,32768,2104,792,3056,8640,18552,4,0,33144,39872,73016,0.3680785376363192,0.44279590431557203,0.8108744419518913,0.000163244,2.75663e-05,9.45381e-06,37.8716,45.5962,50.2439,40.3837125,7.27151e-05,2.32138e-05,8.64838e-06,41.3838,46.3425,50.6306,43.159487500000004,0.0,7.498780980706215
RWT158,7,RWT158/sutr13_P7.h5,90047,32768,2480,1128,3856,10240,23256,4,0,40960,48832,89792,0.45487356602663054,0.5422945794973736,0.9971681455240041,0.000204723,1.84191e-05,6.99736e-06,36.8883,47.3473,51.5507,40.028475,7.60154e-05,1.68895e-05,6.79444e-06,41.191,47.7238,51.6785,43.3185375,0.0,7.467014022171497
RWT158,8,RWT158/sutr13_P8.h5,90046,32768,2040,968,3576,10688,24552,4,0,41824,49976,91800,0.46447371343535526,0.5550052195544499,1.0194789329898053,0.000204899,2.26624e-05,1.16969e-05,36.8846,46.4469,49.3193,39.634225,7.87978e-05,1.98335e-05,1.07682e-05,41.0349,47.026,49.6786,42.864250000000006,0.0,7.434923857450485
RWT158,9,RWT158/sutr13_P9.h5,90046,32768,2000,1056,4144,12544,32152,4,0,51896,72872,124768,0.5763276547542368,0.8092752593119072,1.3856029140661439,0.000274147,2.93472e-05,1.76013e-05,35.6202,45.3243,47.5445,38.323750000000004,8.52295e-05,2.29738e-05,1.51024e-05,40.6941,46.3877,48.2096,42.3452375,0.0,7.498669095337391
RWT166,0,RWT166/model_mesh_P0.h5,59443,32768,1336,464,1472,4296,12120,4,0,19688,41744,61432,0.33120804804602727,0.7022525781000286,1.033460626146056,0.000200794,9.8183e-05,7.12682e-05,36.9725,40.0796,41.471,37.923199999999994,6.68524e-05,4.95419e-05,5.45984e-05,41.7488,43.0503,42.6282,42.021412500000004,0.0,5.111819118261337
RWT166,1,RWT166/model_mesh_P1.h5,59443,32768,1064,360,1136,3456,9888,4,0,15904,41048,56952,0.2675504264589607,0.6905438823747119,0.9580943088336726,0.000153445,0.000112651,8.27623e-05,38.1405,39.4827,40.8217,38.64342500000001,7.13816e-05,5.77214e-05,6.11154e-05,41.4641,42.3866,42.1385,41.6637125,0.0,5.218318827450275
RWT166,10,RWT166/model_mesh_P10.h5,59443,32768,1160,392,1920,5344,14992,4,0,23808,86904,110712,0.40051814343152264,1.4619719731507494,1.862490116582272,0.000522495,0.000177595,0.000158831,32.8192,37.5057,37.9906,34.051437500000006,9.75012e-05,0.000133035,0.000111965,40.1099,38.7603,39.5092,39.86611250000001,0.0,5.087414100766182
RWT166,11,RWT166/model_mesh_P11.h5,59444,32768,1256,568,2280,7040,19808,4,0,30952,95592,126544,0.520691743489671,1.6081017428167688,2.1287934863064395,0.000591141,0.000176635,0.000159321,32.2831,37.5292,37.9773,33.6506375,9.37012e-05,0.000133598,0.000115995,40.2826,38.742,39.3556,39.97415,0.0,5.103832922875881
RWT166,12,RWT166/model_mesh_P12.h5,59443,32768,848,248,784,1632,3656,4,0,7168,47920,55088,0.12058610769981326,0.8061504298235285,0.9267365375233417,0.00014684,0.000113554,7.75574e-05,38.3316,39.448,41.1038,38.817674999999994,9.67903e-05,9.78127e-05,6.99643e-05,40.1417,40.0961,41.5512,40.3121875,0.0,4.84446020424366
RWT166,13,RWT166/model_mesh_P13.h5,59444,32768,1128,392,1640,4336,11616,4,0,19112,54912,74024,0.3215126842069847,0.923760177646188,1.2452728618531728,0.000184066,0.000118355,8.91783e-05,37.3503,39.2681,40.4974,37.9834125,8.59548e-05,8.63238e-05,7.39385e-05,40.6573,40.6387,41.3113,40.736725,0.0,4.868766233325005
RWT166,14,RWT166/model_mesh_P14.h5,59443,32768,1288,336,1768,5000,12920,4,0,21312,90416,111728,0.3585283380717662,1.5210537826152786,1.8795821206870447,0.000408389,0.000144917,0.000121426,33.8893,38.3888,39.1569,35.1101875,9.81812e-05,0.000119341,0.000104186,40.0797,39.2321,39.8219,39.941525,0.0,5.126437731087208
RWT166,15,RWT166/model_mesh_P15.h5,59444,32768,1064,360,1592,4616,13952,4,0,21584,73480,95064,0.36309804185451855,1.2361213915618061,1.5992194334163246,0.000283001,0.000154685,0.000115424,35.4821,38.1055,39.377,36.296887500000004,9.58808e-05,0.000122658,9.73202e-05,40.1827,39.113,40.118,40.0409,0.0,5.066049873828888
RWT166,2,RWT166/model_mesh_P2.h5,59443,32768,920,40,352,1504,7056,4,0,9872,45856,55728,0.16607506350621604,0.7714280907760376,0.9375031542822536,0.000149165,0.000149707,0.000100336,38.2633,38.2476,39.9854,38.476600000000005,8.81292e-05,8.36066e-05,7.8987e-05,40.5488,40.7776,41.0244,40.63685,0.0,5.045764319598675
RWT166,3,RWT166/model_mesh_P3.h5,59444,32768,800,64,304,1328,5912,4,0,8408,41776,50184,0.14144404817979947,0.7027790861987753,0.8442231343785748,0.000138555,0.000163534,0.000107754,38.5838,37.8639,39.6757,38.6303,9.23481e-05,9.53418e-05,8.78658e-05,40.3457,40.2072,40.5618,40.3554,0.0,5.016687199473381
RWT166,4,RWT166/model_mesh_P4.h5,59443,32768,920,64,472,1776,6168,4,0,9400,42728,52128,0.1581346836465185,0.7188062513668556,0.8769409350133741,0.000138086,0.000143038,9.28938e-05,38.5985,38.4455,40.3201,38.794574999999995,8.73852e-05,9.29327e-05,7.9284e-05,40.5856,40.3183,41.0081,40.605000000000004,0.0,4.85416342318058
RWT166,5,RWT166/model_mesh_P5.h5,59444,32768,752,48,304,1056,4032,4,0,6192,39880,46072,0.10416526478702645,0.6708835206244532,0.7750487854114797,0.000128558,0.000156071,9.63613e-05,38.909,38.0668,40.161,38.960225,9.00349e-05,0.00010879,8.63394e-05,40.4559,39.6341,40.6379,40.375925,0.0,4.829077921807766
RWT166,6,RWT166/model_mesh_P6.h5,59443,32768,1152,392,1480,3816,11464,4,0,18304,71464,89768,0.3079252393048803,1.202227343842,1.5101525831468803,0.000215184,0.000166328,0.000125775,36.6719,37.7903,39.0041,37.103225,9.93287e-05,0.000116705,0.000101988,40.0293,39.3291,39.9145,39.92742499999999,0.0,4.901621311903
RWT166,7,RWT166/model_mesh_P7.h5,59444,32768,1056,344,1496,3872,9960,4,0,16728,66696,83424,0.2814077114595249,1.1219971738106453,1.4034048852701702,0.000185275,0.000151758,0.000121829,37.3218,38.1885,39.1425,37.657725,9.55691e-05,0.00011403,0.000105044,40.1968,39.4298,39.7863,40.0496125,0.0,5.022344663739204
RWT166,8,RWT166/model_mesh_P8.h5,59443,32768,1008,480,2024,5512,13760,4,0,22784,69544,92328,0.3832915566172636,1.1699274935652642,1.5532190501825278,0.000343702,0.000154447,0.000121435,34.6382,38.1122,39.1566,35.637249999999995,8.94917e-05,0.000109764,8.92794e-05,40.4822,39.5954,40.4925,40.372637499999996,0.0,5.129408806562424
RWT166,9,RWT166/model_mesh_P9.h5,59443,32768,1096,368,1328,3416,8632,4,0,14840,63200,78040,0.24965092609726966,1.06320340494255,1.3128543310398197,0.000213914,0.000140751,9.18751e-05,36.6976,38.5155,40.368,37.3836375,9.78735e-05,0.000108691,7.47157e-05,40.0933,39.638,41.2659,40.182962499999995,0.0,5.148971267044544
RWT182,0,RWT182/572883_P0.h5,89187,32768,1264,96,608,1752,3416,4,0,7136,14120,21256,0.08001166089228251,0.15831903752789084,0.23833069842017335,7.23609e-05,9.27689e-06,9.12428e-06,41.405,50.326,50.398,43.64425000000001,4.11278e-05,9.03421e-06,8.87803e-06,43.8587,50.4411,50.5168,45.5137625,0.0,7.130242556333542
RWT182,1,RWT182/572883_P1.h5,89188,32768,1304,40,504,2344,4744,4,0,8936,17896,26832,0.1001928510561959,0.20065479660940932,0.30084764766560523,8.67151e-05,1.49391e-05,1.28493e-05,40.619,48.2568,48.9112,42.61025,4.55288e-05,1.49783e-05,1.26185e-05,43.4171,48.2454,48.9899,44.717237499999996,0.0,7.257369197905064
RWT182,10,RWT182/572883_P10.h5,89188,32768,1744,696,2656,9536,27800,4,0,42432,81480,123912,0.47575907072700363,0.9135758173745346,1.3893348881015384,0.000368432,2.20121e-05,2.51558e-05,34.3364,46.5734,45.9936,37.323175,7.42473e-05,1.64412e-05,1.83554e-05,41.2932,47.8407,47.3624,42.870287499999996,0.0,7.274835854768753
RWT182,11,RWT182/572883_P11.h5,89188,32768,1944,728,3112,9568,24016,4,0,39368,64752,104120,0.44140467327443156,0.7260169529533121,1.1674216262277437,0.000259799,2.35399e-05,2.54808e-05,35.8536,46.282,45.9379,38.4176875,6.82413e-05,1.8678e-05,2.02087e-05,41.6595,47.2867,46.9446,43.023537499999996,0.0,7.246286362409592
RWT182,12,RWT182/572883_P12.h5,89188,32768,1208,96,768,2288,6624,4,0,10984,24440,35424,0.12315558146835898,0.27402789612952416,0.39718347759788314,0.000102612,2.12366e-05,1.47811e-05,39.888,46.7291,48.3029,41.795,4.69624e-05,1.85616e-05,1.32844e-05,43.2825,47.3139,48.7666,44.471937499999996,0.0,7.604000233113766
RWT182,13,RWT182/572883_P13.h5,89188,32768,1160,144,656,2288,6304,4,0,10552,18424,28976,0.11831188052204332,0.20657487554379514,0.32488675606583844,9.01483e-05,1.265e-05,1.21653e-05,40.4504,48.9791,49.1488,42.6037875,3.53503e-05,1.06001e-05,1.03704e-05,44.5161,49.7469,49.842,45.8356875,0.0,8.413136333227158
RWT182,14,RWT182/572883_P14.h5,89188,32768,1296,88,408,1128,2656,4,0,5576,11216,16792,0.06251962147374086,0.12575682827286183,0.18827644974660268,6.29856e-05,1.31023e-05,7.29273e-06,42.0076,48.8265,51.3711,44.0304,4.01959e-05,1.24575e-05,7.0889e-06,43.9582,49.0457,51.4942,45.536137499999995,0.0,7.6195246279239655
RWT182,15,RWT182/572883_P15.h5,89188,32768,1256,384,1216,3216,6384,4,0,12456,18000,30456,0.1396600439521012,0.201820872763152,0.34148091671525316,7.99492e-05,1.5694e-05,1.49426e-05,40.9719,48.0427,48.2557,42.766225,4.43428e-05,1.31874e-05,1.25041e-05,43.5318,48.7984,49.0295,44.877337499999996,0.0,7.442261457443237
RWT182,16,RWT182/572883_P16.h5,89187,32768,2176,592,2136,5848,13192,4,0,23944,30912,54856,0.2684696200118851,0.3465975983046857,0.6150672183165709,0.000132405,1.41275e-05,1.5649e-05,38.7809,48.4994,48.0551,41.1549875,6.27487e-05,1.23849e-05,1.37212e-05,42.0239,49.0711,48.6261,43.730075,0.0,7.652001388370991
RWT182,17,RWT182/572883_P17.h5,89188,32768,2144,856,2608,6592,15560,4,0,27760,40896,68656,0.31125263488361665,0.45853702291788134,0.769789657801498,0.000175299,1.70971e-05,2.06576e-05,37.5622,47.6708,46.8492,39.98665,5.5784e-05,1.39958e-05,1.6595e-05,42.5349,48.54,47.8002,43.94370000000001,0.0,63.28732746839523
RWT182,18,RWT182/572883_P18.h5,89188,32768,1400,896,2960,7560,16960,4,0,29776,42152,71928,0.33385657263308965,0.4726196349284657,0.8064762075615554,0.000179783,1.53223e-05,1.79846e-05,37.4525,48.1468,47.451,40.039100000000005,6.68266e-05,1.40075e-05,1.68618e-05,41.7505,48.5364,47.731,43.3463,0.0,7.684524804353714
RWT182,19,RWT182/572883_P19.h5,89188,32768,1632,792,2768,6784,18360,4,0,30336,47192,77528,0.3401354442301655,0.5291294793021483,0.8692649235323138,0.00020242,1.63822e-05,1.73959e-05,36.9375,47.8563,47.5955,39.6346,6.69172e-05,1.45836e-05,1.53855e-05,41.7446,48.3614,48.1289,43.3697375,0.0,7.294665724039078
RWT182,2,RWT182/572883_P2.h5,89188,32768,1344,360,1664,4344,9632,4,0,17344,30344,47688,0.194465623178006,0.340225142395838,0.534690765573844,0.000129598,1.39294e-05,1.53996e-05,38.874,48.5607,48.1249,41.241200000000006,5.92927e-05,1.27042e-05,1.38343e-05,42.27,48.9605,48.5904,43.8963625,0.0,7.322920799255371
RWT182,20,RWT182/572883_P20.h5,89188,32768,2112,1112,3768,11888,33072,4,0,51952,79144,131096,0.5824998878772929,0.8873839529981612,1.4698838408754542,0.000390394,2.89334e-05,3.26718e-05,34.085,45.386,44.8583,36.8442875,7.07062e-05,2.07757e-05,2.23087e-05,41.5054,46.8245,46.5153,42.796525,0.0,7.257082790136337
RWT182,21,RWT182/572883_P21.h5,89188,32768,1984,848,2592,7288,18224,4,0,30936,44856,75792,0.3468628066556039,0.5029376149257748,0.8498004215813787,0.000215486,1.92178e-05,2.0254e-05,36.6658,47.163,46.9349,39.261587500000005,5.94709e-05,1.54956e-05,1.67717e-05,42.257,48.0979,47.7542,43.6742625,0.0,7.237141363322735
RWT182,22,RWT182/572883_P22.h5,89188,32768,1560,976,3624,9320,23384,4,0,38864,57472,96336,0.4357536888370633,0.6443916221913262,1.0801453110283894,0.000264189,1.90662e-05,2.08489e-05,35.7809,47.1973,46.8092,38.5864875,7.016e-05,1.5941e-05,1.80276e-05,41.5391,47.9748,47.4406,43.081250000000004,0.0,7.319602392613888
RWT182,23,RWT182/572883_P23.h5,89188,32768,1576,832,3520,8504,20840,4,0,35272,50416,85688,0.3954792124501054,0.5652778400681706,0.960757052518276,0.000205757,1.82832e-05,2.20861e-05,36.8665,47.3795,46.5588,39.392162500000005,7.05946e-05,1.56467e-05,1.95328e-05,41.5123,48.0558,47.0924,43.02775,0.0,7.275822877883911
RWT182,24,RWT182/572883_P24.h5,89188,32768,2048,1008,2976,6928,13896,4,0,26856,28576,55432,0.3011167421626228,0.32040184778221287,0.6215185899448357,0.000120294,1.92729e-05,2.26347e-05,39.1975,47.1505,46.4522,41.098462500000004,5.09725e-05,1.58514e-05,1.91973e-05,42.9266,47.9993,47.1676,44.0908125,0.0,7.515107162296772
RWT182,25,RWT182/572883_P25.h5,89188,32768,1944,896,1816,4192,9048,4,0,17896,24040,41936,0.20065479660940932,0.26954298784589853,0.4701977844553079,0.000105209,1.60592e-05,1.72977e-05,39.7795,47.9428,47.6201,41.7799875,4.93525e-05,1.41449e-05,1.56242e-05,43.0669,48.494,48.062,44.369675,0.0,7.461552381515503
RWT182,26,RWT182/572883_P26.h5,89188,32768,1464,856,3136,7880,19568,4,0,32904,44880,77784,0.36892855541104186,0.5032067094227923,0.8721352648338342,0.000204209,1.68919e-05,1.81369e-05,36.8992,47.7232,47.4144,39.5666,6.06267e-05,1.48331e-05,1.58846e-05,42.1734,48.2877,47.9902,43.6647875,0.0,7.396722711622715
RWT182,27,RWT182/572883_P27.h5,89188,32768,1560,752,2496,6360,16864,4,0,28032,41656,69688,0.314302372516482,0.46705834865677,0.7813607211732521,0.000183128,1.8869e-05,2.09119e-05,37.3725,47.2425,46.7961,39.784200000000006,5.9426e-05,1.5865e-05,1.78934e-05,42.2602,47.9956,47.4731,43.6287375,0.0,7.4316700622439384
RWT182,28,RWT182/572883_P28.h5,89188,32768,1720,568,2144,6024,14664,4,0,25120,41664,66784,0.28165224021168767,0.4671480468224425,0.7488002870341302,0.000170635,1.7348e-05,1.81678e-05,37.6793,47.6075,47.407,40.136287499999995,6.7787e-05,1.49024e-05,1.51451e-05,41.6885,48.2674,48.1973,43.324462499999996,0.0,7.465959943830967
RWT182,29,RWT182/572883_P29.h5,89188,32768,2000,760,1952,4800,10328,4,0,19840,30704,50544,0.22245145086782975,0.344261559851101,0.5667130107189308,0.0001303,1.45312e-05,1.61399e-05,38.8506,48.377,47.921,41.1752,6.02466e-05,1.32307e-05,1.43752e-05,42.2007,48.7842,48.4239,43.801537499999995,0.0,7.588236466050148
RWT182,3,RWT182/572883_P3.h5,89188,32768,1448,200,792,1992,4392,4,0,8824,14400,23224,0.09893707673678073,0.16145669821052158,0.2603937749473023,7.58083e-05,1.11998e-05,9.19755e-06,41.2028,49.5079,50.3633,43.386,4.29966e-05,1.06474e-05,8.19556e-06,43.6657,49.7276,50.8642,45.323249999999994,0.0,7.290099747478962
RWT182,30,RWT182/572883_P30.h5,89188,32768,1840,704,2600,6976,17736,4,0,29856,46752,76608,0.3347535542898148,0.5241960801901601,0.8589496344799749,0.000200114,1.83484e-05,1.88646e-05,36.9872,47.364,47.2435,39.566337499999996,6.17306e-05,1.53026e-05,1.61942e-05,42.095,48.1523,47.9064,43.578587500000005,0.0,7.247080519795418
RWT182,31,RWT182/572883_P31.h5,89188,32768,1544,568,2088,5712,12688,4,0,22600,31144,53744,0.2533973180248464,0.3491949589630892,0.6025922769879356,0.000129067,1.80472e-05,1.97154e-05,38.8918,47.4359,47.052,40.9798375,5.58937e-05,1.55467e-05,1.70612e-05,42.5264,48.0836,47.6799,43.865237500000006,0.0,7.522622510790825
RWT182,4,RWT182/572883_P4.h5,89188,32768,1240,88,664,2152,4736,4,0,8880,18920,27800,0.09956496389648832,0.2121361618154909,0.31170112571197917,8.79798e-05,1.65764e-05,1.31828e-05,40.5562,47.8051,48.7999,42.492774999999995,4.6786e-05,1.54238e-05,1.22684e-05,43.2988,48.1181,49.1121,44.627874999999996,0.0,7.342494145035744
RWT182,5,RWT182/572883_P5.h5,89188,32768,1232,80,808,2376,4064,4,0,8560,13128,21688,0.09597703726958784,0.1471946898685922,0.24317172713818003,6.28844e-05,1.10865e-05,9.99912e-06,42.0146,49.5521,50.0004,43.9550125,3.54882e-05,1.06413e-05,9.53618e-06,44.4992,49.73,50.2063,45.8664375,0.0,7.3051458820700645
RWT182,6,RWT182/572883_P6.h5,89188,32768,1688,552,1832,4768,8976,4,0,17816,19792,37608,0.19975781495268422,0.22191326187379468,0.4216710768264789,9.08401e-05,1.88182e-05,1.79433e-05,40.4172,47.2542,47.461,42.1523,4.6152e-05,1.5974e-05,1.55111e-05,43.3581,47.9659,48.0936,44.52601249999999,0.0,7.400973089039326
RWT182,7,RWT182/572883_P7.h5,89188,32768,1648,536,1944,4416,8720,4,0,17264,21048,38312,0.1935686415212809,0.23599587388437906,0.42956451540565993,8.9344e-05,1.76032e-05,1.76184e-05,40.4893,47.5441,47.5403,42.252525,4.76126e-05,1.493e-05,1.55388e-05,43.2228,48.2594,48.0858,44.460249999999995,0.0,7.4285267516970634
RWT182,8,RWT182/572883_P8.h5,89187,32768,1496,256,984,3224,8648,4,0,14608,28312,42920,0.163790686983529,0.3174453675984168,0.4812360545819458,0.000123591,1.78224e-05,1.57061e-05,39.0801,47.4903,48.0393,41.25127500000001,5.0566e-05,1.61965e-05,1.49913e-05,42.9614,47.9058,48.2416,44.239475,0.0,7.812234170734882
RWT182,9,RWT182/572883_P9.h5,89188,32768,1432,208,912,2528,6200,4,0,11280,16456,27736,0.1264744135982419,0.18450912678835718,0.3109835403865991,8.57466e-05,1.3271e-05,1.30545e-05,40.6678,48.771,48.8424,42.702525,3.44195e-05,1.18653e-05,1.1754e-05,44.632,49.2572,49.2982,45.793425,0.0,7.454073145985603
RWT21,0,RWT21/AMPHITRITE_P0.h5,85353,32768,1288,488,1392,3408,7224,4,0,13800,11960,25760,0.16168148746968472,0.14012395580706008,0.3018054432767448,6.6117e-05,7.71457e-06,7.32575e-06,41.7969,51.1269,51.3515,44.157475,3.7799e-05,7.62841e-06,7.25926e-06,44.2252,51.1757,51.3911,45.98975,0.0,7.236255459487438
RWT21,1,RWT21/AMPHITRITE_P1.h5,85354,32768,2032,696,2456,6200,11336,4,0,22720,17808,40528,0.26618553319118027,0.20863697073365045,0.4748225039248307,9.06371e-05,1.1097e-05,1.1026e-05,40.4269,49.548,49.5758,42.71065000000001,4.62128e-05,1.04523e-05,1.05474e-05,43.3524,49.8079,49.7685,44.96135000000001,0.0,7.198114715516567
RWT21,10,RWT21/AMPHITRITE_P10.h5,85354,32768,2144,864,2736,6552,12176,4,0,24472,18368,42840,0.28671181198303536,0.21519788176301052,0.5019096937460459,0.000100087,9.44249e-06,1.01089e-05,39.9962,50.2491,49.953,42.5224125,4.73552e-05,9.20334e-06,9.7876e-06,43.2463,50.3605,50.0932,44.9914375,0.0,7.103827424347401
RWT21,11,RWT21/AMPHITRITE_P11.h5,85354,32768,1760,432,1520,4512,9464,4,0,17688,16904,34592,0.207231061227359,0.1980457857862549,0.4052768470136139,9.31806e-05,9.41851e-06,9.6933e-06,40.3067,50.2602,50.1353,42.779462499999994,3.74982e-05,8.99042e-06,9.36562e-06,44.2599,50.4622,50.2846,45.788275,0.0,7.407277032732964
RWT21,12,RWT21/AMPHITRITE_P12.h5,85353,32768,2128,768,2696,6816,13056,4,0,25464,21264,46728,0.29833749253101827,0.2491300833011142,0.5474675758321325,0.000117391,1.11812e-05,1.24191e-05,39.3036,49.5151,49.0591,41.799475,5.06872e-05,1.06313e-05,1.16982e-05,42.951,49.7341,49.3188,44.594862500000005,0.0,7.202946245670319
RWT21,13,RWT21/AMPHITRITE_P13.h5,85354,32768,1848,904,3184,9208,19256,4,0,34400,36944,71344,0.4030273918035476,0.4328326733369262,0.8358600651404738,0.000233134,9.4317e-06,1.14149e-05,36.3239,50.2541,49.4253,39.70285,5.56512e-05,9.24092e-06,1.10478e-05,42.5452,50.3428,49.5672,44.397650000000006,0.0,7.1860169023275375
RWT21,14,RWT21/AMPHITRITE_P14.h5,85354,32768,1880,944,2560,6496,12408,4,0,24288,18392,42680,0.28455608407338845,0.2154790636642688,0.5000351477376573,9.43568e-05,1.19927e-05,1.53337e-05,40.2523,49.2108,48.1435,42.3585125,4.60355e-05,1.14113e-05,1.39765e-05,43.3691,49.4267,48.546,44.7734125,0.0,7.136349648237228
RWT21,15,RWT21/AMPHITRITE_P15.h5,85354,32768,1464,744,2448,7120,13816,4,0,25592,24504,50096,0.2998336340417555,0.28708672118471307,0.5869203552264686,0.000113323,1.06537e-05,1.34148e-05,39.4568,49.725,48.7242,41.89875,5.10146e-05,9.9821e-06,1.21516e-05,42.9231,50.0078,49.1537,44.587512499999995,0.0,7.369684778153896
RWT21,16,RWT21/AMPHITRITE_P16.h5,85353,32768,1808,600,2136,5056,8864,4,0,18464,13912,32376,0.2163251438145115,0.16299368504914882,0.3793188288636603,7.39903e-05,9.81879e-06,8.91722e-06,41.3083,50.0794,50.4977,43.553362500000006,4.04413e-05,9.83621e-06,9.021e-06,43.9318,50.0717,50.4475,45.51375,0.0,6.966387763619423
RWT21,17,RWT21/AMPHITRITE_P17.h5,85354,32768,1984,768,2696,6648,11976,4,0,24072,18680,42752,0.2820254469620639,0.21885324647936827,0.5008786934414321,9.48125e-05,1.08013e-05,9.25477e-06,40.2313,49.6653,50.3363,42.673674999999996,4.90765e-05,1.07964e-05,9.24342e-06,43.0913,49.6672,50.3417,44.8195875,0.0,6.891006678342819
RWT21,18,RWT21/AMPHITRITE_P18.h5,85353,32768,1736,864,2960,6496,10976,4,0,23032,16584,39616,0.26984405937694045,0.19429897015922112,0.4641430295361616,8.30053e-05,1.07203e-05,1.01921e-05,40.8089,49.6979,49.9174,43.0585875,4.38042e-05,1.06137e-05,9.78902e-06,43.5848,49.7413,50.0926,45.167837500000005,0.0,7.098756097257137
RWT21,19,RWT21/AMPHITRITE_P19.h5,85354,32768,1976,880,2672,7056,12528,4,0,25112,19520,44632,0.29420999601658976,0.2286946130234084,0.5229046090399981,9.84611e-05,9.94687e-06,9.12915e-06,40.0674,50.0231,50.3957,42.6029,4.96281e-05,1.00787e-05,9.17377e-06,43.0427,49.966,50.3745,44.82458750000001,0.0,7.1020422875881195
RWT21,2,RWT21/AMPHITRITE_P2.h5,85353,32768,1392,368,1312,3104,5720,4,0,11896,10480,22376,0.1393741286187949,0.12278420207842723,0.2621583306972221,5.67026e-05,8.63865e-06,1.0008e-05,42.464,50.6355,49.9965,44.42699999999999,3.34805e-05,7.79255e-06,9.33354e-06,44.7521,51.0832,50.2995,46.2369125,0.0,7.135215349495411
RWT21,20,RWT21/AMPHITRITE_P20.h5,85353,32768,1904,864,3256,8776,16408,4,0,31208,24792,56000,0.36563448267782034,0.2904643070542336,0.6560987897320539,0.000120436,1.13456e-05,1.08713e-05,39.1924,49.4517,49.6372,41.780412500000004,5.74781e-05,1.08906e-05,1.03949e-05,42.405,49.6295,49.8318,44.2364125,0.0,7.127060674130917
RWT21,21,RWT21/AMPHITRITE_P21.h5,85354,32768,1936,792,3104,8152,14720,4,0,28704,24568,53272,0.33629355390491367,0.28783653958806854,0.6241300934929822,0.000121104,1.00537e-05,1.05489e-05,39.1684,49.9768,49.7679,41.8443875,5.41384e-05,9.99468e-06,1.01856e-05,42.6649,50.0023,49.9201,44.488975,0.0,7.102387018501759
RWT21,22,RWT21/AMPHITRITE_P22.h5,85354,32768,1984,760,2528,5824,10680,4,0,21776,16480,38256,0.2551257117416876,0.19307823886402511,0.44820395060571266,8.37069e-05,1.00267e-05,1.05038e-05,40.7724,49.9884,49.7865,43.0511625,4.36289e-05,1.00439e-05,1.00996e-05,43.6023,49.981,49.957,45.193974999999995,0.0,7.171397618949413
RWT21,23,RWT21/AMPHITRITE_P23.h5,85354,32768,1944,744,2352,6480,11464,4,0,22984,18608,41592,0.26927853410502145,0.21800970077559342,0.48728823488061485,9.3367e-05,9.82809e-06,8.94686e-06,40.2981,50.0753,50.4833,42.79339999999999,4.75889e-05,9.77473e-06,8.72478e-06,43.2249,50.099,50.5925,45.005112499999996,0.0,7.072312340140343
RWT21,24,RWT21/AMPHITRITE_P24.h5,85353,32768,1544,664,2672,7544,13656,4,0,26080,21320,47400,0.30555457921807083,0.24978618209084624,0.5553407613089171,0.000104269,9.1453e-06,8.7324e-06,39.8185,50.388,50.5887,42.4859625,5.06612e-05,9.12837e-06,8.90412e-06,42.9532,50.3961,50.5041,44.827425,0.0,7.163645997643471
RWT21,25,RWT21/AMPHITRITE_P25.h5,85354,32768,1544,352,1416,3848,6224,4,0,13384,10608,23992,0.15680577360170583,0.12428240035616374,0.28108817395786956,5.63198e-05,9.36552e-06,8.32262e-06,42.4934,50.2847,50.7974,44.505312499999995,3.23604e-05,9.63519e-06,8.40073e-06,44.8999,50.1614,50.7568,46.2897,0.0,7.132817603647709
RWT21,26,RWT21/AMPHITRITE_P26.h5,85354,32768,1464,848,3224,7704,13752,4,0,26992,20496,47488,0.3162359116151557,0.2401293436745788,0.5563652552897346,9.89867e-05,9.29891e-06,9.92316e-06,40.0442,50.3157,50.0335,42.5768,5.20233e-05,9.44492e-06,1.0039e-05,42.838,50.248,49.9831,44.6573875,0.0,6.989870049059391
RWT21,27,RWT21/AMPHITRITE_P27.h5,85354,32768,1712,520,1584,4480,8088,4,0,16384,12520,28904,0.19195351125899196,0.14668322515640744,0.3386367364153994,6.62099e-05,8.44451e-06,7.83597e-06,41.7908,50.7343,51.0591,44.067275,3.76448e-05,8.65357e-06,8.08033e-06,44.243,50.628,50.9257,45.8764625,0.0,6.90226873010397
RWT21,28,RWT21/AMPHITRITE_P28.h5,85353,32768,2000,640,2200,5512,9752,4,0,20104,15584,35688,0.23553946551380736,0.1825829203425773,0.41812238585638467,8.00315e-05,9.8068e-06,9.14836e-06,40.9674,50.0847,50.3866,43.2844625,3.96017e-05,9.47403e-06,9.16415e-06,44.0229,50.2346,50.3791,45.5938875,0.0,7.314665585756302
RWT21,29,RWT21/AMPHITRITE_P29.h5,85354,32768,1696,912,3048,8848,17184,4,0,31688,28992,60680,0.37125383696136094,0.3396677367200131,0.7109215736813741,0.000141343,1.00251e-05,9.50615e-06,38.4973,49.9891,50.22,41.3991125,5.82524e-05,1.00142e-05,9.4464e-06,42.3469,49.9939,50.2473,44.290324999999996,0.0,7.182132624089718
RWT21,3,RWT21/AMPHITRITE_P3.h5,85354,32768,1992,952,3128,7896,15544,4,0,29512,28936,58448,0.34576001124727607,0.33901164561707714,0.6847716568643532,0.00016887,1.22904e-05,1.11626e-05,37.7245,49.1043,49.5224,40.6217125,5.05717e-05,1.16364e-05,1.03004e-05,42.9609,49.3418,49.8715,44.6223375,0.0,7.011136069893837
RWT21,30,RWT21/AMPHITRITE_P30.h5,85354,32768,1560,952,3448,9792,19856,4,0,35608,33480,69088,0.41718021416688145,0.3922487522553132,0.8094289664221946,0.000156598,1.05718e-05,1.0118e-05,38.0521,49.7585,49.949,41.0025125,6.26108e-05,1.04102e-05,9.68502e-06,42.0335,49.8254,50.139,44.020675,0.0,6.9903574436903
RWT21,31,RWT21/AMPHITRITE_P31.h5,85354,32768,1616,688,2656,7888,15360,4,0,28208,24040,52248,0.330482461278909,0.2816505377603862,0.6121329990392952,0.000116701,9.40024e-06,9.10249e-06,39.3293,50.2686,50.4084,42.08160000000001,5.40379e-05,9.58534e-06,9.08735e-06,42.673,50.1839,50.4156,44.5796875,0.0,6.945617862045765
RWT21,4,RWT21/AMPHITRITE_P4.h5,85353,32768,1624,488,1840,4928,11448,4,0,20328,21456,41784,0.23816386067273557,0.2513795648659098,0.4895434255386454,0.0001087,9.27956e-06,1.11987e-05,39.6377,50.3247,49.5083,42.20740000000001,4.47253e-05,8.40415e-06,9.9077e-06,43.4945,50.7551,50.0403,45.220299999999995,0.0,7.551144376397133
RWT21,5,RWT21/AMPHITRITE_P5.h5,85354,32768,1904,800,3032,8264,15784,4,0,29784,22632,52416,0.34894673946153665,0.26515453288656654,0.6141012723481032,0.000106228,1.19807e-05,1.27606e-05,39.7376,49.2152,48.9413,42.0727625,5.33249e-05,1.0961e-05,1.15532e-05,42.7307,49.6015,49.373,44.41983749999999,0.0,7.1719652861356735
RWT21,6,RWT21/AMPHITRITE_P6.h5,85354,32768,1800,672,2232,6064,11328,4,0,22096,18160,40256,0.2588748037584647,0.21276097195210536,0.4716357757105701,9.78283e-05,1.04729e-05,1.25998e-05,40.0954,49.7993,48.9964,42.421012499999996,4.79084e-05,9.86785e-06,1.16107e-05,43.1959,50.0578,49.3514,44.823075,0.0,7.271900467574596
RWT21,7,RWT21/AMPHITRITE_P7.h5,85354,32768,2008,640,2656,6584,11384,4,0,23272,19320,42592,0.2726527169201209,0.22635143051292264,0.49900414743304355,0.000102908,9.02723e-06,1.0161e-05,39.8755,50.4445,49.9306,42.4535125,4.43553e-05,9.00482e-06,9.65556e-06,43.5305,50.4552,50.1522,45.2238,0.0,7.183574169874191
RWT21,8,RWT21/AMPHITRITE_P8.h5,85353,32768,1704,344,1480,3440,6848,4,0,13816,11984,25800,0.16186894426675102,0.14040514100265955,0.3022740852694106,5.74477e-05,1.14146e-05,1.35122e-05,42.4073,49.4254,48.6927,44.070237500000005,3.22947e-05,1.10654e-05,1.25938e-05,44.9087,49.5603,48.9984,46.0013625,0.0,7.244924135506153
RWT21,9,RWT21/AMPHITRITE_P9.h5,85354,32768,1600,544,1496,3600,7920,4,0,15160,13912,29072,0.17761323429481923,0.1629917754293882,0.34060500972420743,7.80737e-05,1.01771e-05,1.16516e-05,41.075,49.9238,49.3362,43.213750000000005,3.38059e-05,9.17737e-06,1.05586e-05,44.7101,50.3728,49.7639,46.04966249999999,0.0,7.533545471727848
RWT226,0,RWT226/socha_zeny_P0.h5,56015,32768,1216,392,1600,6184,25632,4,0,35024,100032,135056,0.6252610907792555,1.7858073730250825,2.4110684638043383,0.00110473,9.38817e-06,5.76384e-06,29.5674,50.2742,52.3929,35.0089375,8.46671e-05,8.98012e-06,5.61939e-06,40.7229,50.4672,52.5031,43.4134625,0.0,4.898986034095287
RWT226,1,RWT226/socha_zeny_P1.h5,56016,32768,936,264,960,4216,17880,4,0,24256,78616,102872,0.43301913738931735,1.403456155384176,1.8364752927734933,0.000639375,6.72813e-06,4.9439e-06,31.9424,51.7211,53.0593,37.05435,8.71921e-05,6.81941e-06,4.82413e-06,40.5952,51.6625,53.1658,43.5499375,0.0,4.71474864333868
RWT226,10,RWT226/socha_zeny_P10.h5,56016,32768,1072,168,408,2088,9512,4,0,13248,60616,73864,0.2365038560411311,1.0821193944587262,1.3186232504998572,0.000424193,4.86865e-06,5.26556e-06,33.7244,53.1259,52.7856,38.5322375,7.61579e-05,4.66253e-06,5.21911e-06,41.1829,53.3138,52.824,44.1544,0.0,4.869823828339577
RWT226,11,RWT226/socha_zeny_P11.h5,56016,32768,1256,360,872,4728,18528,4,0,25744,96360,122104,0.45958297629248784,1.720222793487575,2.179805769780063,0.00111459,9.59623e-06,6.21274e-06,29.5289,50.179,52.0672,34.92745,8.89912e-05,9.32462e-06,5.90317e-06,40.5065,50.3037,52.2891,43.20397500000001,0.0,5.041760429739952
RWT226,12,RWT226/socha_zeny_P12.h5,56016,32768,1464,632,1848,6688,26040,4,0,36672,115784,152456,0.6546700942587832,2.0669808626106825,2.721650956869466,0.00182128,1.00772e-05,1.01167e-05,27.3962,49.9666,49.9496,33.036675,8.59197e-05,9.38088e-06,9.58654e-06,40.6591,50.2776,50.1834,43.051950000000005,0.0,4.870780743658543
RWT226,13,RWT226/socha_zeny_P13.h5,56016,32768,1416,368,1192,4016,19936,4,0,26928,91544,118472,0.480719794344473,1.6342473578977434,2.1149671522422167,0.000989385,1.04588e-05,9.02272e-06,30.0463,49.8052,50.4466,35.066199999999995,8.5133e-05,9.77291e-06,8.49662e-06,40.699,50.0998,50.7075,43.125162499999995,0.0,4.894290640950203
RWT226,14,RWT226/socha_zeny_P14.h5,56016,32768,1240,400,1136,3744,12176,4,0,18696,48368,67064,0.3337617823479006,0.8634675806912311,1.1972293630391317,0.00040503,8.46656e-06,9.85226e-06,33.9251,50.7229,50.0646,38.0422625,8.15005e-05,8.2144e-06,9.67592e-06,40.8884,50.8542,50.1431,43.2909625,0.0,4.807782478630543
RWT226,15,RWT226/socha_zeny_P15.h5,56016,32768,1432,672,2056,6624,20792,4,0,31576,79176,110752,0.5636960868323336,1.4134532990574122,1.9771493858897458,0.000909587,9.6162e-06,1.69736e-05,30.4116,50.17,47.7023,35.0427375,8.31619e-05,9.43396e-06,1.55557e-05,40.8008,50.2531,48.0811,42.892375,0.0,4.8268521055579185
RWT226,16,RWT226/socha_zeny_P16.h5,56015,32768,1232,296,1120,3144,9760,4,0,15552,36880,52432,0.2776399178791395,0.658395072748371,0.9360349906275105,0.00034632,7.94277e-06,6.21355e-06,34.6052,51.0003,52.0666,38.8372625,4.46538e-05,7.35155e-06,6.2828e-06,43.5014,51.3362,52.0185,45.545387500000004,0.0,5.043934375047684
RWT226,17,RWT226/socha_zeny_P17.h5,56016,32768,1424,400,1728,5840,22008,4,0,31400,81288,112688,0.5605541273921737,1.4511568123393317,2.0117109397315054,0.0010051,1.3264e-05,9.64204e-06,29.9779,48.7733,50.1583,34.849875,8.21707e-05,1.1998e-05,9.10104e-06,40.8528,49.2089,50.4091,43.09185,0.0,4.927127927541733
RWT226,18,RWT226/socha_zeny_P18.h5,56016,32768,880,224,656,1504,3464,4,0,6728,8808,15536,0.12010854041702371,0.1572407883461868,0.2773493287632105,7.3911e-05,8.61038e-06,4.72991e-06,41.3129,50.6498,53.2515,43.9723375,2.12045e-05,8.68134e-06,4.81814e-06,46.7357,50.6141,53.1712,48.0249375,0.0,4.910107158124447
RWT226,19,RWT226/socha_zeny_P19.h5,56016,32768,592,192,768,2288,3984,4,0,7824,11488,19312,0.13967437874892888,0.20508426163953156,0.34475864038846044,0.000108193,1.26955e-05,4.62801e-06,39.658,48.9635,53.3461,42.532199999999996,2.18127e-05,1.34093e-05,3.98251e-06,46.6129,48.7259,53.9984,47.80021250000001,0.0,4.895565330982208
RWT226,2,RWT226/socha_zeny_P2.h5,56016,32768,1256,368,1216,4016,13232,4,0,20088,50640,70728,0.35861182519280205,0.9040274207369323,1.2626392459297344,0.000498929,7.00845e-06,6.96307e-06,33.0196,51.5438,51.572,37.654174999999995,7.47692e-05,6.81306e-06,6.77085e-06,41.2628,51.6666,51.6936,43.867125,0.0,4.917304269969463
RWT226,20,RWT226/socha_zeny_P20.h5,56016,32768,1304,128,600,2088,10632,4,0,14752,46688,61440,0.2633533276206798,0.8334761496715224,1.0968294772922023,0.000360674,1.07523e-05,5.31316e-06,34.4288,49.685,52.7465,38.62553750000001,4.7324e-05,8.87691e-06,5.87672e-06,43.2492,50.5174,52.3086,45.290150000000004,0.0,5.68749912828207
RWT226,21,RWT226/socha_zeny_P21.h5,56016,32768,872,80,400,1224,5624,4,0,8200,26088,34288,0.14638674664381604,0.4657240788346187,0.6121108254784348,0.000181486,1.16232e-05,5.90645e-06,37.4116,49.3467,52.2867,40.762875,2.50221e-05,1.0414e-05,5.66186e-06,46.0168,49.8238,52.4704,47.299375000000005,0.0,4.963996693491936
RWT226,22,RWT226/socha_zeny_P22.h5,56016,32768,880,112,336,1064,3376,4,0,5768,12184,17952,0.10297057983433305,0.21750928306198228,0.32047986289631536,0.000104005,4.56851e-06,4.67445e-06,39.8295,53.4023,53.3027,43.21025000000001,2.3546e-05,4.04123e-06,5.39558e-06,46.2808,53.9349,52.6796,48.037412499999995,0.0,5.894777201116085
RWT226,23,RWT226/socha_zeny_P23.h5,56016,32768,1240,416,1912,6024,22536,4,0,32128,86880,119008,0.5735504141673807,1.5509854327335046,2.1245358469008853,0.00110232,2.82504e-05,1.22757e-05,29.5769,45.4898,49.1096,34.0076,8.43332e-05,2.00672e-05,1.06963e-05,40.74,46.9751,49.7077,42.64035,0.0,4.965977258980274
RWT226,24,RWT226/socha_zeny_P24.h5,56015,32768,1416,280,984,3360,12936,4,0,18976,55560,74536,0.3387664018566455,0.9918771757564938,1.3306435776131393,0.000413616,8.16625e-06,5.82372e-06,33.834,50.8798,52.348,38.278975,7.96151e-05,8.11523e-06,5.8466e-06,40.99,50.907,52.331,43.64725,0.0,4.817007191479206
RWT226,25,RWT226/socha_zeny_P25.h5,56016,32768,1528,704,2040,5376,18096,4,0,27744,73392,101136,0.4952870608397601,1.310197086546701,1.805484147386461,0.000609875,7.75793e-06,1.50698e-05,32.1476,51.1025,48.2189,36.525875,8.57017e-05,7.46859e-06,1.42592e-05,40.6701,51.2676,48.459,42.9684,0.0,4.824287682771683
RWT226,26,RWT226/socha_zeny_P26.h5,56016,32768,1048,120,880,3744,15752,4,0,21544,63552,85096,0.3846043987432162,1.1345329905741217,1.5191373893173379,0.000622491,1.15343e-05,7.87435e-06,32.0587,49.3801,51.0379,36.596275,8.04331e-05,1.03858e-05,7.32045e-06,40.9457,49.8356,51.3546,43.358050000000006,0.0,4.8778975903987885
RWT226,27,RWT226/socha_zeny_P27.h5,56016,32768,1360,664,1920,5400,17320,4,0,26664,72024,98688,0.4760068551842331,1.2857754927163667,1.7617823479005998,0.000683966,1.14752e-05,1.09718e-05,31.6497,49.4024,49.5972,36.112225,8.26267e-05,1.08144e-05,1.04833e-05,40.8288,49.66,49.795,43.053475,0.0,4.8486452251672745
RWT226,28,RWT226/socha_zeny_P28.h5,56016,32768,1424,384,1600,4512,15328,4,0,23248,59288,82536,0.41502427877749215,1.0584118823193374,1.4734361610968294,0.000617942,9.54543e-06,1.34976e-05,32.0905,50.202,48.6974,36.4303,7.24717e-05,9.19627e-06,1.25544e-05,41.3983,50.3639,49.012,43.4707125,0.0,5.212541453540325
RWT226,29,RWT226/socha_zeny_P29.h5,56016,32768,1256,360,1248,4328,16584,4,0,23776,75000,98776,0.424450157097972,1.338903170522708,1.7633533276206799,0.000804575,1.20098e-05,1.15929e-05,30.9443,49.2046,49.3581,35.5285625,8.30964e-05,1.09768e-05,1.10758e-05,40.8042,49.5953,49.5562,42.9970875,0.0,4.7166265696287155
RWT226,3,RWT226/socha_zeny_P3.h5,56016,32768,976,248,736,2456,7888,4,0,12304,29944,42248,0.2196515281348186,0.5345615538417595,0.7542130819765781,0.000282615,5.48129e-06,5.6484e-06,35.488,52.6112,52.4807,39.7524875,5.01516e-05,5.38508e-06,6.37749e-06,42.9972,52.6881,51.9535,45.328100000000006,0.0,5.509295001626015
RWT226,30,RWT226/socha_zeny_P30.h5,56016,32768,1416,560,1752,4696,13488,4,0,21912,48240,70152,0.3911739502999143,0.8611825192802056,1.25235646958012,0.000476986,1.35296e-05,1.46054e-05,33.2149,48.6871,48.3549,37.041425,7.48661e-05,1.00818e-05,1.23046e-05,41.2572,49.9646,49.0993,43.32588749999999,0.0,4.816831104457378
RWT226,31,RWT226/socha_zeny_P31.h5,56016,32768,1280,608,1800,5064,13240,4,0,21992,44848,66840,0.3926021136818052,0.800628391888032,1.1932305055698371,0.000399334,9.80375e-06,1.18244e-05,33.9866,50.0861,49.2722,37.9097375,7.76716e-05,8.46128e-06,1.13001e-05,41.0974,50.7256,49.4692,43.3474,0.0,5.018502436578274
RWT226,4,RWT226/socha_zeny_P4.h5,56015,32768,1360,208,968,4376,16352,4,0,23264,83736,107000,0.41531732571632596,1.4948852985807373,1.9102026242970633,0.000861778,8.13849e-06,6.02043e-06,30.646,50.8946,52.2037,35.871787499999996,8.77274e-05,7.59018e-06,5.80082e-06,40.5686,51.1975,52.3651,43.371775,0.0,4.753528341650963
RWT226,5,RWT226/socha_zeny_P5.h5,56016,32768,1168,312,1400,6184,25008,4,0,34072,103280,137352,0.6082547843473294,1.843758926021137,2.4520137103684663,0.00127482,1.26638e-05,7.80665e-06,28.9455,48.9744,51.0753,34.215337500000004,8.66823e-05,1.06822e-05,6.8572e-06,40.6207,49.7134,51.6385,43.1345125,0.0,4.708774551749229
RWT226,6,RWT226/socha_zeny_P6.h5,56016,32768,1288,360,1192,3808,14136,4,0,20784,57184,77968,0.37103684661525277,1.020851185375607,1.3918880319908598,0.000632129,8.00795e-06,5.59545e-06,31.9919,50.9648,52.5216,36.929725,6.6346e-05,7.33186e-06,5.8072e-06,41.7818,51.3479,52.3603,44.29987499999999,0.0,5.307419493794441
RWT226,7,RWT226/socha_zeny_P7.h5,56016,32768,1104,512,1704,5880,22160,4,0,31360,92944,124304,0.5598400457012283,1.659240217080834,2.2190802627820623,0.00101357,2.20022e-05,1.16558e-05,29.9414,46.5753,49.3346,34.444787500000004,8.0932e-05,1.60466e-05,1.0174e-05,40.9188,47.9462,49.9251,42.92301249999999,0.0,4.754264861345291
RWT226,8,RWT226/socha_zeny_P8.h5,56015,32768,1032,208,768,3176,12600,4,0,17784,56160,73944,0.3174863875747568,1.0025885923413371,1.3200749799160938,0.000426033,6.43191e-06,4.20354e-06,33.7056,51.9166,53.7639,38.489262499999995,7.7932e-05,6.38593e-06,4.02992e-06,41.0828,51.9478,53.947,44.048950000000005,0.0,4.930265553295612
RWT226,9,RWT226/socha_zeny_P9.h5,56016,32768,1176,280,1136,3992,14224,4,0,20808,67768,88576,0.37146529562982006,1.2097972007997715,1.5812624964295916,0.000479885,9.32567e-06,5.81826e-06,33.1886,50.3032,52.3521,37.7233625,8.73706e-05,9.5726e-06,5.94218e-06,40.5863,50.1897,52.2605,43.246,0.0,4.897674642503262
RWT26,0,RWT26/2017-02-25-inspection-sol-william-v2_simplified_3d_mesh_P0.h5,85232,32768,1504,896,3696,13408,56256,4,0,75760,225096,300856,0.8888680307865591,2.6409799136474565,3.529847944434015,0.00522136,0.000126977,0.000137164,22.8222,38.9628,38.6276,26.815450000000002,8.33964e-05,6.68732e-05,8.82966e-05,40.7885,41.7475,40.5406,40.8773875,0.0,7.212194047868252
RWT26,1,RWT26/2017-02-25-inspection-sol-william-v2_simplified_3d_mesh_P1.h5,85232,32768,1392,648,3016,12008,50320,4,0,67384,209696,277080,0.7905950816594706,2.4602966022151302,3.250891683874601,0.00268395,0.000207919,0.000189557,25.7123,36.8211,37.2226,28.5396875,8.88954e-05,9.99167e-05,0.000113702,40.5112,40.0036,39.4423,40.3141375,0.0,7.212703168392181
RWT26,2,RWT26/2017-02-25-inspection-sol-william-v2_simplified_3d_mesh_P2.h5,85232,32768,1368,720,3800,13272,59584,4,0,78744,242568,321312,0.9238783555472123,2.8459733433452223,3.7698516988924347,0.0071828,0.000165225,0.000156479,21.4371,37.8192,38.0554,25.56215,8.88191e-05,7.66488e-05,9.48663e-05,40.5149,41.1549,40.2289,40.559149999999995,0.0,7.394203595817089
RWT26,3,RWT26/2017-02-25-inspection-sol-william-v2_simplified_3d_mesh_P3.h5,85232,32768,1296,904,3128,12952,51576,4,0,69856,213184,283040,0.8195982729491271,2.5012201989862963,3.3208184719354232,0.00305323,0.000313166,0.000308452,25.1524,35.0423,35.1081,27.633100000000002,0.000100636,0.000139454,0.000162784,39.9725,38.5557,37.8839,39.534324999999995,0.0,7.304549567401409
RWT26,4,RWT26/2017-02-25-inspection-sol-william-v2_simplified_3d_mesh_P4.h5,85232,32768,1496,656,3480,13352,58432,4,0,77416,243640,321056,0.9082973531068144,2.858550779050122,3.7668481321569365,0.00698763,0.00020472,0.000197184,21.5567,36.8884,37.0513,25.409987499999996,9.20702e-05,9.46422e-05,0.000119841,40.3588,40.2392,39.214,40.20075,0.0,7.2589122503995895
RWT26,5,RWT26/2017-02-25-inspection-sol-william-v2_simplified_3d_mesh_P5.h5,85232,32768,1360,920,3416,13736,52312,4,0,71744,226624,298368,0.8417495776234278,2.6589074525999625,3.5006570302233904,0.00448342,0.000336638,0.000331308,23.4839,34.7284,34.7977,26.303687499999995,0.00012249,0.000157634,0.000188013,39.119,38.0235,37.2581,38.74945,0.0,7.330923855304718
RWT26,6,RWT26/2017-02-25-inspection-sol-william-v2_simplified_3d_mesh_P6.h5,85232,32768,1608,768,3408,13792,55352,4,0,74928,225640,300568,0.8791064388961892,2.6473624929603905,3.52646893185658,0.00435922,0.000267253,0.000316277,23.6059,35.7308,34.9993,26.5456875,9.55977e-05,0.000127337,0.00016329,40.1955,38.9504,37.8704,39.749225,0.0,7.334942780435085
RWT26,7,RWT26/2017-02-25-inspection-sol-william-v2_simplified_3d_mesh_P7.h5,85233,32768,1352,624,2904,11304,50288,4,0,66472,212176,278648,0.7798857250126124,2.489364448042425,3.2692501730550374,0.00293865,0.000242851,0.00023741,25.3185,36.1466,36.245,28.037825,9.53049e-05,0.000116796,0.000122157,40.2089,39.3257,39.1308,39.9637375,0.0,7.325436666607857
RWT285,0,RWT285/sutr16_P0.h5,89387,32768,2016,912,3536,12488,34768,4,0,53720,81488,135208,0.600982245740432,0.9116314452884647,1.5126136910288968,0.000313351,1.83891e-05,8.69185e-06,35.0397,47.3544,50.6089,38.5251875,9.22185e-05,1.66461e-05,8.11973e-06,40.3518,47.7869,50.9046,42.6002875,0.0,7.231808818876743
RWT285,1,RWT285/sutr16_P1.h5,89388,32768,1856,888,3504,12832,35128,4,0,54208,79952,134160,0.6064348682149729,0.8944377321340672,1.5008726003490402,0.000301218,1.86502e-05,1.01213e-05,35.2112,47.2932,49.9476,38.563500000000005,9.25015e-05,1.74195e-05,9.55492e-06,40.3385,47.5896,50.1977,42.4772875,0.0,7.168806336820126
RWT285,10,RWT285/sutr16_P10.h5,89387,32768,2104,856,3392,11552,32328,4,0,50232,76432,126664,0.5619609115419468,0.8550684103952476,1.4170293219371946,0.000289002,2.56439e-05,1.07813e-05,35.391,45.9102,49.6733,38.4911875,9.03233e-05,2.1698e-05,9.4479e-06,40.442,46.6358,50.2466,42.4418,0.0,7.146120361983776
RWT285,11,RWT285/sutr16_P11.h5,89388,32768,1968,1024,3592,12384,31976,4,0,50944,71416,122360,0.5699198997628317,0.7989439298339822,1.3688638295968139,0.000282346,1.84704e-05,9.2329e-06,35.4922,47.3352,50.3466,38.829375,9.0016e-05,1.68768e-05,8.74279e-06,40.4568,47.7271,50.5835,42.631425,0.0,7.256103411316872
RWT285,12,RWT285/sutr16_P12.h5,89387,32768,1744,832,3616,11920,33160,4,0,51272,79104,130376,0.5735957130231465,0.8849609003546377,1.4585566133777843,0.000299343,1.68466e-05,9.85648e-06,35.2383,47.7349,50.0628,38.653437499999995,9.37356e-05,1.58526e-05,9.39722e-06,40.281,47.999,50.27,42.494375,0.0,7.25952623039484
RWT285,13,RWT285/sutr16_P13.h5,89388,32768,1904,856,3208,11040,28464,4,0,45472,64576,110048,0.5087036291224772,0.7224235915335392,1.2311272206560164,0.000255653,1.48975e-05,8.32326e-06,35.9235,48.2689,50.7971,39.325874999999996,8.85025e-05,1.35144e-05,8.02915e-06,40.5304,48.692,50.9533,42.8534625,0.0,7.162339523434639
RWT285,14,RWT285/sutr16_P14.h5,89388,32768,1848,936,3520,11912,32792,4,0,51008,81712,132720,0.570635879536403,0.9141271759072807,1.4847630554436837,0.000311035,1.83811e-05,1.06692e-05,35.0719,47.3563,49.7187,38.4383,9.15055e-05,1.68559e-05,1.02041e-05,40.3855,47.7325,49.9122,42.4947125,0.0,7.630711488425732
RWT285,15,RWT285/sutr16_P15.h5,89388,32768,1952,832,3512,12184,33392,4,0,51872,75032,126904,0.5803016064796169,0.8393967870407661,1.419698393520383,0.000299028,1.6446e-05,8.48949e-06,35.2429,47.8394,50.7112,38.751000000000005,9.30311e-05,1.48506e-05,7.99831e-06,40.3137,48.2825,50.97,42.641837499999994,0.0,7.234540060162544
RWT285,16,RWT285/sutr16_P16.h5,89387,32768,1632,840,3472,12608,34256,4,0,52808,80240,133048,0.5907794198261492,0.897669683511025,1.4884491033371743,0.000301946,2.13346e-05,1.04075e-05,35.2007,46.7092,49.8265,38.4674875,9.3079e-05,1.92182e-05,9.82248e-06,40.3115,47.1629,50.0778,42.388712500000004,0.0,7.443298310041428
RWT285,17,RWT285/sutr16_P17.h5,89388,32768,1656,800,3416,11824,32928,4,0,50624,81480,132104,0.5663400008949747,0.9115317492280843,1.477871750123059,0.000328636,1.6934e-05,7.84069e-06,34.8328,47.7124,51.0565,38.470712500000005,8.85901e-05,1.56144e-05,7.38832e-06,40.5261,48.0648,51.3145,42.8169875,0.0,7.4662004336714745
RWT285,18,RWT285/sutr16_P18.h5,89387,32768,1944,936,3568,11736,28744,4,0,46928,61400,108328,0.5249980422209046,0.6869007797554454,1.21189882197635,0.000247271,1.70946e-05,9.09616e-06,36.0683,47.6714,50.4114,39.311575000000005,8.90848e-05,1.54743e-05,8.73983e-06,40.502,48.1039,50.585,42.7126125,0.0,7.341619111597538
RWT285,19,RWT285/sutr16_P19.h5,89388,32768,1800,976,3480,12456,33520,4,0,52232,79344,131576,0.5843289927059561,0.8876359242851389,1.471964916991095,0.000305989,1.85207e-05,9.49378e-06,35.1429,47.3234,50.2256,38.550799999999995,8.885e-05,1.62343e-05,9.08478e-06,40.5134,47.8957,50.4169,42.674125,0.0,7.426953591406345
RWT285,2,RWT285/sutr16_P2.h5,89387,32768,1864,928,3512,12352,32080,4,0,50736,75088,125824,0.5675993153366821,0.8400326669426202,1.4076319822793024,0.000284432,2.07532e-05,1.15072e-05,35.4602,46.8291,49.3903,38.622575000000005,9.0477e-05,1.83027e-05,1.05246e-05,40.4346,47.3749,49.7779,42.47005,0.0,7.372199811041355
RWT285,20,RWT285/sutr16_P20.h5,89387,32768,1736,704,3216,12080,32960,4,0,50696,81384,132080,0.5671518229720205,0.9104679651403448,1.4776197881123654,0.000300218,2.30969e-05,1.02018e-05,35.2256,46.3645,49.9133,38.453925,9.21515e-05,2.03253e-05,9.42679e-06,40.355,46.9196,50.2564,42.41325,0.0,7.347154587507248
RWT285,21,RWT285/sutr16_P21.h5,89388,32768,2096,952,3288,11160,29440,4,0,46936,67488,114424,0.525081666442923,0.7550006712310378,1.2800823376739607,0.000265352,1.66036e-05,8.72372e-06,35.7618,47.798,50.593,39.120225000000005,8.80272e-05,1.53494e-05,8.26462e-06,40.5538,48.1391,50.8278,42.786212500000005,0.0,7.4321174174547195
RWT285,22,RWT285/sutr16_P22.h5,89388,32768,1976,992,3784,13488,35304,4,0,55544,75544,131088,0.6213809459882759,0.8451246252293373,1.4665055712176132,0.000286131,1.80481e-05,1.01485e-05,35.4344,47.4357,49.936,38.7472625,9.29229e-05,1.67922e-05,9.8291e-06,40.3188,47.7489,50.0749,42.467075,0.0,7.3688990622758865
RWT285,23,RWT285/sutr16_P23.h5,89388,32768,1856,808,3560,12544,35744,4,0,54512,84368,138880,0.6098357721394371,0.9438403365104936,1.5536761086499307,0.000317625,1.84138e-05,1.00142e-05,34.9809,47.3486,49.9938,38.403475,9.27056e-05,1.70635e-05,9.45082e-06,40.3289,47.6793,50.2453,42.487249999999996,0.0,7.362010717391968
RWT285,24,RWT285/sutr16_P24.h5,89387,32768,1696,944,3328,10744,29688,4,0,46400,77336,123736,0.5190911430073725,0.8651817378365981,1.3842728808439706,0.000316078,1.56942e-05,7.29267e-06,35.0021,48.0426,51.3711,38.6782875,8.56011e-05,1.46777e-05,7.27253e-06,40.6752,48.3334,51.3831,42.9709625,0.0,7.476645030081272
RWT285,25,RWT285/sutr16_P25.h5,89388,32768,1456,824,3256,12224,34392,4,0,52152,89368,141520,0.5834340179889919,0.999776256320759,1.5832102743097507,0.000332128,1.9761e-05,1.09572e-05,34.7869,47.0419,49.603,38.1707875,9.2012e-05,1.80595e-05,1.04358e-05,40.3616,47.4329,49.8147,42.427150000000005,0.0,7.721529766917229
RWT285,26,RWT285/sutr16_P26.h5,89388,32768,1768,864,3568,12056,34224,4,0,52480,82840,135320,0.5871034143285452,0.9267463194164764,1.5138497337450216,0.000321275,1.82595e-05,8.74496e-06,34.9312,47.3851,50.5824,38.4443375,9.02853e-05,1.61265e-05,8.25474e-06,40.4438,47.9246,50.833,42.67755,0.0,7.395790711045265
RWT285,27,RWT285/sutr16_P27.h5,89388,32768,1832,776,3464,13056,36736,4,0,55864,90096,145960,0.6249608448561328,1.0079205262451336,1.6328813711012664,0.000340472,1.9044e-05,9.91388e-06,34.6792,47.2024,50.0376,38.1644,9.46181e-05,1.76245e-05,9.45534e-06,40.2403,47.5388,50.2432,42.402975,0.0,7.408755637705326
RWT285,28,RWT285/sutr16_P28.h5,89387,32768,1864,976,3704,12200,32792,4,0,51536,75248,126784,0.5765491626299126,0.8418226364012664,1.418371799031179,0.000301777,1.79938e-05,8.87085e-06,35.2031,47.4488,50.5203,38.6484625,9.23718e-05,1.63002e-05,8.30928e-06,40.3446,47.8781,50.8044,42.5937625,0.0,7.347331136465073
RWT285,29,RWT285/sutr16_P29.h5,89388,32768,1664,848,3640,12544,37008,4,0,55704,88632,144336,0.6231708954222043,0.9915424889246879,1.6147133843468922,0.000337568,1.91305e-05,1.06167e-05,34.7164,47.1827,49.7401,38.15265,9.565e-05,1.76916e-05,1.00962e-05,40.1932,47.5223,49.9584,42.3299875,0.0,7.42140956223011
RWT285,3,RWT285/sutr16_P3.h5,89388,32768,1688,920,3328,10912,29280,4,0,46128,72296,118424,0.5160424218015841,0.8087886517205889,1.324831073522173,0.000289517,1.51655e-05,7.77319e-06,35.3833,48.1914,51.094,38.94815,8.65479e-05,1.3901e-05,7.28916e-06,40.6274,48.5695,51.3732,42.9633875,0.0,7.444367334246635
RWT285,30,RWT285/sutr16_P30.h5,89388,32768,1824,808,3576,12392,33432,4,0,52032,79528,131560,0.5820915559135454,0.8896943661341568,1.471785922047702,0.000303025,1.76153e-05,9.31921e-06,35.1852,47.5411,50.3062,38.619812499999995,9.26266e-05,1.67191e-05,8.91651e-06,40.3326,47.7679,50.498,42.5326875,0.0,7.4428272396326065
RWT285,31,RWT285/sutr16_P31.h5,89388,32768,1696,896,3664,12672,36592,4,0,55520,83928,139448,0.6211124535731866,0.9389179755671903,1.5600304291403768,0.000323279,1.73752e-05,9.65525e-06,34.9042,47.6007,50.1524,38.397287500000004,9.59431e-05,1.60861e-05,9.05134e-06,40.1799,47.9355,50.4329,42.430975000000004,0.0,7.3897751942276955
RWT285,4,RWT285/sutr16_P4.h5,89387,32768,1680,968,3664,12488,36736,4,0,55536,91656,147192,0.6212983990960654,1.0253840043854252,1.6466824034814906,0.000342835,1.80895e-05,9.56145e-06,34.6491,47.4257,50.1948,38.189387499999995,9.19155e-05,1.64914e-05,9.07235e-06,40.3661,47.8274,50.4228,42.55585,0.0,7.379185937345028
RWT285,5,RWT285/sutr16_P5.h5,89388,32768,1896,880,3536,12256,34712,4,0,53280,81656,134936,0.5960531614981877,0.9135006936054056,1.5095538551035934,0.000305871,1.86596e-05,1.03293e-05,35.1446,47.291,49.8593,38.5022375,9.40972e-05,1.69632e-05,9.5358e-06,40.2642,47.7049,50.2064,42.437062499999996,0.0,7.4138916581869125
RWT285,6,RWT285/sutr16_P6.h5,89388,32768,2008,816,3440,11944,33688,4,0,51896,87640,139536,0.5805700988947062,0.9804448024343312,1.5610149013290375,0.000358392,1.5584e-05,7.71291e-06,34.4564,48.0732,51.1278,38.242425,8.9058e-05,1.42198e-05,7.44445e-06,40.5033,48.4711,51.2817,42.846575,0.0,7.407125316560268
RWT285,7,RWT285/sutr16_P7.h5,89388,32768,1808,744,3384,11856,33328,4,0,51120,81544,132664,0.5718888441401531,0.9122477290016557,1.4841365731418088,0.000304632,1.8843e-05,1.16098e-05,35.1622,47.2485,49.3517,38.446675,9.2543e-05,1.74345e-05,1.11492e-05,40.3366,47.5859,49.5275,42.39162499999999,0.0,7.362158626317978
RWT285,8,RWT285/sutr16_P8.h5,89387,32768,1872,920,3544,12288,34512,4,0,53136,79280,132416,0.5944488572163737,0.8869298667591484,1.481378723975522,0.000303812,1.90816e-05,9.41905e-06,35.174,47.1938,50.2599,38.5622125,9.23365e-05,1.75192e-05,8.7811e-06,40.3463,47.5649,50.5645,42.5259,0.0,7.134392008185387
RWT285,9,RWT285/sutr16_P9.h5,89388,32768,2120,928,3664,12560,32552,4,0,51824,68368,120192,0.5797646216494384,0.7648453931176444,1.3446100147670828,0.00027179,1.7803e-05,8.68745e-06,35.6577,47.4951,50.6111,39.00655,9.17464e-05,1.65302e-05,8.46115e-06,40.3741,47.8172,50.7257,42.5984375,0.0,7.172330193221569
RWT287,0,RWT287/tryskovy_motor_ske_P0.h5,65758,32768,1472,616,3216,11056,30096,4,0,46456,71944,118400,0.7064691748532498,1.0940722041424618,1.8005413789957116,0.000752088,0.000153456,6.91507e-05,31.2373,38.1402,41.602,33.39575,7.06811e-05,6.36283e-05,3.8953e-05,41.507,41.9635,44.0946,41.8875125,0.0,5.9695031344890594
RWT287,1,RWT287/tryskovy_motor_ske_P1.h5,65759,32768,1448,776,3136,10960,32824,4,0,49144,95680,144824,0.7473349655560455,1.4550099606137563,2.202344926169802,0.000921078,0.000153471,9.38594e-05,30.357,38.1398,40.2752,32.569625,7.89362e-05,6.99392e-05,5.00089e-05,41.0272,41.5528,43.0095,41.3406875,0.0,5.66199703514576
RWT287,10,RWT287/tryskovy_motor_ske_P10.h5,65759,32768,1048,792,3264,10128,28352,4,0,43584,79024,122608,0.6627838014568348,1.2017214373697898,1.8645052388266246,0.00101838,5.39183e-05,0.000156672,29.9209,42.6826,38.0501,32.5322625,7.30823e-05,3.14828e-05,7.3391e-05,41.3619,45.0193,41.3436,41.8167875,0.0,5.490424871444702
RWT287,11,RWT287/tryskovy_motor_ske_P11.h5,65759,32768,1336,784,3152,8640,24840,4,0,38752,70736,109488,0.5893033653188157,1.0756854575039159,1.6649888228227314,0.000768296,5.31736e-05,6.24845e-05,31.1447,42.743,42.0423,33.9566875,7.23894e-05,3.06731e-05,3.64225e-05,41.4033,45.1324,44.3863,42.242312500000004,0.0,5.505091518163681
RWT287,12,RWT287/tryskovy_motor_ske_P12.h5,65759,32768,1376,904,3664,12112,38016,4,0,56072,119152,175224,0.8526893657141988,1.8119496950987697,2.6646390608129686,0.00169895,9.10376e-05,0.000122173,27.6982,40.4078,39.1303,30.7159125,8.41772e-05,4.92553e-05,5.99589e-05,40.7481,43.0755,42.2215,41.2232,0.0,5.685014255344868
RWT287,13,RWT287/tryskovy_motor_ske_P13.h5,65759,32768,1600,1056,3888,13664,44160,4,0,64368,130872,195240,0.9788470019312946,1.9901762496388327,2.9690232515701274,0.00175956,0.000132696,0.000441724,27.5459,38.7714,33.5485,29.699412499999998,8.44073e-05,6.46341e-05,0.000180796,40.7362,41.8954,37.4281,40.46758749999999,0.0,5.716486781835556
RWT287,14,RWT287/tryskovy_motor_ske_P14.h5,65759,32768,1256,912,3448,11744,35136,4,0,52496,107616,160112,0.7983089767180158,1.6365212366368103,2.434830213354826,0.00124682,0.000100232,5.9022e-05,29.042,39.99,42.2899,32.0664875,8.18423e-05,4.83907e-05,3.50005e-05,40.8702,43.1524,44.5593,41.6166125,0.0,5.626814663410187
RWT287,15,RWT287/tryskovy_motor_ske_P15.h5,65759,32768,1184,776,3424,12248,39168,4,0,56800,117464,174264,0.8637600936753904,1.7862802049909519,2.650040298666342,0.0012974,0.00010263,0.000138583,28.8693,39.8872,38.5829,31.4607375,8.26096e-05,5.0116e-05,6.66382e-05,40.8297,43.0002,41.7628,41.217650000000006,0.0,5.64218782633543
RWT287,16,RWT287/tryskovy_motor_ske_P16.h5,65758,32768,1408,584,3000,10408,33904,4,0,49304,109920,159224,0.7497794945101737,1.671583685635208,2.4213631801453817,0.00312657,0.000572725,0.000231823,25.0493,32.4205,36.3484,27.3830875,8.42936e-05,0.000258804,0.000149224,40.7421,35.8703,38.2616,39.8230625,0.0,5.712146572768688
RWT287,17,RWT287/tryskovy_motor_ske_P17.h5,65759,32768,1456,704,3072,10384,32576,4,0,48192,96528,144720,0.7328578597606411,1.4679055338432763,2.2007633936039173,0.00101349,0.000106087,5.33736e-05,29.9418,39.7434,42.7267,32.7651125,7.9207e-05,5.18239e-05,3.34582e-05,41.0124,42.8547,44.755,41.7105125,0.0,5.795347034931183
RWT287,18,RWT287/tryskovy_motor_ske_P18.h5,65759,32768,1704,656,2848,10392,29560,4,0,45160,76568,121728,0.6867501026475463,1.1643729375446707,1.851123040192217,0.000855297,0.000138157,6.32099e-05,30.6788,38.5963,41.9921,33.08265,7.17226e-05,6.20388e-05,3.79198e-05,41.4434,42.0734,44.2113,41.868137499999996,0.0,5.75965990871191
RWT287,19,RWT287/tryskovy_motor_ske_P19.h5,65759,32768,1232,752,3152,10656,32496,4,0,48288,93248,141536,0.7343177359753038,1.4180264298423029,2.1523441658176066,0.00130476,0.000149948,8.26447e-05,28.8447,38.2406,40.8279,31.5170875,7.51762e-05,6.89353e-05,4.87006e-05,41.2392,41.6156,43.1247,41.5219375,0.0,5.5892593562603
RWT287,2,RWT287/tryskovy_motor_ske_P2.h5,65759,32768,1680,656,2600,9192,26048,4,0,40176,63256,103432,0.6109581958363114,0.9619367691114524,1.5728949649477637,0.000559168,9.80801e-05,4.33091e-05,32.5246,40.0842,43.6342,34.858250000000005,6.88098e-05,4.84309e-05,2.92382e-05,41.6235,43.1488,45.3405,42.2787875,0.0,5.631673850119114
RWT287,20,RWT287/tryskovy_motor_ske_P20.h5,65759,32768,1472,752,3368,13520,43248,4,0,62360,136472,198832,0.9483112577746012,2.075335695494153,3.023646953268754,0.00234423,8.33663e-05,0.000188279,26.3,40.7901,37.252,29.480262500000002,8.68097e-05,4.76277e-05,8.66175e-05,40.6143,43.2214,40.6239,40.9413875,0.0,5.626177631318569
RWT287,21,RWT287/tryskovy_motor_ske_P21.h5,65759,32768,1096,608,3120,11592,36424,4,0,52840,116600,169440,0.8035401998205569,1.7731413190589882,2.576681518879545,0.00187687,0.000159162,0.000212745,27.2657,37.9816,36.7214,29.787150000000004,8.05297e-05,7.46278e-05,9.50062e-05,40.9404,41.271,40.2225,40.8919875,0.0,5.6249905452132225
RWT287,22,RWT287/tryskovy_motor_ske_P22.h5,65759,32768,1272,736,3336,11592,36440,4,0,53376,114440,167816,0.8116911753524232,1.740294104229079,2.551985279581502,0.00113396,0.000150292,5.72224e-05,29.454,38.2307,42.4243,32.172375,8.38392e-05,6.79094e-05,3.60173e-05,40.7655,41.6807,44.4349,41.338575000000006,0.0,5.611184544861317
RWT287,23,RWT287/tryskovy_motor_ske_P23.h5,65759,32768,1384,736,3488,12192,39408,4,0,57208,121464,178672,0.8699645675877066,1.8471083806018949,2.7170729481896014,0.00171715,0.000120306,8.72344e-05,27.6519,39.1971,40.5931,30.7127,8.20179e-05,6.00321e-05,4.55389e-05,40.8609,42.2162,43.4162,41.349725,0.0,5.584775976836681
RWT287,24,RWT287/tryskovy_motor_ske_P24.h5,65759,32768,1584,680,2424,8648,24664,4,0,38000,70856,108856,0.5778676683039584,1.0775103027722441,1.6553779710762024,0.000924342,4.02275e-05,6.68286e-05,30.3417,43.9548,41.7504,33.469425,7.38379e-05,2.35405e-05,3.23024e-05,41.3172,46.2819,44.9076,42.3865875,0.0,5.510289549827576
RWT287,25,RWT287/tryskovy_motor_ske_P25.h5,65759,32768,1648,544,1976,6024,16840,4,0,27032,45488,72520,0.41107681077875274,0.6917380130476437,1.1028148238263964,0.000444131,3.0097e-05,1.58745e-05,33.5249,45.2148,47.993,36.794650000000004,6.21088e-05,2.04738e-05,1.26144e-05,42.0685,46.888,48.9913,43.5362875,0.0,5.41820302605629
RWT287,26,RWT287/tryskovy_motor_ske_P26.h5,65759,32768,1448,736,3200,11616,38352,4,0,55352,123344,178696,0.8417402941042291,1.875697623139038,2.717437917243267,0.00248125,7.73599e-05,0.000196513,26.0533,41.1148,37.0661,29.3125875,8.20534e-05,4.83528e-05,9.83228e-05,40.859,43.1558,40.0735,41.0479125,0.0,5.614713862538338
RWT287,27,RWT287/tryskovy_motor_ske_P27.h5,65759,32768,1400,712,2520,8032,23264,4,0,35928,71672,107600,0.5463586733374899,1.0899192505968764,1.6362779239343663,0.000906886,4.88585e-05,3.26325e-05,30.4245,43.1106,44.8635,33.8151375,7.31399e-05,2.90052e-05,2.13287e-05,41.3585,45.3752,46.7104,42.529575,0.0,5.429232105612755
RWT287,28,RWT287/tryskovy_motor_ske_P28.h5,65759,32768,1040,704,2480,7448,21792,4,0,33464,67480,100944,0.508888517161149,1.0261713225566083,1.5350598397177573,0.00157494,2.94849e-05,4.24452e-05,28.0274,45.304,43.7217,32.148762500000004,7.7201e-05,2.0886e-05,2.45563e-05,41.1238,46.8015,46.0984,42.4553375,0.0,5.438038639724255
RWT287,29,RWT287/tryskovy_motor_ske_P29.h5,65759,32768,1056,624,1904,6568,18328,4,0,28480,54264,82744,0.4330966103499141,0.8251950303380526,1.2582916406879667,0.00120034,2.38455e-05,1.59066e-05,29.2069,46.2259,47.9842,33.6814375,6.28147e-05,1.69466e-05,1.30577e-05,42.0194,47.7092,48.8413,43.5833625,0.0,5.484014846384525
RWT287,3,RWT287/tryskovy_motor_ske_P3.h5,65759,32768,1624,848,3272,12136,36328,4,0,54208,109600,163808,0.8243434358794994,1.6666920117398378,2.4910354476193373,0.00156895,0.0002105,0.000123188,28.0439,36.7675,39.0943,30.515649999999997,8.13641e-05,9.28467e-05,6.77458e-05,40.8957,40.3223,41.6912,40.92346249999999,0.0,5.645423285663128
RWT287,30,RWT287/tryskovy_motor_ske_P30.h5,65759,32768,936,672,2464,9872,30848,4,0,44792,99408,144200,0.6811539104913396,1.5117018202831551,2.192855730774495,0.00209851,3.71412e-05,9.13732e-05,26.7809,44.3014,40.3918,30.672325,7.84104e-05,2.85666e-05,4.49695e-05,41.0563,45.4414,43.4708,41.90625,0.0,5.546339921653271
RWT287,31,RWT287/tryskovy_motor_ske_P31.h5,65759,32768,1240,600,2416,8008,24696,4,0,36960,70168,107128,0.5620523426451132,1.067047856567162,1.6291001992122751,0.00112353,4.44419e-05,4.68979e-05,29.4942,43.5221,43.2885,32.971975,6.85613e-05,2.63613e-05,2.63267e-05,41.6392,45.7903,45.796,42.6776875,0.0,5.642222471535206
RWT287,4,RWT287/tryskovy_motor_ske_P4.h5,65759,32768,1472,680,3112,10384,30136,4,0,45784,87296,133080,0.6962392980428534,1.3275141045332197,2.023753402576073,0.000750525,5.92052e-05,5.363e-05,31.2463,42.2764,42.7059,34.0575125,8.13392e-05,3.35348e-05,3.21931e-05,40.897,44.745,44.9224,41.881175,0.0,5.672629490494728
RWT287,5,RWT287/tryskovy_motor_ske_P5.h5,65759,32768,1536,920,3360,11776,35136,4,0,52728,101872,154600,0.8018370109034505,1.549171976459496,2.3510089873629467,0.00119486,8.79991e-05,0.000104176,29.2268,40.5552,39.8223,31.967287499999998,8.48144e-05,4.65925e-05,4.97961e-05,40.7153,43.3168,43.028,41.329575000000006,0.0,5.651766866445541
RWT287,6,RWT287/tryskovy_motor_ske_P6.h5,65759,32768,1720,792,3592,12496,38840,4,0,57440,113376,170816,0.8734926017731414,1.724113809516568,2.5976064112897093,0.00167666,0.000141333,0.000118174,27.7556,38.4976,39.2748,30.53825,7.90844e-05,6.90833e-05,6.66171e-05,41.0191,41.6063,41.7641,41.185624999999995,0.0,5.875784181058407
RWT287,7,RWT287/tryskovy_motor_ske_P7.h5,65759,32768,1496,688,3032,10736,32680,4,0,48632,94848,143480,0.7395489590778449,1.44235770008668,2.181906659164525,0.00109232,0.000117283,5.45013e-05,29.6165,39.3076,42.6359,32.4553125,7.55923e-05,5.59848e-05,3.42367e-05,41.2152,42.5193,44.6551,41.8082,0.0,5.6461805403232574
RWT287,8,RWT287/tryskovy_motor_ske_P8.h5,65759,32768,1816,696,2728,8496,25264,4,0,39000,74832,113832,0.5930747122066942,1.1379735093295213,1.7310482215362155,0.000707715,6.69603e-05,0.000106294,31.5014,41.7418,39.7349,33.8106375,7.92811e-05,3.91201e-05,5.74148e-05,41.0083,44.076,42.4098,41.566950000000006,0.0,5.634826011955738
RWT287,9,RWT287/tryskovy_motor_ske_P9.h5,65759,32768,1280,704,3176,10864,32960,4,0,48984,94112,143096,0.7449018385316079,1.4311653157742665,2.1760671543058745,0.000901243,9.23125e-05,0.00018887,30.4516,40.3474,37.2384,32.536925,7.61497e-05,4.36921e-05,8.50436e-05,41.1833,43.596,40.7036,41.424925,0.0,5.630689136683941
RWT296,0,RWT296/b3_P0.h5,90528,32768,1992,424,1056,2384,4784,4,0,10640,13816,24456,0.1175326970661011,0.15261576528808765,0.27014846235418877,7.53538e-05,1.55569e-05,9.69033e-06,41.2289,48.0808,50.1366,43.19885,4.49383e-05,1.4098e-05,9.43387e-06,43.4738,48.5084,50.2531,44.9505375,0.0,7.288932800292969
RWT296,1,RWT296/b3_P1.h5,90528,32768,1976,800,2488,7400,16328,4,0,28992,49536,78528,0.32025450689289503,0.5471898197242842,0.8674443266171792,0.000229618,3.02241e-05,1.94039e-05,36.3899,45.1965,47.1211,38.832125,6.17066e-05,2.41438e-05,1.67375e-05,42.0967,46.1719,47.7631,43.3144,0.0,7.4163181111216545
RWT296,10,RWT296/b3_P10.h5,90528,32768,1816,416,1096,2600,4840,4,0,10768,13928,24696,0.11894662424885119,0.153852951572994,0.27279957582184516,7.35888e-05,1.5594e-05,9.71341e-06,41.3319,48.0704,50.1263,43.2735125,4.29716e-05,1.45629e-05,9.57631e-06,43.6682,48.3675,50.188,45.070587499999995,0.0,7.493491388857365
RWT296,11,RWT296/b3_P11.h5,90529,32768,1952,368,1448,3424,7200,4,0,14392,20960,35352,0.15897668150537397,0.23152801864595876,0.3905047001513327,0.000116677,1.94127e-05,1.26382e-05,39.3301,47.1191,48.9832,41.5103625,4.8668e-05,1.74468e-05,1.1501e-05,43.1276,47.5828,49.3926,44.467625000000005,0.0,7.582052074372768
RWT296,12,RWT296/b3_P12.h5,90528,32768,1792,312,888,1936,3592,4,0,8520,12808,21328,0.09411452810180276,0.14148108872393073,0.23559561682573346,7.67806e-05,1.86566e-05,8.7396e-06,41.1475,47.2917,50.5851,43.095225,5.58687e-05,1.77334e-05,8.48769e-06,42.5283,47.5121,50.7121,44.17425,0.0,7.193941377103329
RWT296,13,RWT296/b3_P13.h5,90528,32768,1592,160,768,1680,3640,4,0,7840,19272,27112,0.08660303994344291,0.21288441145281017,0.2994874513962531,9.11952e-05,1.95708e-05,7.26402e-06,40.4003,47.0839,51.3882,42.6092375,5.61747e-05,1.80284e-05,7.28806e-06,42.5046,47.4404,51.3739,44.2302375,0.0,7.286176018416882
RWT296,14,RWT296/b3_P14.h5,90528,32768,1888,432,1664,3032,5128,4,0,12144,15088,27232,0.13414634146341464,0.16666666666666666,0.3008130081300813,8.39229e-05,2.16178e-05,9.00942e-06,40.7612,46.6519,50.453,42.7090125,5.62523e-05,2.06433e-05,8.54562e-06,42.4986,46.8522,50.6826,44.065799999999996,0.0,7.34791124612093
RWT296,15,RWT296/b3_P15.h5,90529,32768,1488,160,536,1456,3016,4,0,6656,14040,20696,0.07352340134100675,0.1550884247036861,0.22861182604469285,7.79116e-05,1.61594e-05,6.47156e-06,41.084,47.9157,51.8899,43.288700000000006,5.40486e-05,1.51206e-05,6.12846e-06,42.6722,48.2043,52.1265,44.5455,0.0,7.316273018717766
RWT296,16,RWT296/b3_P16.h5,90528,32768,1768,408,944,2584,4152,4,0,9856,10856,20712,0.1088723930717568,0.11991869918699187,0.22879109225874866,6.19518e-05,1.19166e-05,8.67981e-06,42.0795,49.2385,50.6149,44.0413,4.01502e-05,1.15893e-05,8.41241e-06,43.9631,49.3594,50.7508,45.48609999999999,0.0,7.311467573046684
RWT296,17,RWT296/b3_P17.h5,90528,32768,2008,416,1536,3440,6848,4,0,14248,17848,32096,0.15738776952986921,0.19715447154471544,0.35454224107458465,0.000104804,1.84757e-05,9.46106e-06,39.7962,47.334,50.2406,42.043975,4.35405e-05,1.57673e-05,8.48974e-06,43.6111,48.0224,50.7111,45.0500125,0.0,7.287442833185196
RWT296,18,RWT296/b3_P18.h5,90528,32768,1912,472,1784,5448,12288,4,0,21904,33408,55312,0.24195828914810888,0.36903499469777307,0.6109932838458819,0.000146482,2.63329e-05,1.53171e-05,38.3421,45.795,48.1482,40.499475000000004,5.76774e-05,2.12088e-05,1.30586e-05,42.3899,46.7348,48.841,43.739399999999996,0.0,7.554896734654903
RWT296,19,RWT296/b3_P19.h5,90529,32768,1808,520,1680,4424,8888,4,0,17320,23960,41280,0.1913199085375957,0.26466657093307117,0.45598647947066684,0.000112577,1.97154e-05,1.29689e-05,39.4855,47.0519,48.871,41.6044875,5.0928e-05,1.71138e-05,1.15554e-05,42.9304,47.6665,49.3722,44.3276375,0.0,7.472251586616039
RWT296,2,RWT296/b3_P2.h5,90528,32768,1496,264,808,1760,2488,4,0,6816,7944,14760,0.07529162248144221,0.08775185577942736,0.16304347826086957,5.4083e-05,1.16298e-05,8.69919e-06,42.6694,49.3443,50.6052,44.495737500000004,4.02322e-05,1.14017e-05,8.28513e-06,43.9543,49.4303,50.817,45.496637500000006,0.0,7.2908055782318115
RWT296,20,RWT296/b3_P20.h5,90528,32768,1872,568,2448,7344,20992,4,0,33224,62304,95528,0.36700247437256983,0.6882290562036055,1.0552315305761752,0.000448153,2.4738e-05,1.4562e-05,33.4857,46.0664,48.3678,36.918549999999996,6.46522e-05,2.07531e-05,1.31365e-05,41.8942,46.8292,48.8152,43.3762,0.0,7.583175674080849
RWT296,21,RWT296/b3_P21.h5,90528,32768,2080,528,1760,4192,8000,4,0,16560,19656,36216,0.18292682926829268,0.21712619300106045,0.40005302226935313,0.000121952,2.40972e-05,1.25137e-05,39.1381,46.1803,49.0261,41.254374999999996,4.79023e-05,2.1774e-05,1.15687e-05,43.1964,46.6206,49.3672,44.395775,0.0,7.547468297183514
RWT296,22,RWT296/b3_P22.h5,90528,32768,1768,400,1344,3440,6408,4,0,13360,16736,30096,0.1475786496995405,0.18487097914457407,0.33244962884411455,8.13764e-05,2.09833e-05,1.18854e-05,40.895,46.7813,49.2499,42.67515,4.64456e-05,1.90787e-05,1.08029e-05,43.3306,47.1945,49.6646,44.6053375,0.0,7.540304943919182
RWT296,23,RWT296/b3_P23.h5,90529,32768,1800,384,1704,3376,5592,4,0,12856,15520,28376,0.14200974273437242,0.17143677716532824,0.3134465198997006,8.64987e-05,1.96765e-05,1.06507e-05,40.6299,47.0605,49.7262,42.5707625,4.91103e-05,1.82325e-05,1.03714e-05,43.0883,47.3915,49.8416,44.47036249999999,0.0,7.469127029180527
RWT296,24,RWT296/b3_P24.h5,90528,32768,1816,592,1520,3688,6936,4,0,14552,19568,34120,0.16074584658890068,0.21615411806291976,0.3768999646518204,9.60422e-05,1.91412e-05,1.01523e-05,40.1754,47.1803,49.9343,42.270875000000004,5.24881e-05,1.79786e-05,9.6588e-06,42.7994,47.4524,50.1508,44.29995,0.0,7.273301735520363
RWT296,25,RWT296/b3_P25.h5,90528,32768,2200,632,1912,4360,8480,4,0,17584,22744,40328,0.19423824673029338,0.2512371862849063,0.4454754330151997,0.000112959,1.97463e-05,1.33013e-05,39.4708,47.0451,48.7611,41.578875,5.18431e-05,1.81487e-05,1.2304e-05,42.8531,47.4116,49.0995,44.2037125,0.0,7.37365996837616
RWT296,26,RWT296/b3_P26.h5,90528,32768,1936,584,1864,4104,8360,4,0,16848,23856,40704,0.1861081654294804,0.2635206786850477,0.4496288441145281,0.000114399,2.3475e-05,9.28417e-06,39.4158,46.2939,50.3226,41.6389125,5.69327e-05,2.17334e-05,8.8685e-06,42.4464,46.6287,50.5215,43.978575,0.0,7.258256010711193
RWT296,27,RWT296/b3_P27.h5,90529,32768,1872,664,1712,3664,6152,4,0,14064,17584,31648,0.15535353312198302,0.19423610113886158,0.3495896342608446,9.14005e-05,1.77704e-05,8.91177e-06,40.3905,47.503,50.5004,42.5433,5.43973e-05,1.71969e-05,8.73322e-06,42.6442,47.6455,50.5883,44.262375,0.0,7.248069755733013
RWT296,28,RWT296/b3_P28.h5,90528,32768,2328,544,1744,3888,8232,4,0,16736,23064,39800,0.18487097914457407,0.25477200424178154,0.4396429833863556,0.000115441,2.1507e-05,1.21838e-05,39.3764,46.6742,49.1422,41.50935,5.56257e-05,1.90294e-05,1.13145e-05,42.5472,47.2058,49.4637,43.9940875,0.0,7.729672245681286
RWT296,29,RWT296/b3_P29.h5,90528,32768,1816,520,1568,3856,8576,4,0,16336,26624,42960,0.18045245669848003,0.2940968540120184,0.4745493107104984,0.0001269,2.21548e-05,1.32092e-05,38.9654,46.5453,48.7912,41.141112500000006,5.61559e-05,1.91648e-05,1.23695e-05,42.506,47.175,49.0765,43.9109375,0.0,7.511120952665806
RWT296,3,RWT296/b3_P3.h5,90529,32768,1680,288,928,2088,3280,4,0,8264,10360,18624,0.091285665366899,0.11443846723149488,0.2057241325983939,6.08642e-05,1.3548e-05,1.14479e-05,42.1564,48.6813,49.4127,43.87905000000001,3.8617e-05,1.22523e-05,1.08052e-05,44.1322,49.1178,49.6637,45.446837499999994,0.0,7.315739028155804
RWT296,30,RWT296/b3_P30.h5,90528,32768,2024,464,1616,3504,6024,4,0,13632,16648,30280,0.15058324496288442,0.18389890420643337,0.3344821491693178,9.29014e-05,1.86983e-05,8.78172e-06,40.3198,47.282,50.5642,42.470625,5.37084e-05,1.75428e-05,8.82858e-06,42.6996,47.559,50.5411,44.287212499999995,0.0,7.210055790841579
RWT296,31,RWT296/b3_P31.h5,90529,32768,1672,440,1144,2928,5960,4,0,12144,20968,33112,0.13414485965823106,0.2316163881187244,0.36576124777695546,0.000102631,2.0986e-05,1.27158e-05,39.8872,46.7807,48.9566,41.8825625,5.48348e-05,1.87769e-05,1.09917e-05,42.6094,47.2638,49.5894,44.063700000000004,0.0,7.303376287221909
RWT296,4,RWT296/b3_P4.h5,90528,32768,1680,288,872,1952,3216,4,0,8008,14288,22296,0.0884588193708024,0.15782962177447862,0.246288441145281,8.04282e-05,1.61959e-05,7.31747e-06,40.9459,47.9059,51.3564,43.11721250000001,5.07318e-05,1.51554e-05,6.99236e-06,42.9472,48.1943,51.5538,44.6789125,0.0,7.560758262872696
RWT296,5,RWT296/b3_P5.h5,90528,32768,2112,384,1288,2776,4552,4,0,11112,14888,26000,0.12274655355249205,0.16445740544361964,0.2872039589961117,7.86493e-05,1.70396e-05,7.32151e-06,41.0431,47.6854,51.354,43.16225,5.14995e-05,1.59842e-05,7.36561e-06,42.882,47.9631,51.3279,44.572874999999996,0.0,7.485546551644802
RWT296,6,RWT296/b3_P6.h5,90528,32768,1976,464,1144,2784,4856,4,0,11224,15160,26384,0.12398373983739837,0.1674620007069636,0.29144574054436195,8.32527e-05,1.90925e-05,8.16128e-06,40.796,47.1914,50.8824,42.856225,5.15921e-05,1.82612e-05,7.8478e-06,42.8742,47.3847,51.0525,44.460300000000004,0.0,7.2895031943917274
RWT296,7,RWT296/b3_P7.h5,90529,32768,1944,400,1096,2456,4176,4,0,10072,14104,24176,0.11125716621193209,0.15579538048581118,0.26705254669774325,7.89979e-05,2.08899e-05,7.77618e-06,41.0238,46.8006,51.0923,43.0044625,5.18308e-05,1.95094e-05,7.22675e-06,42.8541,47.0976,51.4106,44.4541,0.0,7.298136278986931
RWT296,8,RWT296/b3_P8.h5,90528,32768,1928,904,2768,8328,24792,4,0,38720,82600,121320,0.42771297278190173,0.9124248851184164,1.340137857900318,0.000474933,3.14446e-05,2.20049e-05,33.2337,45.0245,46.5748,36.375187499999996,6.8334e-05,2.44573e-05,1.83366e-05,41.6536,46.1159,47.3668,42.9255375,0.0,7.540221840143204
RWT296,9,RWT296/b3_P9.h5,90528,32768,1984,760,2152,4872,9904,4,0,19672,26952,46624,0.2173029338989042,0.29772004241781547,0.5150229763167197,0.000118473,2.57176e-05,1.41388e-05,39.2638,45.8977,48.4959,41.24705,5.12085e-05,2.31681e-05,1.29699e-05,42.9066,46.3511,48.8706,44.082662500000005,0.0,7.937705747783184
RWT323,0,RWT323/CMoA_Siva_Parvati_P0.h5,57294,32768,1704,704,2240,5696,14736,4,0,25080,49048,74128,0.43774217195517856,0.856075679826858,1.2938178517820365,0.000691823,2.75691e-05,3.2077e-05,31.6001,45.5958,44.9381,35.0168125,8.1584e-05,2.02521e-05,2.48758e-05,40.8839,46.9353,46.0422,42.2851125,0.0,4.961391918361187
RWT323,1,RWT323/CMoA_Siva_Parvati_P1.h5,57295,32768,1848,600,1776,5032,13424,4,0,22680,40048,62728,0.39584605986560784,0.6989789684963784,1.0948250283619863,0.000535811,3.49846e-05,2.80023e-05,32.7099,44.5612,45.5281,35.793587499999994,7.61085e-05,2.04992e-05,2.06551e-05,41.1857,46.8826,46.8497,42.6058125,0.0,4.829518750309944
RWT323,10,RWT323/CMoA_Siva_Parvati_P10.h5,57295,32768,1512,656,2152,7200,19752,4,0,31272,67944,99216,0.5458067894231609,1.1858626407190855,1.7316694301422462,0.00065309,4.36698e-05,4.4907e-05,31.8503,43.5982,43.4769,34.7721125,8.40117e-05,2.92978e-05,3.21814e-05,40.7566,45.3317,44.924,41.8494125,0.0,4.8520819172263145
RWT323,11,RWT323/CMoA_Siva_Parvati_P11.h5,57295,32768,1448,592,1616,5008,14808,4,0,23472,45680,69152,0.4096692556069465,0.7972772493236757,1.2069465049306223,0.000632992,3.25228e-05,4.44907e-05,31.986,44.8781,43.5173,35.038925,7.4841e-05,2.47668e-05,3.22335e-05,41.2586,46.0613,44.9169,42.316225,0.0,4.897617019712925
RWT323,12,RWT323/CMoA_Siva_Parvati_P12.h5,57295,32768,1856,552,1200,3336,7976,4,0,14920,26744,41664,0.260406667248451,0.46677720568985076,0.7271838729383018,0.000421348,2.70733e-05,2.27163e-05,33.7536,45.6746,46.4366,36.8291,6.75598e-05,1.77892e-05,1.71419e-05,41.7031,47.4984,47.6594,43.17205,0.0,4.982813932001591
RWT323,13,RWT323/CMoA_Siva_Parvati_P13.h5,57295,32768,1744,600,1856,5544,14536,4,0,24280,44232,68512,0.4237717078279082,0.7720045379177939,1.195776245745702,0.00069575,3.14122e-05,2.51977e-05,31.5755,45.029,45.9864,35.05855,8.35502e-05,2.17425e-05,2.07253e-05,40.7805,46.6269,46.835,42.2681125,0.0,4.979180745780468
RWT323,14,RWT323/CMoA_Siva_Parvati_P14.h5,57295,32768,1784,848,2704,7568,21408,4,0,34312,60712,95024,0.5988655205515315,1.0596387119294877,1.6585042324810193,0.000619845,4.22069e-05,2.86728e-05,32.0772,43.7462,45.4253,35.204337499999994,8.3705e-05,2.94672e-05,2.38745e-05,40.7725,45.3066,46.2207,42.0202875,0.0,4.799064502120018
RWT323,15,RWT323/CMoA_Siva_Parvati_P15.h5,57295,32768,1360,744,2584,7704,23104,4,0,35496,69136,104632,0.6195305000436339,1.2066672484509993,1.826197748494633,0.000797061,4.97545e-05,3.37199e-05,30.9851,43.0317,44.7211,34.207924999999996,8.53466e-05,3.20433e-05,2.65606e-05,40.6881,44.9426,45.7576,41.8536,0.0,5.259059883654118
RWT323,16,RWT323/CMoA_Siva_Parvati_P16.h5,57294,32768,2056,504,1664,4440,11856,4,0,20520,41144,61664,0.3581526861451461,0.7181205710894684,1.0762732572346145,0.000509036,2.90609e-05,2.18381e-05,32.9325,45.3669,46.6079,36.196225,7.96061e-05,1.97309e-05,1.84089e-05,40.9905,47.0485,47.3497,42.542649999999995,0.0,4.967558480799198
RWT323,17,RWT323/CMoA_Siva_Parvati_P17.h5,57295,32768,1552,752,2384,7176,19048,4,0,30912,57440,88352,0.5395235186316433,1.0025307618465835,1.5420542804782267,0.000617522,3.81263e-05,3.20252e-05,32.0935,44.1878,44.9451,35.2117375,8.59572e-05,2.62642e-05,2.55457e-05,40.6572,45.8064,45.9268,41.95955,0.0,4.956377997994423
RWT323,18,RWT323/CMoA_Siva_Parvati_P18.h5,57295,32768,1160,792,2752,7296,19608,4,0,31608,54952,86560,0.5516711754952439,0.9591063792652064,1.5107775547604503,0.000751261,4.73723e-05,2.89791e-05,31.2421,43.2448,45.3792,34.509575,8.04705e-05,2.75727e-05,2.30269e-05,40.9436,45.5952,46.3776,42.2043,0.0,5.086322106420994
RWT323,19,RWT323/CMoA_Siva_Parvati_P19.h5,57295,32768,1648,784,2712,8232,23504,4,0,36880,68496,105376,0.6436861855310236,1.1954969892660792,1.8391831747971028,0.000811615,5.02777e-05,3.32158e-05,30.9065,42.9862,44.7865,34.1514625,8.33966e-05,3.24409e-05,2.58525e-05,40.7885,44.8891,45.875,41.9368875,0.0,5.144461303949356
RWT323,2,RWT323/CMoA_Siva_Parvati_P2.h5,57295,32768,1264,600,1848,5928,16456,4,0,26096,58976,85072,0.4554673182651191,1.029339383890392,1.484806702155511,0.000603542,3.82657e-05,4.9772e-05,32.1929,44.1719,43.0301,35.044925,8.89243e-05,2.74906e-05,3.62813e-05,40.5098,45.6082,44.4032,41.633775,0.0,4.88215821236372
RWT323,20,RWT323/CMoA_Siva_Parvati_P20.h5,57295,32768,2032,648,2160,5976,15184,4,0,26000,44920,70920,0.4537917793873811,0.784012566541583,1.237804345928964,0.00110384,3.99701e-05,2.5427e-05,29.5709,43.9827,45.947,33.4193875,7.55437e-05,2.33759e-05,1.93568e-05,41.218,46.3123,47.1317,42.59400000000001,0.0,4.993667751550674
RWT323,21,RWT323/CMoA_Siva_Parvati_P21.h5,57295,32768,1320,832,3128,9816,28016,4,0,43112,79904,123016,0.7524565843441836,1.3946068592372807,2.147063443581464,0.00109444,6.82488e-05,5.40968e-05,29.6081,41.659,42.6683,32.746987499999996,8.67577e-05,3.58328e-05,3.56221e-05,40.6169,44.4572,44.4828,41.580175,0.0,4.967032469809055
RWT323,22,RWT323/CMoA_Siva_Parvati_P22.h5,57295,32768,1528,760,2512,8088,23240,4,0,36128,69208,105336,0.6305611309887424,1.2079239026093027,1.8384850335980452,0.00102795,6.6251e-05,3.85507e-05,29.8803,41.7881,44.1397,33.151199999999996,8.18585e-05,3.46189e-05,2.80621e-05,40.8694,44.6069,45.5188,41.9177625,0.0,4.97705551981926
RWT323,23,RWT323/CMoA_Siva_Parvati_P23.h5,57295,32768,1616,856,3096,9344,26864,4,0,41776,75472,117248,0.7291386682956628,1.3172528143817086,2.0463914826773717,0.00112565,7.37884e-05,5.83102e-05,29.4859,41.3201,42.3426,32.5722625,8.42436e-05,3.64067e-05,3.63981e-05,40.7446,44.3882,44.3892,41.655625,0.0,4.97512499243021
RWT323,24,RWT323/CMoA_Siva_Parvati_P24.h5,57295,32768,1552,720,2656,8032,22872,4,0,35832,69976,105808,0.6253948861157169,1.221328213631207,1.8467230997469237,0.00110453,5.00415e-05,3.54003e-05,29.5682,43.0067,44.5099,33.115725,8.08964e-05,3.0997e-05,2.76067e-05,40.9207,45.0868,45.5899,42.0251125,0.0,4.981448821723461
RWT323,25,RWT323/CMoA_Siva_Parvati_P25.h5,57295,32768,1632,744,2584,7728,22600,4,0,35288,67944,103232,0.6159001658085348,1.1858626407190855,1.80176280652762,0.00106776,5.60275e-05,4.05699e-05,29.7153,42.516,43.918,33.090725,7.92993e-05,3.24546e-05,2.9678e-05,41.0073,44.8872,45.2756,42.025825,0.0,4.962545372545719
RWT323,26,RWT323/CMoA_Siva_Parvati_P26.h5,57295,32768,1584,584,1912,5208,14040,4,0,23328,45144,68472,0.4071559472903395,0.7879221572563051,1.1950781045466445,0.000748537,4.1522e-05,3.14026e-05,31.2579,43.8172,45.0303,34.5493625,7.78867e-05,2.51421e-05,2.43003e-05,41.0854,45.996,46.1439,42.331537499999996,0.0,4.985513985157013
RWT323,27,RWT323/CMoA_Siva_Parvati_P27.h5,57295,32768,1144,784,2456,7008,19128,4,0,30520,57240,87760,0.5326817348808797,0.999040055851296,1.5317217907321756,0.000702943,4.22938e-05,3.3286e-05,31.5308,43.7372,44.7774,34.712424999999996,7.95449e-05,2.64927e-05,2.50257e-05,40.9939,45.7687,46.0161,42.218525,0.0,4.921047665178776
RWT323,28,RWT323/CMoA_Siva_Parvati_P28.h5,57295,32768,1536,672,2520,7736,24360,4,0,36824,74880,111704,0.6427087878523431,1.3069203246356575,1.9496291124880007,0.000888478,5.78417e-05,4.25514e-05,30.5135,42.3776,43.7109,33.6461875,8.08867e-05,3.22151e-05,3.0316e-05,40.9212,44.9194,45.1833,41.9537375,0.0,4.937835790216923
RWT323,29,RWT323/CMoA_Siva_Parvati_P29.h5,57295,32768,1400,808,3040,8792,25840,4,0,39880,73000,112880,0.6960467754603369,1.2741076882799547,1.9701544637402915,0.00123681,7.84571e-05,5.49143e-05,29.077,41.0537,42.6031,32.26485,8.06532e-05,3.85941e-05,3.5414e-05,40.9338,44.1348,44.5083,41.7807375,0.0,5.011109933257103
RWT323,3,RWT323/CMoA_Siva_Parvati_P3.h5,57295,32768,1360,696,2432,7696,21040,4,0,33224,69160,102384,0.5798760799371673,1.2070861331704337,1.786962213107601,0.00054987,4.59381e-05,5.4902e-05,32.5974,43.3783,42.6041,35.19585,8.49895e-05,3.04709e-05,3.54851e-05,40.7063,45.1611,44.4995,41.7373,0.0,4.839160203933716
RWT323,30,RWT323/CMoA_Siva_Parvati_P30.h5,57295,32768,1400,656,2344,7520,21080,4,0,33000,64056,97056,0.5759664892224452,1.1180033161706955,1.6939698053931407,0.000745953,4.6445e-05,4.11304e-05,31.2729,43.3306,43.8584,34.353300000000004,8.35722e-05,2.66847e-05,2.72094e-05,40.7794,45.7374,45.6528,42.008325,0.0,4.991944029927254
RWT323,31,RWT323/CMoA_Siva_Parvati_P31.h5,57295,32768,1416,664,2928,9024,26680,4,0,40712,78872,119584,0.710568112400733,1.376594816301597,2.08716292870233,0.00133203,7.04933e-05,5.35299e-05,28.7548,41.5185,42.714,32.0951625,8.20019e-05,3.50936e-05,3.50406e-05,40.8618,44.5477,44.5543,41.7841,0.0,4.961226500570774
RWT323,4,RWT323/CMoA_Siva_Parvati_P4.h5,57295,32768,1480,384,1704,4136,10312,4,0,18016,33960,51976,0.31444279605550224,0.5927218779998255,0.9071646740553276,0.000431675,2.25064e-05,1.63418e-05,33.6484,46.4769,47.867,37.0292875,7.63962e-05,1.7025e-05,1.47927e-05,41.1693,47.6891,48.2995,42.875550000000004,0.0,4.973814211785793
RWT323,5,RWT323/CMoA_Siva_Parvati_P5.h5,57295,32768,1568,856,2744,8024,22992,4,0,36184,68056,104240,0.631538528667423,1.1878174360764464,1.8193559647438695,0.000691452,5.02848e-05,3.59037e-05,31.6024,42.9856,44.4486,34.631074999999996,8.80778e-05,3.27703e-05,2.851e-05,40.5513,44.8452,45.45,41.700374999999994,0.0,4.9785643965005875
RWT323,6,RWT323/CMoA_Siva_Parvati_P6.h5,57295,32768,1512,696,2360,7176,19944,4,0,31688,60384,92072,0.553067457893359,1.0539139540972162,1.6069814119905752,0.000638544,4.22165e-05,3.21121e-05,31.9481,43.7452,44.9333,35.045887500000006,8.41991e-05,2.82512e-05,2.55448e-05,40.7469,45.4896,45.927,41.98725,0.0,4.949540629982948
RWT323,7,RWT323/CMoA_Siva_Parvati_P7.h5,57295,32768,1736,760,2208,6184,17704,4,0,28592,51184,79776,0.4990313290863077,0.893341478313989,1.3923728074002968,0.000553532,4.27555e-05,2.95944e-05,32.5686,43.6901,45.2879,35.548700000000004,8.18573e-05,2.74194e-05,2.37981e-05,40.8694,45.6194,46.2346,42.1338,0.0,5.032677687704563
RWT323,8,RWT323/CMoA_Siva_Parvati_P8.h5,57294,32768,1656,488,1504,3944,9744,4,0,17336,29312,46648,0.3025796767549831,0.5116068000139631,0.8141864767689462,0.000489331,2.2914e-05,2.70128e-05,33.104,46.399,45.6843,36.3384125,6.66848e-05,1.67589e-05,2.11344e-05,41.7597,47.7576,46.7501,43.13323749999999,0.0,5.0200309455394745
RWT323,9,RWT323/CMoA_Siva_Parvati_P9.h5,57295,32768,1680,608,1576,4864,11880,4,0,20608,40760,61368,0.3596823457544288,0.7114058818396021,1.071088227594031,0.000858151,4.25619e-05,5.00799e-05,30.6644,43.7098,43.0034,33.837450000000004,7.65033e-05,2.89059e-05,3.65984e-05,41.1632,45.3901,44.3654,42.091837500000004,0.0,5.003323011100292
RWT339,0,RWT339/bojovnik_680k_P0.h5,99897,32768,1720,792,3760,12256,35568,4,0,54096,124016,178112,0.541517763296195,1.2414386818422976,1.7829564451384927,0.000425586,2.40612e-05,2.89772e-05,33.7101,46.1868,45.3794,36.72835,8.97099e-05,1.59692e-05,1.74735e-05,40.4716,47.9672,47.5762,42.296625000000006,0.0,8.265305832028389
RWT339,1,RWT339/bojovnik_680k_P1.h5,99897,32768,1768,872,3648,11664,33064,4,0,51016,112648,163664,0.5106860065867844,1.1276414707148363,1.6383274773016208,0.000390644,2.27487e-05,3.2889e-05,34.0822,46.4304,44.8295,36.9691375,8.67995e-05,1.60596e-05,2.04832e-05,40.6148,47.9427,46.886,42.314687500000005,0.0,8.30153027176857
RWT339,10,RWT339/bojovnik_680k_P10.h5,99897,32768,2016,944,4296,15392,52960,4,0,75608,191088,266696,0.7568595653523129,1.9128502357428152,2.669709801095128,0.00149447,7.27102e-05,3.43424e-05,28.2551,41.384,44.6417,31.944537500000003,8.65687e-05,5.20134e-05,2.57533e-05,40.6264,42.8389,45.8917,41.561125000000004,0.0,8.419525399804115
RWT339,11,RWT339/bojovnik_680k_P11.h5,99898,32768,2000,1032,3992,15200,57720,4,0,79944,217272,297216,0.8002562613866143,2.17493843720595,2.9751946985925644,0.00166391,6.86107e-05,2.36518e-05,27.7887,41.6361,46.2614,31.828712499999998,8.49682e-05,5.43818e-05,1.90238e-05,40.7074,42.6455,47.207,41.7621125,0.0,8.35580289363861
RWT339,12,RWT339/bojovnik_680k_P12.h5,99897,32768,2264,1064,4064,14816,53016,4,0,75224,197288,272512,0.7530156060742564,1.974914161586434,2.7279297676606906,0.002187,7.78039e-05,4.42257e-05,26.6015,41.09,43.5433,30.5302875,8.67893e-05,5.45832e-05,3.15234e-05,40.6153,42.6294,45.0137,41.41686249999999,0.0,8.042609065771103
RWT339,13,RWT339/bojovnik_680k_P13.h5,99897,32768,2376,1040,4416,14872,50304,4,0,73008,171920,244928,0.7308327577404727,1.7209726017798332,2.4518053595203058,0.00131175,5.35541e-05,3.3397e-05,28.8215,42.7121,44.7629,32.5505,8.88335e-05,3.71025e-05,2.39785e-05,40.5142,44.306,46.2018,41.699125,0.0,8.041023574769497
RWT339,14,RWT339/bojovnik_680k_P14.h5,99897,32768,1952,1160,4504,16792,62256,4,0,86664,230408,317072,0.8675335595663534,2.3064556493187984,3.1739892088851516,0.00196003,8.56612e-05,4.27628e-05,27.0774,40.6722,43.6893,30.853237500000002,8.49429e-05,6.25073e-05,2.97365e-05,40.7087,42.0407,45.2671,41.44500000000001,0.0,8.467309065163136
RWT339,15,RWT339/bojovnik_680k_P15.h5,99898,32768,1696,928,3904,15592,59128,4,0,81248,227328,308576,0.8133095757672826,2.275601113135398,3.088910688902681,0.0017857,7.90095e-05,2.80818e-05,27.4819,41.0232,45.5158,31.428800000000003,8.50863e-05,6.01164e-05,2.20654e-05,40.7014,42.2101,46.5629,41.622675,0.0,8.394125431776047
RWT339,2,RWT339/bojovnik_680k_P2.h5,99897,32768,1776,768,3768,12040,34264,4,0,52616,112856,165472,0.5267025035786861,1.1297236153237835,1.6564261189024696,0.000395824,2.33814e-05,3.07133e-05,34.025,46.3113,45.1267,36.948499999999996,8.90075e-05,1.57035e-05,1.84546e-05,40.5057,48.04,47.339,42.30165,0.0,8.32542134821415
RWT339,3,RWT339/bojovnik_680k_P3.h5,99898,32768,1784,824,3320,11480,33048,4,0,50456,112920,163376,0.5050751766802138,1.1303529600192197,1.6354281366994334,0.000546681,1.97031e-05,3.07781e-05,32.6227,47.0547,45.1176,35.9885625,8.84003e-05,1.53432e-05,2.15422e-05,40.5355,48.1408,46.6671,42.2526125,0.0,8.349484376609325
RWT339,4,RWT339/bojovnik_680k_P4.h5,99897,32768,1752,832,3384,10576,32368,4,0,48912,115024,163936,0.4896243130424337,1.1514259687478103,1.641050281790244,0.00102148,3.05005e-05,3.88743e-05,29.9077,45.1569,44.1034,33.5883125,7.44326e-05,2.18148e-05,2.62596e-05,41.2824,46.6125,45.8071,42.514250000000004,0.0,8.342539668083191
RWT339,5,RWT339/bojovnik_680k_P5.h5,99897,32768,1768,696,2488,8128,27264,4,0,40344,107480,147824,0.40385597165080034,1.075908185430994,1.4797641570817943,0.000713743,2.03767e-05,2.60508e-05,31.4646,46.9087,45.8418,35.1922625,7.60972e-05,1.54481e-05,1.82645e-05,41.1863,48.1113,47.3839,42.826625,0.0,8.311297751963139
RWT339,6,RWT339/bojovnik_680k_P6.h5,99897,32768,2128,808,3168,11648,38256,4,0,56008,129448,185456,0.5606574772015176,1.2958146891298037,1.8564721663313213,0.000766379,3.39405e-05,2.26051e-05,31.1556,44.6928,46.4579,34.760537500000005,8.33764e-05,2.32834e-05,1.58769e-05,40.7896,46.3295,47.9923,42.382425,0.0,8.297512099146843
RWT339,7,RWT339/bojovnik_680k_P7.h5,99898,32768,1728,600,2208,7528,24352,4,0,36416,94576,130992,0.3645318224589081,0.9467256601733769,1.311257482632285,0.000837953,2.25037e-05,3.64279e-05,30.7678,46.4775,44.3857,34.43375,7.21914e-05,1.66015e-05,2.40638e-05,41.4151,47.7985,46.1864,42.8094375,0.0,8.378741815686226
RWT339,8,RWT339/bojovnik_680k_P8.h5,99897,32768,2336,1064,4536,15408,50120,4,0,73464,175040,248504,0.7353974593831647,1.7522047709140414,2.487602230297206,0.00120027,5.10693e-05,3.81573e-05,29.2072,42.9184,44.1842,32.793225,8.79798e-05,3.51649e-05,2.68209e-05,40.5562,44.5389,45.7153,41.698925,0.0,8.07497151941061
RWT339,9,RWT339/bojovnik_680k_P9.h5,99897,32768,2440,1144,4896,16096,53264,4,0,77840,193024,270864,0.7792025786560157,1.932230197103016,2.711432775759032,0.00206139,6.42518e-05,4.2131e-05,26.8584,41.9212,43.754,30.853199999999998,8.64977e-05,4.53397e-05,3.05215e-05,40.63,43.4352,45.1539,41.54613750000001,0.0,8.079969845712185
RWT380,0,RWT380/ujety_svah_ske_P0.h5,86036,32768,1552,680,2976,12560,54184,4,0,71952,238336,310288,0.8363010832674694,2.770189223115905,3.606490306383374,0.00327831,4.53526e-05,3.72937e-05,24.8435,43.434,44.2836,29.597324999999998,8.42806e-05,3.71523e-05,3.13717e-05,40.7427,44.3001,45.0346,41.7238625,0.0,7.077653139829636
RWT380,1,RWT380/ujety_svah_ske_P1.h5,86037,32768,1792,808,3384,13656,56056,4,0,75696,234112,309808,0.8798075246696189,2.721061868730895,3.600869393400514,0.0032318,3.71917e-05,4.26067e-05,24.9056,44.2955,43.7052,29.6792875,8.51187e-05,2.68825e-05,3.37436e-05,40.6998,45.7053,44.7181,41.827775,0.0,6.985869906842709
RWT380,10,RWT380/ujety_svah_ske_P10.h5,86036,32768,1664,680,3168,13192,54280,4,0,72984,233560,306544,0.8482960621135339,2.7146775768283042,3.5629736389418385,0.00357919,5.41881e-05,2.97547e-05,24.4622,42.661,45.2644,29.337325,8.45099e-05,3.69578e-05,2.45882e-05,40.7309,44.3229,46.0927,41.850125,0.0,7.1559682339429855
RWT380,11,RWT380/ujety_svah_ske_P11.h5,86037,32768,1952,896,3664,13920,51736,4,0,72168,207056,279224,0.8388019108058161,2.4065925125236816,3.245394423329498,0.00244549,3.34333e-05,4.00005e-05,26.1163,44.7582,43.9793,30.6794125,8.53497e-05,2.49894e-05,3.10409e-05,40.688,46.0224,45.0807,41.903887499999996,0.0,7.4452038779854774
RWT380,12,RWT380/ujety_svah_ske_P12.h5,86036,32768,1616,728,3440,13640,54448,4,0,73872,235832,309704,0.8586173229810777,2.741085127156074,3.5997024501371517,0.0033923,5.07415e-05,4.63051e-05,24.6951,42.9464,43.3437,29.307587500000004,8.53378e-05,3.26562e-05,3.50033e-05,40.6886,44.8603,44.5589,41.69385,0.0,7.190640740096569
RWT380,13,RWT380/ujety_svah_ske_P13.h5,86037,32768,1752,728,3432,13632,52832,4,0,72376,220280,292656,0.841219475342004,2.560293827074398,3.401513302416402,0.00294346,3.53411e-05,3.06552e-05,25.3114,44.5172,45.135,30.190075,8.45646e-05,2.61975e-05,2.45172e-05,40.7281,45.8174,46.1053,42.0364125,0.0,7.145018361508846
RWT380,14,RWT380/ujety_svah_ske_P14.h5,86037,32768,1384,360,1912,7512,27672,4,0,38840,123776,162616,0.451433685507398,1.4386368655345956,1.8900705510419935,0.000795299,2.90819e-05,3.59173e-05,30.9947,45.3638,44.447,34.472375,8.87147e-05,2.03917e-05,2.60531e-05,40.52,46.9055,45.8414,41.983362500000005,0.0,7.065367706120014
RWT380,15,RWT380/ujety_svah_ske_P15.h5,86037,32768,1480,544,2792,10320,39128,4,0,54264,161496,215760,0.6307053941908713,1.8770528958471355,2.507758290038007,0.00146906,2.59771e-05,1.8569e-05,28.3296,45.8541,47.3121,32.892975,8.63506e-05,2.02166e-05,1.67375e-05,40.6374,46.9429,47.7631,42.3163,0.0,7.121456317603588
RWT380,2,RWT380/ujety_svah_ske_P2.h5,86036,32768,1600,720,3680,14552,60912,4,0,81464,259240,340704,0.9468594541819704,3.013157282997815,3.960016737179785,0.00456178,4.92923e-05,4.78661e-05,23.4087,43.0722,43.1997,28.340512500000003,8.47907e-05,3.55588e-05,3.83744e-05,40.7165,44.4905,44.1596,41.618637500000006,0.0,7.069790355861187
RWT380,3,RWT380/ujety_svah_ske_P3.h5,86037,32768,2144,1072,4288,15792,60128,4,0,83424,234872,318296,0.9696293455141393,2.72989527761312,3.6995246231272594,0.00415082,3.26471e-05,4.38606e-05,23.8187,44.8616,43.5793,28.919137499999998,8.63977e-05,2.39661e-05,3.39823e-05,40.635,46.204,44.6875,41.8376875,0.0,7.112042628228664
RWT380,4,RWT380/ujety_svah_ske_P4.h5,86036,32768,1432,728,3360,14808,60528,4,0,80856,252008,332864,0.9397926449393277,2.9290994467432236,3.8688920916825515,0.00396116,8.56533e-05,5.76318e-05,24.0218,40.6726,42.3934,28.3996,8.54756e-05,4.92284e-05,4.11108e-05,40.6816,43.0778,43.8604,41.37847500000001,0.0,7.223913639783859
RWT380,5,RWT380/ujety_svah_ske_P5.h5,86037,32768,1600,888,4032,15640,62416,4,0,84576,256128,340704,0.9830189337145646,2.976951776561247,3.9599707102758117,0.00416038,0.000163242,4.51219e-05,23.8087,37.8717,43.4561,28.0225,8.6267e-05,8.60491e-05,3.54211e-05,40.6416,40.6525,44.5074,41.1261875,0.0,7.354161478579044
RWT380,6,RWT380/ujety_svah_ske_P6.h5,86037,32768,1480,792,3544,14208,55760,4,0,75784,230176,305960,0.8808303404349291,2.675314109046108,3.556144449481037,0.00279517,7.85242e-05,2.68257e-05,25.5359,41.05,45.7145,29.9974875,8.39541e-05,5.38413e-05,2.22684e-05,40.7596,42.6888,46.5231,41.7211875,0.0,7.308583579957485
RWT380,7,RWT380/ujety_svah_ske_P7.h5,86037,32768,1504,632,2992,11720,47080,4,0,63928,205232,269160,0.7430291618722178,2.3853923312063414,3.128421493078559,0.00248691,4.73013e-05,3.00147e-05,26.0434,43.2513,45.2267,30.5923,8.49877e-05,3.39456e-05,2.3968e-05,40.7064,44.6922,46.2037,41.89178750000001,0.0,7.356354922056198
RWT380,8,RWT380/ujety_svah_ske_P8.h5,86036,32768,1464,656,3152,13232,56688,4,0,75192,245248,320440,0.8739597377841833,2.8505276860848947,3.724487423869078,0.00369611,6.56636e-05,4.72828e-05,24.3225,41.8268,43.253,28.876849999999997,8.45159e-05,4.23194e-05,3.81479e-05,40.7306,43.7346,44.1853,41.5379375,0.0,7.155750162899494
RWT380,9,RWT380/ujety_svah_ske_P9.h5,86037,32768,1896,912,3888,15896,62720,4,0,85312,248040,333352,0.9915733928426143,2.8829457094040936,3.874519102246708,0.00455258,3.52528e-05,4.20705e-05,23.4174,44.5281,43.7602,28.5990875,8.65276e-05,2.6507e-05,3.37134e-05,40.6285,45.7664,44.722,41.782424999999996,0.0,7.084039442241192
RWT391,0,RWT391/texturedMesh_P0.h5,73494,32768,1872,1304,4552,14720,44480,4,0,66928,138792,205720,0.9106593735543037,1.8884806923014124,2.799140065855716,0.00651412,2.89059e-05,1.58078e-05,21.8614,45.3901,48.0113,28.071225,5.49291e-05,1.93416e-05,1.25185e-05,42.602,47.1351,49.0245,43.97145,0.0,6.4294446259737015
RWT391,1,RWT391/texturedMesh_P1.h5,73494,32768,2160,1296,4448,15184,48800,4,0,71888,151072,222960,0.9781478760170899,2.0555691621084713,3.033717038125561,0.00823289,3.07439e-05,1.60003e-05,20.8445,45.1224,47.9587,27.2685125,5.7263e-05,1.97641e-05,1.20754e-05,42.4213,47.0412,49.181,43.84375,0.0,6.3527789786458015
RWT391,10,RWT391/texturedMesh_P10.h5,73494,32768,1960,1288,4144,14432,45048,4,0,66872,151456,218328,0.9098974065910143,2.060794078428171,2.9706914850191852,0.0067259,3.09933e-05,1.68381e-05,21.7225,45.0873,47.7371,27.894925,6.29621e-05,2.13323e-05,1.39251e-05,42.0092,46.7096,48.562,43.415850000000006,0.0,6.39695780724287
RWT391,11,RWT391/texturedMesh_P11.h5,73495,32768,1792,1312,4080,13536,38608,4,0,59328,117400,176728,0.8072385876590245,1.5973875773862167,2.404626165045241,0.00551399,2.22677e-05,1.24522e-05,22.5853,46.5232,49.0475,28.885312499999998,4.93883e-05,1.54853e-05,1.02557e-05,43.0638,48.1008,49.8904,44.546749999999996,0.0,6.343770571053028
RWT391,12,RWT391/texturedMesh_P12.h5,73494,32768,1856,1200,4736,15064,47200,4,0,70056,153176,223232,0.9532206710751898,2.084197349443492,3.0374180205186816,0.00954146,2.93347e-05,1.39841e-05,20.2039,45.3262,48.5437,26.8866625,5.67367e-05,1.9721e-05,1.17736e-05,42.4614,47.0507,49.2909,43.88875,0.0,6.238447390496731
RWT391,13,RWT391/texturedMesh_P13.h5,73495,32768,1816,1288,4328,13400,38888,4,0,59720,112208,171928,0.8125722838288318,1.526743315871828,2.33931559970066,0.00587191,2.18754e-05,1.08827e-05,22.3122,46.6004,49.6326,28.763275,5.08009e-05,1.50386e-05,8.97757e-06,42.9413,48.2279,50.4684,44.54301249999999,0.0,6.182515814900398
RWT391,14,RWT391/texturedMesh_P14.h5,73494,32768,1960,992,4424,14568,43680,4,0,65624,134920,200544,0.8929164285519906,1.8357961194111083,2.728712547963099,0.00636936,2.93224e-05,1.61828e-05,21.959,45.328,47.9095,28.1239375,5.66033e-05,1.91509e-05,1.24715e-05,42.4716,47.1781,49.0408,43.8810625,0.0,6.211932577192783
RWT391,15,RWT391/texturedMesh_P15.h5,73495,32768,1808,1256,4760,16096,46856,4,0,70776,136168,206944,0.9630042860058508,1.8527518878835294,2.81575617388938,0.00719781,2.46779e-05,1.44195e-05,21.428,46.0769,48.4105,27.881925000000003,5.70309e-05,1.63467e-05,1.14551e-05,42.4389,47.8657,49.41,43.988637499999996,0.0,6.120483450591564
RWT391,2,RWT391/texturedMesh_P2.h5,73494,32768,2104,1360,4456,15584,49880,4,0,73384,166560,239944,0.9985032791792527,2.2663074536696874,3.26481073284894,0.00987249,3.38071e-05,1.53747e-05,20.0557,44.7099,48.1319,26.647000000000002,6.06353e-05,2.21994e-05,1.30958e-05,42.1727,46.5366,48.8287,43.55018750000001,0.0,6.469848722219467
RWT391,3,RWT391/texturedMesh_P3.h5,73495,32768,1800,1312,4352,14912,49816,4,0,72192,172864,245056,0.9822709027825022,2.352051159942853,3.3343220627253554,0.00862845,3.33019e-05,1.81849e-05,20.6407,44.7753,47.4029,27.0028,6.49727e-05,2.29567e-05,1.49609e-05,41.8727,46.3909,48.2504,43.2346875,0.0,6.70282805711031
RWT391,4,RWT391/texturedMesh_P4.h5,73494,32768,2040,1192,4120,13416,40928,4,0,61696,129968,191664,0.8394698886983971,1.7684164693716493,2.6078863580700467,0.00664507,2.51545e-05,1.3204e-05,21.775,45.9938,48.7929,28.179587499999997,5.19583e-05,1.64559e-05,1.03726e-05,42.8435,47.8368,49.8411,44.34236249999999,0.0,6.54815598577261
RWT391,5,RWT391/texturedMesh_P5.h5,73495,32768,1984,1312,4592,15312,48088,4,0,71288,155160,226448,0.9699707463092727,2.1111640247635894,3.081134771072862,0.00611861,4.66337e-05,2.83328e-05,22.1335,43.313,45.4771,27.698887500000005,6.50506e-05,2.82316e-05,2.15196e-05,41.8675,45.4926,46.6717,42.921162499999994,0.0,6.335186310112476
RWT391,6,RWT391/texturedMesh_P6.h5,73494,32768,1432,1168,4448,15800,50696,4,0,73544,165312,238856,1.0006803276457943,2.2493264756306637,3.2500068032764577,0.0111084,3.61903e-05,1.90371e-05,19.5435,44.4141,47.204,26.109887500000003,5.77354e-05,2.26489e-05,1.48532e-05,42.3856,46.4495,48.2818,43.6306125,0.0,6.341861881315708
RWT391,7,RWT391/texturedMesh_P7.h5,73495,32768,1704,1144,3920,12048,35000,4,0,53816,101272,155088,0.7322402884549969,1.3779440778284238,2.1101843662834208,0.00470106,2.53154e-05,1.49897e-05,23.278,45.9661,48.2421,29.234524999999998,4.21801e-05,1.51195e-05,1.05782e-05,43.7489,48.2046,49.7559,45.0567375,0.0,6.302499383687973
RWT391,8,RWT391/texturedMesh_P8.h5,73494,32768,1752,1128,4296,14632,47408,4,0,69216,157104,226320,0.941791166625847,2.1376438892970855,3.0794350559229327,0.00948264,3.64411e-05,1.70557e-05,20.2307,44.3841,47.6813,26.681199999999997,5.71979e-05,2.22657e-05,1.40124e-05,42.4262,46.5236,48.5349,43.7019625,0.0,6.352377027273178
RWT391,9,RWT391/texturedMesh_P9.h5,73495,32768,1392,1096,4336,16152,49992,4,0,72968,166992,239960,0.9928294441798762,2.272154568337982,3.2649840125178584,0.010601,3.48148e-05,1.85015e-05,19.7465,44.5824,47.3279,26.298662500000002,5.74346e-05,2.30756e-05,1.46172e-05,42.4083,46.3685,48.3514,43.6462125,0.0,6.384387232363224
RWT405,0,RWT405/Dead Sea Qumran_P0.h5,60448,32768,1448,656,2312,7832,24776,4,0,37024,83280,120304,0.6124933827421917,1.3777130757014293,1.990206458443621,0.00118715,3.36254e-05,2.33363e-05,29.2549,44.7333,46.3197,33.3228,6.82075e-05,2.18317e-05,1.90318e-05,41.6617,46.6091,47.2052,42.973062500000005,0.0,5.184885732829571
RWT405,1,RWT405/Dead Sea Qumran_P1.h5,60448,32768,1464,464,1632,4712,16352,4,0,24624,58168,82792,0.40735839068290103,0.962281630492324,1.369640021175225,0.000796954,1.6451e-05,1.44085e-05,30.9857,47.8381,48.4138,35.2707625,6.04086e-05,1.30258e-05,1.32233e-05,42.189,48.852,48.7866,43.846575,0.0,5.222244560718536
RWT405,2,RWT405/Dead Sea Qumran_P2.h5,60448,32768,1344,536,2080,6832,24224,4,0,35016,95352,130368,0.5792747485442032,1.5774219163578613,2.1566966649020647,0.00129908,1.95105e-05,1.64258e-05,28.8636,47.0973,47.8447,33.51545,7.91249e-05,1.57662e-05,1.47053e-05,41.0169,48.0227,48.3253,42.806174999999996,0.0,5.016126938164234
RWT405,3,RWT405/Dead Sea Qumran_P3.h5,60448,32768,1240,344,1552,5064,18128,4,0,26328,68392,94720,0.43554790894653256,1.1314187400741134,1.5669666490206458,0.000750311,2.02137e-05,1.3476e-05,31.2476,46.9435,48.7044,35.391687499999996,7.39092e-05,1.60732e-05,1.24196e-05,41.313,47.939,49.0589,43.1094875,0.0,5.022648103535175
RWT405,4,RWT405/Dead Sea Qumran_P4.h5,60448,32768,1296,576,2040,6528,20280,4,0,30720,71792,102512,0.5082053996823717,1.187665431445209,1.6958708311275807,0.000855943,1.92824e-05,1.88185e-05,30.6755,47.1484,47.2542,34.80695,7.69976e-05,1.50378e-05,1.59474e-05,41.1352,48.2282,47.9731,42.8765625,0.0,4.98742488771677
RWT405,5,RWT405/Dead Sea Qumran_P5.h5,60448,32768,1152,448,1696,6160,19248,4,0,28704,67736,96440,0.474854420328216,1.1205664372683959,1.595420857596612,0.00059407,1.81211e-05,1.49901e-05,32.2616,47.4182,48.242,36.153725,7.93028e-05,1.51608e-05,1.44203e-05,41.0071,48.1928,48.4103,42.8307125,0.0,4.954765126109123
RWT405,6,RWT405/Dead Sea Qumran_P6.h5,60448,32768,1104,544,1984,6544,20912,4,0,31088,75808,106896,0.5142932768660667,1.2541026998411857,1.7683959767072526,0.000913441,2.16344e-05,1.92826e-05,30.3932,46.6486,47.1484,34.519524999999994,8.1034e-05,1.68536e-05,1.62621e-05,40.9133,47.7331,47.8882,42.6376375,0.0,5.210711941123009
RWT405,7,RWT405/Dead Sea Qumran_P7.h5,60448,32768,1352,624,2048,5960,17976,4,0,27960,64144,92104,0.4625463208046586,1.0611434621492852,1.523689782953944,0.0007694,2.16068e-05,1.72083e-05,31.1385,46.6541,47.6426,35.1409625,6.9249e-05,1.70294e-05,1.5267e-05,41.5959,47.688,48.1625,43.1782375,0.0,5.178256124258041
RWT43,0,RWT43/Ganesa-best-exported_P0.h5,73329,32768,1920,872,2984,10320,31880,4,0,47976,103088,151064,0.6542568424497811,1.4058285262310954,2.0600853686808764,0.000735558,2.67533e-05,1.57931e-05,31.3338,45.7262,48.0153,35.2180375,7.33103e-05,2.15116e-05,1.36029e-05,41.3483,46.6733,48.6637,42.92835,0.0,6.229928009212017
RWT43,1,RWT43/Ganesa-best-exported_P1.h5,73330,32768,2120,696,2632,8024,23784,4,0,37256,72888,110144,0.5080594572480567,0.9939724532933315,1.5020319105413882,0.000701681,2.4628e-05,2.17879e-05,31.5386,46.0857,46.6178,35.2418875,5.1413e-05,1.82965e-05,1.6181e-05,42.8893,47.3763,47.9099,44.07775,0.0,6.236909359693527
RWT43,10,RWT43/Ganesa-best-exported_P10.h5,73330,32768,1688,768,3072,9384,29416,4,0,44328,95824,140152,0.6045002045547525,1.3067503068321287,1.9112505113868812,0.000764126,3.49676e-05,2.28703e-05,31.1684,44.5633,46.4073,34.747625,7.73809e-05,2.48131e-05,1.79069e-05,41.1137,46.0532,47.4698,42.525650000000006,0.0,6.242978312075138
RWT43,11,RWT43/Ganesa-best-exported_P11.h5,73330,32768,1840,688,2408,8544,26456,4,0,39936,82896,122832,0.5446065730260466,1.130451384153825,1.6750579571798718,0.0005552,2.47711e-05,1.4179e-05,32.5555,46.0605,48.4836,36.234637500000005,7.58161e-05,2.01067e-05,1.24351e-05,41.2024,46.9666,49.0535,42.904312499999996,0.0,6.232354156672955
RWT43,12,RWT43/Ganesa-best-exported_P12.h5,73329,32768,1792,760,3160,9632,28880,4,0,44224,90216,134440,0.6030901826016992,1.2302908808247761,1.833381063426475,0.000968399,3.85665e-05,2.74206e-05,30.1395,44.1379,45.6192,33.8242625,6.26169e-05,2.65869e-05,1.97237e-05,42.0331,45.7533,47.0501,43.12525,0.0,6.211397334933281
RWT43,13,RWT43/Ganesa-best-exported_P13.h5,73330,32768,1888,896,3448,11376,37352,4,0,54960,117616,172576,0.7494886131187781,1.603927451247784,2.353416064366562,0.00113852,4.45434e-05,3.1267e-05,29.4366,43.5122,45.0491,33.1476125,7.32669e-05,3.15707e-05,2.24553e-05,41.3509,45.0072,46.4868,42.44992500000001,0.0,6.233961872756481
RWT43,14,RWT43/Ganesa-best-exported_P14.h5,73330,32768,1728,872,3144,10320,32880,4,0,48944,98384,147328,0.6674485203872903,1.3416609845902085,2.009109504977499,0.000661574,3.23404e-05,1.98437e-05,31.7942,44.9026,47.0238,35.33645,8.0261e-05,2.52568e-05,1.63281e-05,40.955,45.9762,47.8707,42.447112499999996,0.0,6.290924370288849
RWT43,15,RWT43/Ganesa-best-exported_P15.h5,73330,32768,1504,784,3112,9824,28992,4,0,44216,88952,133168,0.6029728624028365,1.213036956225283,1.8160098186281195,0.000869128,3.93082e-05,2.82158e-05,30.6092,44.0552,45.4951,34.1506875,7.16276e-05,2.6957e-05,2.07583e-05,41.4492,45.6933,46.8281,42.652075,0.0,6.214742414653301
RWT43,16,RWT43/Ganesa-best-exported_P16.h5,73329,32768,2064,768,3120,9728,28416,4,0,44096,81640,125736,0.6013446249096538,1.1133385154577315,1.7146831403673854,0.000652925,2.11918e-05,1.50084e-05,31.8514,46.7383,48.2367,35.760425000000005,7.6406e-05,1.64018e-05,1.3142e-05,41.1687,47.8511,48.8134,42.9595875,0.0,6.211607396602631
RWT43,17,RWT43/Ganesa-best-exported_P17.h5,73330,32768,1912,976,3816,12648,39248,4,0,58600,121424,180024,0.799127233056048,1.655857084412928,2.454984317468976,0.00126928,6.35894e-05,4.82408e-05,28.9644,41.9662,43.1659,32.364812500000006,7.21963e-05,3.87453e-05,3.14897e-05,41.4148,44.1178,45.0183,42.2031125,0.0,6.199732132256031
RWT43,18,RWT43/Ganesa-best-exported_P18.h5,73330,32768,1816,912,3304,10040,29424,4,0,45496,81432,126928,0.6204282012818765,1.1104868403109232,1.7309150415927996,0.000649788,3.41767e-05,2.3387e-05,31.8723,44.6627,46.3102,35.2758375,6.90383e-05,2.41315e-05,1.7574e-05,41.6091,46.1742,47.5513,42.922512499999996,0.0,6.473255701363087
RWT43,19,RWT43/Ganesa-best-exported_P19.h5,73330,32768,1672,800,3528,11160,33992,4,0,51152,104904,156056,0.6975589799536343,1.4305741170053183,2.1281330969589525,0.000951593,3.84453e-05,2.3408e-05,30.2155,44.1516,46.3064,33.968875,7.30048e-05,2.75155e-05,1.78299e-05,41.3665,45.6042,47.4885,42.6614625,0.0,6.404297515749931
RWT43,2,RWT43/Ganesa-best-exported_P2.h5,73330,32768,1808,888,3064,9920,30832,4,0,46512,95312,141824,0.6342833765171144,1.2997681712805127,1.9340515477976272,0.000765886,1.91267e-05,1.33229e-05,31.1584,47.1836,48.754,35.361000000000004,7.53961e-05,1.57194e-05,1.17043e-05,41.2265,48.0356,49.3166,43.0889,0.0,6.204046204686165
RWT43,20,RWT43/Ganesa-best-exported_P20.h5,73329,32768,1976,664,2488,8504,28472,4,0,42104,92000,134104,0.5741793833271966,1.2546195911576594,1.8287989744848558,0.000840919,2.27583e-05,1.24066e-05,30.7525,46.4286,49.0635,35.0008875,7.00693e-05,1.87508e-05,1.11837e-05,41.5447,47.2698,49.5142,43.256524999999996,0.0,6.279332637786865
RWT43,21,RWT43/Ganesa-best-exported_P21.h5,73330,32768,1752,560,1976,6192,17240,4,0,27720,47432,75152,0.3780171825992091,0.6468294013364244,1.0248465839356335,0.000379728,1.70945e-05,1.03777e-05,34.2053,47.6714,49.839,37.842775,5.6854e-05,1.47129e-05,9.62937e-06,42.4524,48.323,50.164,44.150175,0.0,6.2031163945794106
RWT43,22,RWT43/Ganesa-best-exported_P22.h5,73330,32768,1640,808,2888,9000,26112,4,0,40448,82776,123224,0.5515887085776626,1.1288149461339152,1.6804036547115777,0.000766512,3.22146e-05,2.34742e-05,31.1548,44.9195,46.2941,34.7678,6.33664e-05,2.15303e-05,1.70518e-05,41.9814,46.6695,47.6823,43.280025,0.0,6.564349494874477
RWT43,23,RWT43/Ganesa-best-exported_P23.h5,73330,32768,1824,560,1808,4568,10592,4,0,19352,25392,44744,0.26390290467748534,0.34627028501295515,0.6101731896904404,0.000201293,1.5824e-05,1.48087e-05,36.9617,48.0069,48.2948,39.7589875,4.46364e-05,1.3262e-05,1.23385e-05,43.5031,48.7739,49.0874,44.8599875,0.0,6.261724837124348
RWT43,24,RWT43/Ganesa-best-exported_P24.h5,73329,32768,1560,816,3480,10864,33200,4,0,49920,103184,153104,0.6807674998977212,1.4071376945001295,2.087905194397851,0.00117103,4.92895e-05,3.65711e-05,29.3143,43.0725,44.3686,32.915862499999996,6.16479e-05,3.07213e-05,2.43218e-05,42.1008,45.1256,46.14,42.9838,0.0,6.191200435161591
RWT43,25,RWT43/Ganesa-best-exported_P25.h5,73330,32768,2016,888,3544,12600,39720,4,0,58768,117952,176720,0.801418246283922,1.608509477703532,2.409927723987454,0.00115719,4.04244e-05,3.08531e-05,29.366,43.9336,45.107,33.154574999999994,7.72071e-05,2.63927e-05,2.13686e-05,41.1234,45.7852,46.7022,42.40347499999999,0.0,6.22914844751358
RWT43,26,RWT43/Ganesa-best-exported_P26.h5,73330,32768,1896,912,3544,10616,30464,4,0,47432,94888,142320,0.6468294013364244,1.2939860902768308,1.9408154916132552,0.000981688,3.56035e-05,2.55504e-05,30.0803,44.4851,45.926,33.8616125,6.98772e-05,2.46083e-05,1.87796e-05,41.5566,46.0892,47.2631,42.836487500000004,0.0,6.424091197550297
RWT43,27,RWT43/Ganesa-best-exported_P27.h5,73330,32768,2016,784,2616,7344,18880,4,0,31640,48184,79824,0.4314741579162689,0.6570844129278604,1.0885585708441292,0.00039548,2.22219e-05,1.49595e-05,34.0288,46.5322,48.2508,37.369474999999994,5.84618e-05,1.75935e-05,1.22408e-05,42.3313,47.5465,49.1219,43.832024999999994,0.0,6.2847308069467545
RWT43,28,RWT43/Ganesa-best-exported_P28.h5,73329,32768,1976,1032,3424,10000,28664,4,0,45096,88968,134064,0.6149817943787588,1.213271693327333,1.8282534877060916,0.000828237,3.66806e-05,2.55004e-05,30.8185,44.3556,45.9345,34.4001375,6.73985e-05,2.58699e-05,1.91876e-05,41.7135,45.8721,47.1698,42.9153625,0.0,6.2286273911595345
RWT43,29,RWT43/Ganesa-best-exported_P29.h5,73330,32768,1712,840,3152,10536,32208,4,0,48448,91680,140128,0.6606845765716624,1.2502386472112368,1.9109232237828992,0.000600442,2.90541e-05,2.07388e-05,32.2153,45.3679,46.8322,35.6864875,7.46439e-05,2.1449e-05,1.5757e-05,41.2701,46.6859,48.0253,42.791475,0.0,6.197713755071163
RWT43,3,RWT43/Ganesa-best-exported_P3.h5,73330,32768,1640,712,3192,10368,30032,4,0,45944,82000,127944,0.6265375698895405,1.118232646938497,1.7447702168280377,0.000532768,2.44216e-05,1.55283e-05,32.7346,46.1223,48.0888,36.3273375,7.92364e-05,1.98055e-05,1.35329e-05,41.0107,47.0321,48.6861,42.7228,0.0,6.243501223623753
RWT43,30,RWT43/Ganesa-best-exported_P30.h5,73330,32768,1560,728,2824,8432,26040,4,0,39584,78720,118304,0.5398063548343106,1.0735033410609574,1.613309695895268,0.000575512,2.87307e-05,1.84405e-05,32.3995,45.4165,47.3423,35.89447500000001,6.94771e-05,2.16698e-05,1.53589e-05,41.5816,46.6415,48.1364,43.0334375,0.0,6.346235200762749
RWT43,31,RWT43/Ganesa-best-exported_P31.h5,73330,32768,1760,592,2608,8240,20440,4,0,33640,49880,83520,0.45874812491476885,0.6802127369425883,1.1389608618573572,0.000362517,3.06889e-05,2.21795e-05,34.4067,45.1302,46.5405,37.2638625,6.00772e-05,2.09002e-05,1.58283e-05,42.2129,46.7985,48.0057,43.5102,0.0,6.235446661710739
RWT43,4,RWT43/Ganesa-best-exported_P4.h5,73329,32768,1888,880,3424,11008,33368,4,0,50568,103240,153808,0.6896043857137013,1.4079013759903993,2.0975057617041006,0.000864877,3.46324e-05,2.21429e-05,30.6305,44.6052,46.5477,34.3669875,7.32304e-05,2.50157e-05,1.74246e-05,41.3531,46.0179,47.5884,42.71561249999999,0.0,6.024614326655865
RWT43,5,RWT43/Ganesa-best-exported_P5.h5,73330,32768,1696,880,3376,11192,38592,4,0,55736,127888,183624,0.7600709123141961,1.7440065457520797,2.5040774580662757,0.00122674,3.9911e-05,2.43384e-05,29.1125,43.9891,46.1371,33.10015,7.7188e-05,2.99004e-05,1.90788e-05,41.1245,45.2432,47.1945,42.398087499999995,0.0,6.090364530682564
RWT43,6,RWT43/Ganesa-best-exported_P6.h5,73330,32768,1912,912,3424,10680,30416,4,0,47344,85016,132360,0.6456293467884904,1.1593617891722352,1.8049911359607256,0.000595925,2.75341e-05,2.0829e-05,32.2481,45.6013,46.8133,35.7379,7.89608e-05,2.15217e-05,1.69358e-05,41.0259,46.6712,47.7119,42.5673125,0.0,6.044225312769413
RWT43,7,RWT43/Ganesa-best-exported_P7.h5,73330,32768,1672,960,3504,11312,31888,4,0,49336,93704,143040,0.6727942179189963,1.2778399018137188,1.950634119732715,0.000652295,3.3444e-05,2.14925e-05,31.8556,44.7568,46.6771,35.3209375,7.88643e-05,2.50181e-05,1.75405e-05,41.0312,46.0175,47.5596,42.4705375,0.0,6.064302586019039
RWT43,8,RWT43/Ganesa-best-exported_P8.h5,73329,32768,2192,848,3104,8872,22624,4,0,37640,62632,100272,0.5133030588171119,0.8541231981889839,1.3674262570060958,0.000551513,3.36986e-05,2.6354e-05,32.5844,44.7239,45.7915,35.752725,5.9109e-05,2.28223e-05,1.91737e-05,42.2835,46.4164,47.1729,43.4112875,0.0,6.26831079274416
RWT43,9,RWT43/Ganesa-best-exported_P9.h5,73330,32768,1792,680,2992,10560,36992,4,0,53016,124208,177224,0.7229783171962362,1.6938224464748397,2.416800763671076,0.000991773,2.70517e-05,1.75307e-05,30.0359,45.6781,47.562,34.181937500000004,8.28911e-05,2.02027e-05,1.38448e-05,40.8149,46.9459,48.5871,42.552800000000005,0.0,6.255876034498215
RWT438,0,RWT438/model_P0.h5,68081,32768,1424,496,1536,3856,12048,4,0,19360,37304,56664,0.2843671508937883,0.5479355473627003,0.8323026982564886,0.000444514,2.2585e-05,1.5981e-05,33.5211,46.4618,47.964,36.94405,3.26535e-05,1.40125e-05,1.28482e-05,44.8607,48.5348,48.9116,45.826325000000004,0.0,6.281291052699089
RWT438,1,RWT438/model_P1.h5,68082,32768,1240,832,2816,7368,25632,4,0,37888,69992,107880,0.5565053905584443,1.0280544049822273,1.5845597955406716,0.000820327,3.5233e-05,3.01678e-05,30.8601,44.5305,45.2046,34.361962500000004,5.45416e-05,2.54032e-05,2.35792e-05,42.6327,45.9511,46.2747,43.50275,0.0,6.4762134701013565
RWT438,10,RWT438/model_P10.h5,68082,32768,760,1040,2104,4256,11752,4,0,19912,49936,69848,0.2924708439822567,0.7334684644986927,1.0259393084809494,0.000254542,1.43592e-05,2.72609e-05,35.9424,48.4287,45.6446,38.7159625,5.71396e-05,1.42612e-05,2.44622e-05,42.4306,48.4584,46.1151,43.644637499999995,0.0,5.9278295040130615
RWT438,11,RWT438/model_P11.h5,68082,32768,976,936,1880,5296,19008,4,0,28096,62696,90792,0.412678828471549,0.9208895155841486,1.3335683440556976,0.000659679,2.32521e-05,2.61386e-05,31.8067,46.3354,45.8272,35.37535,5.85876e-05,1.77118e-05,2.184e-05,42.3219,47.5174,46.6075,43.5070375,0.0,6.621890477836132
RWT438,12,RWT438/model_P12.h5,68082,32768,1512,504,2120,6544,21496,4,0,32176,63288,95464,0.472606562674422,0.9295849123116242,1.4021914749860462,0.000735617,5.16649e-05,3.36846e-05,31.3335,42.868,44.7257,34.4493375,4.77471e-05,3.07204e-05,2.34966e-05,43.2105,45.1257,46.29,43.834837500000006,0.0,6.241867825388908
RWT438,13,RWT438/model_P13.h5,68082,32768,1440,416,1536,4184,11176,4,0,18752,31128,49880,0.27543256661085164,0.4572133603595664,0.732645926970418,0.000264422,3.01432e-05,1.60336e-05,35.777,45.2081,47.9497,38.477475,3.48584e-05,1.98882e-05,1.32943e-05,44.5769,47.014,48.7633,45.404837500000006,0.0,6.429602779448032
RWT438,14,RWT438/model_P14.h5,68082,32768,1296,656,1848,8272,27080,4,0,39152,76040,115192,0.5750712376252166,1.116888458035898,1.6919596956611145,0.000768108,8.34328e-05,3.67264e-05,31.1458,40.7866,44.3502,34.00145,5.16051e-05,3.93291e-05,2.26794e-05,42.8731,44.0529,46.4437,43.4669,0.0,6.040937602519989
RWT438,15,RWT438/model_P15.h5,68082,32768,1632,976,2760,9624,32384,4,0,47376,94432,141808,0.6958667489204194,1.3870332833935548,2.082900032313974,0.00102886,9.21644e-05,4.40722e-05,29.8764,40.3544,43.5584,32.8964,5.80616e-05,5.09732e-05,3.01262e-05,42.3611,42.9266,45.2106,42.787975,0.0,6.033470116555691
RWT438,16,RWT438/model_P16.h5,68081,32768,1152,816,2704,8424,27136,4,0,40232,78584,118816,0.5909431412582071,1.154272117037059,1.745215258295266,0.00101129,4.89704e-05,3.84395e-05,29.9512,43.1007,44.1522,33.3700125,5.66573e-05,3.10113e-05,2.76365e-05,42.4674,45.0848,45.5852,43.18429999999999,0.0,5.962346069514751
RWT438,17,RWT438/model_P17.h5,68082,32768,1504,872,2656,7952,24200,4,0,37184,73056,110240,0.5461649187744191,1.0730589583149732,1.6192238770893923,0.000801914,3.78743e-05,2.93822e-05,30.9587,44.2166,45.3192,34.411,5.29334e-05,2.35876e-05,2.23956e-05,42.7627,46.2732,46.4984,43.66847500000001,0.0,5.948758989572525
RWT438,18,RWT438/model_P18.h5,68082,32768,1168,832,2376,7592,24952,4,0,36920,71488,108408,0.5422872418554097,1.0500279075232808,1.5923151493786905,0.000741355,6.17932e-05,3.18763e-05,31.2997,42.0906,44.9653,34.3567625,5.19738e-05,3.72826e-05,2.32453e-05,42.8422,44.2849,46.3366,43.4593375,0.0,5.905951574444771
RWT438,19,RWT438/model_P19.h5,68082,32768,1328,824,2440,7648,24928,4,0,37168,69800,106968,0.5459299080520549,1.0252342763138569,1.5711641843659117,0.000635293,5.38321e-05,2.96832e-05,31.9703,42.6896,45.2749,34.9732875,5.27889e-05,3.12207e-05,2.1389e-05,42.7746,45.0556,46.6981,43.550162500000006,0.0,5.888340711593628
RWT438,2,RWT438/model_P2.h5,68082,32768,1424,480,1128,3192,9760,4,0,15984,28480,44464,0.23477571164184366,0.41831908580829,0.6530947974501337,0.000211327,2.22273e-05,1.82911e-05,36.7504,46.5311,47.3776,39.301387500000004,3.28582e-05,1.53081e-05,1.39415e-05,44.8336,48.1508,48.5569,45.7136625,0.0,6.1710508316755295
RWT438,20,RWT438/model_P20.h5,68082,32768,1480,624,1560,4960,15968,4,0,24592,40304,64896,0.36121148027378747,0.5919920096354396,0.9532034899092271,0.000424717,2.66499e-05,1.96009e-05,33.719,45.743,47.0772,36.891775,3.63438e-05,1.86742e-05,1.59872e-05,44.3957,47.2876,47.9623,45.2030125,0.0,6.241894967854023
RWT438,21,RWT438/model_P21.h5,68082,32768,1184,560,1960,6944,24616,4,0,35264,74120,109384,0.5179636320907142,1.0886871713521928,1.606650803442907,0.00093511,4.41735e-05,3.21212e-05,30.2914,43.5484,44.9321,33.7786125,5.32096e-05,2.54476e-05,2.29787e-05,42.7401,45.9435,46.3868,43.5963625,0.0,6.238468989729881
RWT438,22,RWT438/model_P22.h5,68082,32768,1488,656,1728,4768,14720,4,0,23360,38792,62152,0.3431156546517435,0.569783496372022,0.9128991510237655,0.000346783,3.10326e-05,1.97458e-05,34.5994,45.0818,47.0453,37.4654375,3.90209e-05,2.269e-05,1.6349e-05,44.087,46.4417,47.8651,44.8536,0.0,6.178735360503197
RWT438,23,RWT438/model_P23.h5,68082,32768,1368,600,2696,7112,22520,4,0,34296,61080,95376,0.5037454833876795,0.8971534326253635,1.4008989160130432,0.00069061,5.4433e-05,2.78013e-05,31.6077,42.6414,45.5594,34.730875000000005,5.14127e-05,3.18276e-05,2.08009e-05,42.8893,44.972,46.8192,43.640875,0.0,6.124916218221188
RWT438,24,RWT438/model_P24.h5,68081,32768,776,888,2168,4168,13776,4,0,21776,50800,72576,0.3198542912119387,0.7461700033783287,1.0660242945902674,0.000302343,1.36937e-05,1.86991e-05,35.195,48.6348,47.2818,38.385825,5.38056e-05,1.39969e-05,1.7295e-05,42.6917,48.5397,47.6208,44.0388375,0.0,5.9359884932637215
RWT438,25,RWT438/model_P25.h5,68082,32768,968,784,2224,7560,25256,4,0,36792,83528,120320,0.540407156076496,1.2268734761023472,1.7672806321788432,0.000994049,5.06579e-05,3.91792e-05,30.0259,42.9535,44.0694,33.3972875,6.43075e-05,2.83733e-05,2.82912e-05,41.9174,45.4709,45.4835,42.80735,0.0,6.733456030488014
RWT438,26,RWT438/model_P26.h5,68082,32768,1344,576,1840,5408,19128,4,0,28296,56320,84616,0.4156164625011016,0.8272377427220117,1.2428542052231133,0.000557174,4.72771e-05,2.91922e-05,32.5401,43.2535,45.3473,35.480175,4.78822e-05,2.37851e-05,1.86522e-05,43.1983,46.2369,47.2927,44.089925,0.0,6.158790253102779
RWT438,27,RWT438/model_P27.h5,68082,32768,1128,440,1496,5744,20288,4,0,29096,62160,91256,0.427366998619312,0.9130166563849476,1.3403836550042596,0.000827144,4.3339e-05,3.56455e-05,30.8242,43.6312,44.48,34.13205,4.67115e-05,2.57845e-05,2.51006e-05,43.3058,45.8864,46.0032,43.96554999999999,0.0,6.064236022531986
RWT438,28,RWT438/model_P28.h5,68082,32768,1320,1128,3256,8080,27024,4,0,40808,80176,120984,0.5993948473899121,1.1776387297670456,1.7770335771569579,0.000802456,6.40832e-05,3.71967e-05,30.9558,41.9326,44.295,33.9953,5.17026e-05,3.49919e-05,2.54182e-05,42.8649,44.5603,45.9486,43.462287499999995,0.0,6.0258704498410225
RWT438,29,RWT438/model_P29.h5,68082,32768,1784,864,2544,9928,33496,4,0,48616,94328,142944,0.7140800799036456,1.3855057136981874,2.099585793601833,0.00119802,6.9616e-05,3.96542e-05,29.2153,41.5729,44.0171,32.610225,5.82965e-05,4.27886e-05,2.70664e-05,42.3436,43.6867,45.6757,42.928,0.0,6.029061876237392
RWT438,3,RWT438/model_P3.h5,68082,32768,1304,832,2088,6736,20408,4,0,31368,53840,85208,0.4607385211950295,0.7908110807555595,1.251549601950589,0.000470417,3.48386e-05,2.18461e-05,33.2752,44.5794,46.6063,36.354612499999995,4.84623e-05,2.42136e-05,1.66061e-05,43.146,46.1594,47.7973,44.1040875,0.0,5.87373336404562
RWT438,30,RWT438/model_P30.h5,68082,32768,1544,720,1512,6416,21464,4,0,31656,61112,92768,0.4649687141975853,0.8976234540700919,1.3625921682676772,0.000770996,5.18928e-05,2.67987e-05,31.1295,42.8489,45.7189,34.4181,4.61527e-05,3.34715e-05,1.99006e-05,43.358,44.7532,47.0113,43.989062499999996,0.0,6.224793508648872
RWT438,31,RWT438/model_P31.h5,68082,32768,1384,608,1936,7280,25032,4,0,36240,70952,107192,0.5322992861549308,1.0421550483240798,1.5744543344790105,0.000896475,5.79291e-05,4.0166e-05,30.4746,42.371,43.9614,33.6475,4.84022e-05,3.41028e-05,2.89521e-05,43.1514,44.6721,45.3832,43.6204625,0.0,6.249059781432152
RWT438,32,RWT438/model_P32.h5,68081,32768,1424,816,2232,6864,23200,4,0,34536,70176,104712,0.5072780952101174,1.0307721684464095,1.5380502636565268,0.00102098,3.3788e-05,2.3494e-05,29.9098,44.7124,46.2904,33.8077,5.24917e-05,2.01406e-05,1.87624e-05,42.7991,46.9593,47.2671,43.877624999999995,0.0,6.160613566637039
RWT438,33,RWT438/model_P33.h5,68082,32768,1264,688,2392,7192,23776,4,0,35312,71848,107160,0.5186686642578068,1.0553156487764754,1.573984313034282,0.00106838,4.12577e-05,3.29184e-05,29.7127,43.845,44.8256,33.36835,4.99333e-05,2.34593e-05,2.31963e-05,43.0161,46.2968,46.3458,43.842400000000005,0.0,6.22028611600399
RWT438,34,RWT438/model_P34.h5,68082,32768,1048,864,2144,5496,19896,4,0,29448,69144,98592,0.4325372345113246,1.0155988366969242,1.448136071208249,0.00072962,2.40862e-05,2.65658e-05,31.369,46.1823,45.7568,35.0191375,5.98413e-05,1.77845e-05,2.22614e-05,42.23,47.4996,46.5245,43.425512499999996,0.0,6.764385640621185
RWT438,35,RWT438/model_P35.h5,68082,32768,768,976,2336,4928,15440,4,0,24448,57744,82192,0.35909638377250963,0.8481536970124262,1.2072500807849358,0.000466799,1.99947e-05,2.51071e-05,33.3087,46.9909,46.002,36.6056375,5.47689e-05,1.63746e-05,2.30212e-05,42.6147,47.8583,46.3787,43.740649999999995,0.0,6.550575643777847
RWT438,36,RWT438/model_P36.h5,68082,32768,1448,336,1656,4872,17200,4,0,25512,47344,72856,0.37472459680972947,0.695396727475691,1.0701213242854206,0.000587159,5.04609e-05,3.12171e-05,32.3124,42.9704,45.0561,35.2376125,4.18288e-05,2.43623e-05,1.89219e-05,43.7852,46.1328,47.2304,44.50930000000001,0.0,6.44645319879055
RWT438,37,RWT438/model_P37.h5,68082,32768,1408,240,1616,5600,16552,4,0,25416,43600,69016,0.3733145324755442,0.6404042184424664,1.0137187509180106,0.000542774,4.63104e-05,2.48447e-05,32.6538,43.3432,46.0477,35.6642125,4.08068e-05,2.30573e-05,1.70333e-05,43.8927,46.3719,47.687,44.6768875,0.0,6.480270870029926
RWT438,38,RWT438/model_P38.h5,68082,32768,1840,808,2768,8816,31520,4,0,45752,88968,134720,0.6720131606004524,1.3067771217061779,1.9787902823066303,0.000988611,7.2766e-05,4.16648e-05,30.0497,41.3807,43.8023,33.18515,5.34857e-05,4.3079e-05,2.7824e-05,42.7176,43.6573,45.5558,43.189837499999996,0.0,6.08262649923563
RWT438,39,RWT438/model_P39.h5,68082,32768,1664,584,1848,7576,24848,4,0,36520,69256,105776,0.5364119737963045,1.0172439117534737,1.5536558855497782,0.000615107,7.84068e-05,3.39117e-05,32.1105,41.0565,44.6965,34.802,4.75205e-05,3.48229e-05,2.1036e-05,43.2312,44.5814,46.7704,43.842375000000004,0.0,6.082314655184746
RWT438,4,RWT438/model_P4.h5,68081,32768,1456,680,2896,8016,27176,4,0,40224,75552,115776,0.5908256341710609,1.1097369310086516,1.7005625651797125,0.000844589,4.74782e-05,3.57616e-05,30.7335,43.2351,44.4658,34.0127375,5.3818e-05,3.03495e-05,2.75143e-05,42.6907,45.1785,45.6044,43.3658875,0.0,5.95445167273283
RWT438,40,RWT438/model_P40.h5,68081,32768,1360,672,2464,6704,22800,4,0,34000,66040,100040,0.4994051203713224,0.9700210043918274,1.4694261247631497,0.000880693,3.47459e-05,2.85488e-05,30.5518,44.591,45.4441,34.168237500000004,5.0547e-05,2.13045e-05,2.04422e-05,42.963,46.7153,46.8947,43.923500000000004,0.0,6.182032711803913
RWT438,41,RWT438/model_P41.h5,68082,32768,1424,616,1824,5688,17400,4,0,26952,44240,71192,0.39587556182250816,0.6498046473370348,1.045680209159543,0.000493146,2.86067e-05,2.43728e-05,33.0702,45.4353,46.1309,36.248425,3.72044e-05,1.99153e-05,1.68044e-05,44.2941,47.0081,47.7458,45.0648125,0.0,6.269883401691914
RWT438,42,RWT438/model_P42.h5,68082,32768,1128,440,1184,3056,8352,4,0,14160,21864,36024,0.20798448929232397,0.32114215211069,0.529126641403014,0.000185072,1.54111e-05,1.24042e-05,37.3266,48.1217,49.0643,40.1432,2.95028e-05,1.11626e-05,1.06752e-05,45.3014,49.5223,49.7162,46.3808625,0.0,6.177969589829445
RWT438,43,RWT438/model_P43.h5,68082,32768,1208,992,2800,7392,23480,4,0,35872,64216,100088,0.526894039540554,0.9432155342087483,1.4701095737493024,0.000616288,5.44154e-05,3.33441e-05,32.1022,42.6428,44.7698,35.003225,5.07541e-05,3.2158e-05,2.37836e-05,42.9453,44.9271,46.2372,43.6045125,0.0,5.795092053711414
RWT438,44,RWT438/model_P44.h5,68082,32768,1384,960,3184,8416,28192,4,0,42136,82496,124632,0.6189007373461414,1.2117152845098558,1.8306160218559973,0.000954001,5.78139e-05,4.14964e-05,30.2045,42.3797,43.8199,33.428325,5.71341e-05,3.40236e-05,2.78073e-05,42.431,44.6822,45.5584,43.103325,0.0,5.947873383760452
RWT438,45,RWT438/model_P45.h5,68082,32768,1064,848,2680,8096,25648,4,0,38336,76872,115208,0.5630856907846421,1.1291090155988368,1.6921947063834788,0.000883799,4.93068e-05,3.99581e-05,30.5365,43.0709,43.984,33.784237499999996,5.58652e-05,3.2289e-05,2.7805e-05,42.5286,44.9095,45.5588,43.2049875,0.0,5.929906718432903
RWT438,46,RWT438/model_P46.h5,68082,32768,1224,1000,2544,7176,24176,4,0,36120,66336,102456,0.5305367057371992,0.9743544549220058,1.504891160659205,0.000803904,5.6203e-05,3.35167e-05,30.948,42.5024,44.7474,34.117225,5.1472e-05,3.11052e-05,2.25352e-05,42.8843,45.0717,46.4714,43.60611250000001,0.0,5.823012858629227
RWT438,47,RWT438/model_P47.h5,68082,32768,1032,1088,2512,8464,28288,4,0,41384,73328,114712,0.6078552333950237,1.0770541405951646,1.6849093739901884,0.000811562,7.24512e-05,4.58245e-05,30.9068,41.3995,43.389,33.7786625,5.19182e-05,3.96876e-05,2.8813e-05,42.8468,44.0134,45.4041,43.3122875,0.0,5.833492532372475
RWT438,48,RWT438/model_P48.h5,68081,32768,952,672,2320,6664,24864,4,0,35472,78064,113536,0.521026424406222,1.1466341563725562,1.6676605807787783,0.000978528,5.53685e-05,4.08929e-05,30.0943,42.5674,43.8835,33.3770875,6.10931e-05,2.93582e-05,2.88488e-05,42.1401,45.3227,45.3987,42.94525,0.0,6.37304874509573
RWT438,49,RWT438/model_P49.h5,68082,32768,736,904,1976,3640,10232,4,0,17488,45496,62984,0.2568667195440792,0.6682529890426251,0.9251197085867042,0.000206268,1.6305e-05,2.27828e-05,36.8557,47.8768,46.4239,39.429362499999996,5.08391e-05,1.43303e-05,2.1946e-05,42.938,48.4374,46.5864,44.08147500000001,0.0,6.206551782786846
RWT438,5,RWT438/model_P5.h5,68082,32768,1264,816,2896,8312,26688,4,0,39976,77520,117496,0.5871742898269734,1.1386269498545871,1.7258012396815605,0.000922968,5.4097e-05,3.62819e-05,30.3481,42.6683,44.4031,33.644999999999996,5.61011e-05,3.02112e-05,2.63661e-05,42.5103,45.1983,45.7895,43.2562,0.0,5.897637777030468
RWT438,50,RWT438/model_P50.h5,68082,32768,1568,400,1760,5952,20000,4,0,29680,64720,94400,0.4359448899856056,0.9506183719632209,1.3865632619488264,0.00103718,3.61031e-05,2.55715e-05,29.8414,44.4246,45.9224,33.674425,4.41154e-05,2.55962e-05,1.98056e-05,43.5541,45.9182,47.0321,44.2843625,0.0,6.138233430683613
RWT438,51,RWT438/model_P51.h5,68082,32768,1360,568,2448,7096,22920,4,0,34392,71072,105464,0.5051555477218648,1.0439176287418113,1.5490731764636763,0.000958457,4.28541e-05,2.8304e-05,30.1843,43.6801,45.4815,33.783425,5.75234e-05,2.81486e-05,2.17402e-05,42.4016,45.5054,46.6274,43.317800000000005,0.0,6.003911420702934
RWT438,52,RWT438/model_P52.h5,68082,32768,1944,880,2160,9528,30520,4,0,45032,86472,131504,0.6614376780940631,1.2701154490173614,1.9315531271114244,0.000982567,5.7901e-05,3.15368e-05,30.0764,42.3731,45.0118,33.4804125,5.70904e-05,3.54656e-05,2.27369e-05,42.4344,44.5019,46.4327,43.192625,0.0,6.065642431378365
RWT438,53,RWT438/model_P53.h5,68082,32768,1680,720,2208,7856,25648,4,0,38112,72784,110896,0.5597955406715431,1.0690637760347816,1.6288593167063248,0.000758208,6.38739e-05,2.88518e-05,31.2021,41.9468,45.3983,34.3197125,5.03393e-05,2.98682e-05,1.94632e-05,42.9809,45.2479,47.1079,43.780150000000006,0.0,6.033153034746647
RWT438,54,RWT438/model_P54.h5,68082,32768,1288,368,1536,5536,19248,4,0,27976,57184,85160,0.41091624805381743,0.8399283217296789,1.2508445697834965,0.000711423,3.21755e-05,2.26393e-05,31.4787,44.9247,46.4514,35.0310375,4.22994e-05,1.95093e-05,1.75416e-05,43.7367,47.0976,47.5593,44.634637500000004,0.0,6.181069128215313
RWT438,55,RWT438/model_P55.h5,68082,32768,1472,400,2088,7088,22968,4,0,34016,68976,102992,0.4996327957463059,1.0131312241121002,1.512764019858406,0.000977138,3.65925e-05,2.56269e-05,30.1004,44.3661,45.913,33.8601875,4.8787e-05,2.07732e-05,1.86373e-05,43.117,46.825,47.2962,44.1029,0.0,5.992980442941189
RWT438,56,RWT438/model_P56.h5,68081,32768,1232,624,2744,7880,27656,4,0,40136,81504,121640,0.5895330562124528,1.1971622038454195,1.7866952600578723,0.000994551,5.99188e-05,4.18681e-05,30.0237,42.2244,43.7812,33.268475,5.69187e-05,3.63285e-05,2.86766e-05,42.4474,44.3975,45.4247,43.063325000000006,0.0,5.88654749840498
RWT438,57,RWT438/model_P57.h5,68082,32768,1432,688,2696,8392,29160,4,0,42368,85352,127720,0.6223083928204224,1.253664698451867,1.8759730912722894,0.00110669,5.30901e-05,3.54247e-05,29.5597,42.7499,44.5069,33.076875,5.82698e-05,3.34815e-05,2.60409e-05,42.3456,44.752,45.8434,43.083625,0.0,5.927962943911552
RWT438,58,RWT438/model_P58.h5,68082,32768,1528,488,2216,8224,28184,4,0,40640,78064,118704,0.596927234805088,1.1466173144149703,1.743544549220058,0.000992172,6.82055e-05,4.09539e-05,30.0341,41.6618,43.8771,33.2179375,5.51011e-05,3.72812e-05,2.64152e-05,42.5884,44.2851,45.7815,43.199625,0.0,5.8528193309903145
RWT438,59,RWT438/model_P59.h5,68082,32768,1760,504,2168,7440,26056,4,0,37928,68520,106448,0.5570929173643547,1.0064334185247201,1.563526335889075,0.000763061,4.19325e-05,2.59856e-05,31.1744,43.7745,45.8527,34.584199999999996,4.93391e-05,2.64406e-05,1.84797e-05,43.0681,45.7773,47.3331,43.939874999999994,0.0,5.934356510639191
RWT438,6,RWT438/model_P6.h5,68082,32768,1528,528,1448,4168,12584,4,0,20256,32536,52792,0.29752357451308714,0.47789430392761667,0.7754178784407039,0.000380417,1.87239e-05,1.46827e-05,34.1974,47.276,48.3319,37.5990375,3.08799e-05,1.44269e-05,1.16804e-05,45.1032,48.4083,49.3254,46.0441125,0.0,6.183389559388161
RWT438,60,RWT438/model_P60.h5,68082,32768,1392,688,2784,8144,27248,4,0,40256,76112,116368,0.591286977468347,1.1179460062865367,1.7092329837548839,0.000902156,4.96289e-05,4.12852e-05,30.4472,43.0427,43.8421,33.696,5.75913e-05,3.17376e-05,2.94509e-05,42.3964,44.9843,45.309,43.0839625,0.0,5.815821148455143
RWT438,61,RWT438/model_P61.h5,68082,32768,1488,464,1560,4872,14168,4,0,22552,41304,63856,0.33124761317235096,0.6066801797832027,0.9379277929555536,0.000460985,3.28737e-05,1.96635e-05,33.3631,44.8315,47.0634,36.5091875,3.76384e-05,2.12443e-05,1.47874e-05,44.2437,46.7276,48.3011,45.0613625,0.0,5.95267029106617
RWT438,62,RWT438/model_P62.h5,68082,32768,1408,904,2648,7808,27032,4,0,39800,69984,109784,0.584589171880967,1.0279368996210452,1.6125260715020122,0.000804452,5.07226e-05,3.17665e-05,30.945,42.948,44.9803,34.1997875,5.51313e-05,3.27157e-05,2.16142e-05,42.586,44.8524,46.6526,43.377625,0.0,5.8238808289170265
RWT438,63,RWT438/model_P63.h5,68082,32768,1392,392,1152,3760,11872,4,0,18568,32024,50592,0.27272994330366324,0.47037396081196203,0.7431039041156253,0.000359353,2.44308e-05,1.32425e-05,34.4448,46.1206,48.7803,37.6962125,3.18928e-05,1.60093e-05,1.05658e-05,44.9631,47.9563,49.761,45.9369875,0.0,6.050395525991917
RWT438,7,RWT438/model_P7.h5,68082,32768,1160,640,2624,9640,31040,4,0,45104,88288,133392,0.6624952263447019,1.296789166005699,1.959284392350401,0.000860922,6.79334e-05,3.96496e-05,30.6504,41.6792,44.0176,33.6999,5.99736e-05,3.84558e-05,2.69219e-05,42.2204,44.1504,45.6989,42.8964625,0.0,5.949133388698101
RWT438,8,RWT438/model_P8.h5,68081,32768,1336,736,2192,5920,18072,4,0,28256,56144,84400,0.41503503180035545,0.824664737591986,1.2396997693923415,0.000612739,4.01574e-05,2.68684e-05,32.1272,43.9623,45.7076,35.3041375,4.66363e-05,2.37413e-05,1.98666e-05,43.3128,46.2449,47.0188,44.142562500000004,0.0,6.2266489788889885
RWT438,9,RWT438/model_P9.h5,68082,32768,1152,792,2264,6840,22488,4,0,33536,67120,100656,0.4925824740753797,0.985869980317852,1.4784524543932316,0.00112653,3.01399e-05,2.40128e-05,29.4826,45.2086,46.1956,33.537475,4.92014e-05,2.00135e-05,1.95893e-05,43.0802,46.9868,47.0798,44.068475,0.0,6.31553166359663
RWT449,0,RWT449/Lion_P0.h5,97325,32768,2160,1264,3976,14432,51384,4,0,73216,183776,256992,0.7522835859234523,1.8882712561006936,2.640554842024146,0.00447497,2.36267e-06,1.14174e-06,23.4921,56.266,59.4243,32.0803625,6.39363e-05,2.90143e-06,1.45721e-06,41.9425,55.3739,58.3648,45.6742125,0.0,8.548363015055656
RWT449,1,RWT449/Lion_P1.h5,97325,32768,2264,1256,4976,18792,71272,4,0,98560,257512,356072,1.0126894425892627,2.645897765219625,3.6585872078088877,0.00590974,2.92122e-06,1.5589e-06,22.2843,55.3444,58.0718,30.89025,8.64849e-05,3.54797e-06,2.07867e-06,40.6306,54.5002,56.8221,44.388237499999995,0.0,8.210480108857155
RWT449,10,RWT449/Lion_P10.h5,97325,32768,2496,1328,4384,15312,51504,4,0,75024,182144,257168,0.7708605188800411,1.8715026971487285,2.6423632160287696,0.00237005,2.77859e-06,1.37548e-06,26.2524,55.5617,58.6154,33.9614375,9.0803e-05,3.19203e-06,1.86615e-06,40.419,54.9593,57.2905,44.345475,0.0,8.118088439106941
RWT449,11,RWT449/Lion_P11.h5,97326,32768,2136,1232,4792,16800,57520,4,0,82480,194528,277008,0.8474611100836364,1.9987259314057908,2.8461870414894275,0.00255846,2.64125e-06,1.43881e-06,25.9202,55.7819,58.42,33.715387500000006,8.9084e-05,3.10114e-06,1.87133e-06,40.502,55.0848,57.2785,44.421912500000005,0.0,8.138112053275108
RWT449,12,RWT449/Lion_P12.h5,97325,32768,2432,1512,5384,22392,84352,4,0,116072,304920,420992,1.1926226560493194,3.133007963010532,4.325630619059851,0.0082011,3.56044e-06,1.46596e-06,20.8613,54.485,58.3388,29.74895,8.96213e-05,4.21271e-06,1.93342e-06,40.4759,53.7544,57.1367,44.2183125,0.0,7.961912915110588
RWT449,13,RWT449/Lion_P13.h5,97326,32768,2416,1344,5216,20480,76696,4,0,106152,271720,377872,1.0906849146168547,2.7918541807944433,3.882539095411298,0.0054386,4.03595e-06,1.70784e-06,22.6451,53.9405,57.6755,30.935825,8.63921e-05,4.47391e-06,2.13844e-06,40.6353,53.4931,56.699,44.2504875,0.0,8.045346729457378
RWT449,14,RWT449/Lion_P14.h5,97325,32768,2136,1072,4344,18288,75712,4,0,101552,290808,392360,1.0434318006678653,2.988009247367069,4.031441048034934,0.0063199,2.15731e-06,1.04977e-06,21.9929,56.6609,59.7891,31.050925,8.80503e-05,2.91773e-06,1.4944e-06,40.5527,55.3495,58.2553,44.615125,0.0,8.01282499730587
RWT449,15,RWT449/Lion_P15.h5,97326,32768,2096,1184,4912,19728,78992,4,0,106912,286080,392992,1.0984937221297495,2.9393995438012452,4.037893265930995,0.00645932,3.21821e-06,1.33871e-06,21.8981,54.9239,58.7331,30.6307,8.76903e-05,3.34165e-06,1.65815e-06,40.5705,54.7604,57.8038,44.498400000000004,0.0,7.945644825696945
RWT449,16,RWT449/Lion_P16.h5,97325,32768,1848,856,2960,10752,36888,4,0,53304,124672,177976,0.5476907269458001,1.2809863858207038,1.828677112766504,0.00181301,1.61279e-06,8.44132e-07,27.416,57.9242,60.7359,35.394512500000005,6.09562e-05,2.29823e-06,1.07819e-06,42.1498,56.3861,59.673,46.1197375,0.0,8.396744042634964
RWT449,17,RWT449/Lion_P17.h5,97325,32768,1360,680,2216,7296,25080,4,0,36632,91520,128152,0.3763883894169021,0.9403544824043154,1.3167428718212175,0.000643223,8.59802e-07,4.94217e-07,31.9164,60.656,63.0608,39.4019,4.76854e-05,1.05941e-06,6.3198e-07,43.2161,59.7493,61.993,47.6298625,0.0,8.79005379229784
RWT449,18,RWT449/Lion_P18.h5,97325,32768,1656,800,2480,9272,30704,4,0,44912,104936,149848,0.46146416645260724,1.0782019008476753,1.5396660673002827,0.00142305,1.24623e-06,6.65993e-07,28.4678,59.044,61.7653,36.4520125,4.9996e-05,1.66336e-06,9.68773e-07,43.0107,57.7901,60.1378,46.999012500000006,0.0,8.83642103523016
RWT449,19,RWT449/Lion_P19.h5,97326,32768,2136,1008,3224,11816,40384,4,0,58568,128776,187344,0.6017713663358198,1.3231407845796601,1.9249121509154798,0.00181444,1.67144e-06,1.06362e-06,27.4126,57.7691,59.7321,35.2471,6.64326e-05,2.36198e-06,1.40485e-06,41.7762,56.2672,58.5237,45.6810125,0.0,8.939600706100464
RWT449,2,RWT449/Lion_P2.h5,97325,32768,1768,848,2192,7640,25472,4,0,37920,93400,131320,0.38962239917801184,0.9596712047264321,1.3492936039044439,0.00129611,1.13661e-06,7.02617e-07,28.8736,59.4439,61.5328,36.7772875,4.6781e-05,1.5464e-06,8.69893e-07,43.2993,58.1068,60.6053,47.3134875,0.0,9.026424750685692
RWT449,20,RWT449/Lion_P20.h5,97325,32768,1640,640,2248,8216,28472,4,0,41216,101280,142496,0.4234883123555099,1.0406370408425378,1.4641253531980478,0.00119491,1.20452e-06,6.04069e-07,29.2267,59.1919,62.1891,37.092650000000006,4.56433e-05,1.3749e-06,8.01648e-07,43.4062,58.6173,60.9602,47.50183749999999,0.0,8.562541000545025
RWT449,21,RWT449/Lion_P21.h5,97326,32768,2064,1072,3320,12480,44008,4,0,62944,165744,228688,0.6467336580153299,1.7029776216016275,2.3497112796169572,0.0027329,2.33028e-06,1.25741e-06,25.6338,56.3259,59.0052,33.6417375,7.11057e-05,2.50176e-06,1.45472e-06,41.481,56.0176,58.3722,45.40947500000001,0.0,8.185732692480087
RWT449,22,RWT449/Lion_P22.h5,97325,32768,2200,904,3272,11360,39400,4,0,57136,136008,193144,0.5870639609555612,1.3974621114821475,1.9845260724377087,0.00201285,1.47437e-06,8.44373e-07,26.9619,58.3139,60.7347,35.1025,5.87421e-05,1.72674e-06,1.14937e-06,42.3105,57.6277,59.3954,46.3607625,0.0,8.292223796248436
RWT449,23,RWT449/Lion_P23.h5,97326,32768,2096,1128,3456,12424,44800,4,0,63904,161648,225552,0.6565974148737234,1.6608922590058155,2.317489673879539,0.00270962,2.06165e-06,1.28494e-06,25.6709,56.8578,58.9112,33.7243,6.65966e-05,2.42478e-06,1.47931e-06,41.7655,56.1533,58.2994,45.6307125,0.0,8.172084413468838
RWT449,24,RWT449/Lion_P24.h5,97325,32768,2144,1040,4096,14656,49976,4,0,71912,173216,245128,0.7388851785255587,1.7797688158232725,2.5186539943488313,0.00167911,1.92362e-06,1.01816e-06,27.7492,57.1588,59.9218,35.446975,9.08402e-05,2.28234e-06,1.47769e-06,40.4172,56.4162,58.3042,44.65295,0.0,7.904050670564175
RWT449,25,RWT449/Lion_P25.h5,97326,32768,2728,1256,4504,16008,54984,4,0,79480,194952,274432,0.8166368699011569,2.003082424018248,2.819719293919405,0.00290778,2.45967e-06,1.26736e-06,25.3644,56.0912,58.971,33.406075,8.97218e-05,3.02996e-06,1.74826e-06,40.471,55.1856,57.5739,44.448187499999996,0.0,8.976585447788239
RWT449,26,RWT449/Lion_P26.h5,97325,32768,2384,1216,4752,19568,77688,4,0,105608,294264,399872,1.085106601592602,3.023519136912407,4.108625738505009,0.00792274,2.70117e-06,1.31778e-06,21.0112,55.6845,58.8016,30.069162499999997,8.80666e-05,3.213e-06,1.77714e-06,40.5519,54.9309,57.5028,44.4681375,0.0,7.9286730363965034
RWT449,27,RWT449/Lion_P27.h5,97326,32768,2272,1176,4344,17344,71312,4,0,96448,265920,362368,0.990978772373261,2.732260649774983,3.723239422148244,0.00534908,2.2983e-06,1.10175e-06,22.7172,56.3859,59.5792,31.5335375,8.69772e-05,2.66484e-06,1.4001e-06,40.6059,55.7433,58.5384,44.7396375,0.0,7.934651754796505
RWT449,28,RWT449/Lion_P28.h5,97325,32768,2120,1216,4696,18904,76976,4,0,103912,286864,390776,1.0676804520935013,2.94748522989982,4.015165681993321,0.0063587,2.94367e-06,1.32979e-06,21.9663,55.3111,58.7622,30.7338875,8.76944e-05,3.48196e-06,1.73072e-06,40.5703,54.5818,57.6177,44.4526625,0.0,7.951106414198875
RWT449,29,RWT449/Lion_P29.h5,97326,32768,2328,1096,4616,19312,79248,4,0,106600,296128,402728,1.0952880011507717,3.0426401989190968,4.137928200069868,0.00688558,3.01298e-06,1.14886e-06,21.6206,55.21,59.3973,30.5413625,8.76588e-05,3.22083e-06,1.55777e-06,40.572,54.9203,58.075,44.5534125,0.0,7.936173319816589
RWT449,3,RWT449/Lion_P3.h5,97326,32768,2504,1360,4464,15752,53104,4,0,77184,185392,262576,0.7930460514148326,1.9048558453034132,2.6979018967182458,0.00272726,2.57231e-06,1.27716e-06,25.6427,55.8968,58.9375,33.5863125,8.70121e-05,3.11878e-06,1.60619e-06,40.6042,55.0602,57.942,44.578425,0.0,8.202147267758846
RWT449,30,RWT449/Lion_P30.h5,97325,32768,2072,1032,4408,18912,79608,4,0,106032,305656,411688,1.0894631389673775,3.1405702543025944,4.230033393269972,0.0078797,2.53231e-06,1.27209e-06,21.0349,55.9648,58.9548,30.141125,8.72578e-05,3.44207e-06,1.72402e-06,40.592,54.6318,57.6346,44.4773,0.0,7.956585116684437
RWT449,31,RWT449/Lion_P31.h5,97326,32768,1840,944,4056,18048,78320,4,0,103208,297064,400272,1.060436060251115,3.05225736185603,4.112693422107145,0.00709323,1.97242e-06,1.00158e-06,21.4916,57.05,59.9932,30.7491,8.71748e-05,2.27653e-06,1.18934e-06,40.5961,56.4273,59.2469,44.906349999999996,0.0,7.890094183385372
RWT449,4,RWT449/Lion_P4.h5,97325,32768,1992,976,3152,11808,42368,4,0,60296,150208,210504,0.6195324942203956,1.5433650141279218,2.1628975083483173,0.00277849,1.91211e-06,8.93701e-07,25.5619,57.1849,60.4881,33.88055,5.93408e-05,2.22896e-06,1.10669e-06,42.2665,56.519,59.5598,46.209725,0.0,8.418196469545364
RWT449,5,RWT449/Lion_P5.h5,97326,32768,1864,1040,3768,14328,51816,4,0,72816,182584,255400,0.7481659577091425,1.8760043564926125,2.6241703142017547,0.00410609,2.43156e-06,9.78489e-07,23.8657,56.1412,60.0944,32.428725,6.36277e-05,2.84889e-06,1.3788e-06,41.9635,55.4532,58.605,45.7299,0.0,8.362950265407562
RWT449,6,RWT449/Lion_P6.h5,97325,32768,1896,904,3224,11960,39200,4,0,57184,133088,190272,0.5875571538659132,1.3674595427690728,1.9550166966349858,0.00169268,2.04274e-06,9.13432e-07,27.7143,56.8979,60.3932,35.447112499999996,6.03491e-05,2.30256e-06,1.25562e-06,42.1933,56.3779,59.0114,46.0686375,0.0,8.505210354924202
RWT449,7,RWT449/Lion_P7.h5,97326,32768,1920,768,3128,11928,42432,4,0,60176,148088,208264,0.6182931590736288,1.5215666933810081,2.139859852454637,0.00293233,2.01103e-06,8.35943e-07,25.3279,56.9658,60.7782,33.713925,5.6245e-05,2.28857e-06,1.12622e-06,42.4992,56.4044,59.4838,46.360425000000006,0.0,8.354615986347198
RWT449,8,RWT449/Lion_P8.h5,97325,32768,2928,1360,5008,17696,63928,4,0,90920,219272,310192,0.9341895710249165,2.2529874133059336,3.18717698433085,0.00424181,2.92795e-06,1.38728e-06,23.7245,55.3344,58.5784,32.032475,8.94074e-05,3.41414e-06,1.88241e-06,40.4863,54.6672,57.2529,44.3547375,0.0,8.21485124528408
RWT449,9,RWT449/Lion_P9.h5,97325,32768,2144,648,2888,10392,38400,4,0,54472,153120,207592,0.55969175443103,1.5732853840226046,2.1329771384536347,0.00245215,1.46846e-06,8.88929e-07,26.1045,58.3314,60.5113,34.4337125,9.31183e-05,2.01724e-06,1.36398e-06,40.3096,56.9524,58.6519,44.6827375,0.0,8.156262174248695
RWT45,0,RWT45/eros_P0.h5,96327,32768,2088,640,2008,5664,12288,4,0,22688,30608,53296,0.23553105567494056,0.3177509940099868,0.5532820496849273,0.000124631,7.25183e-06,6.93575e-06,39.0437,51.3955,51.5891,42.15585,5.94595e-05,7.45991e-06,6.95187e-06,42.2578,51.2727,51.579,44.5498125,0.0,8.019267931580544
RWT45,1,RWT45/eros_P1.h5,96328,32768,1960,568,1736,4128,7776,4,0,16168,14184,30352,0.16784320239182793,0.14724690640312266,0.3150901087949506,7.41063e-05,6.74403e-06,5.91024e-06,41.3014,51.7108,52.2839,43.975387500000004,4.46654e-05,7.09645e-06,6.07612e-06,43.5003,51.4896,52.1637,45.5818875,0.0,7.887109503149986
RWT45,10,RWT45/eros_P10.h5,96328,32768,2048,688,1952,4552,9072,4,0,18312,17912,36224,0.19010048999252555,0.18594801096254465,0.3760485009550702,8.45254e-05,9.12328e-06,7.80022e-06,40.7301,50.3985,51.0789,43.23225,4.42381e-05,9.03423e-06,7.60173e-06,43.542,50.4411,51.1909,45.3605,0.0,8.01094189286232
RWT45,11,RWT45/eros_P11.h5,96328,32768,1984,568,2064,4856,9712,4,0,19184,18008,37192,0.1991528942778839,0.18694460592974005,0.38609750020762396,8.45431e-05,7.80415e-06,7.2794e-06,40.7292,51.0767,51.379,43.353862500000005,4.83751e-05,7.83179e-06,7.37369e-06,43.1538,51.0614,51.3232,45.163425,0.0,7.8732680305838585
RWT45,12,RWT45/eros_P12.h5,96328,32768,2072,688,2128,6408,13784,4,0,25080,29192,54272,0.26036043517980234,0.303047919608006,0.5634083547878084,0.000124963,7.13254e-06,7.06431e-06,39.0322,51.4676,51.5093,42.1462625,6.2259e-05,7.29083e-06,7.0916e-06,42.058,51.3722,51.4926,44.4016,0.0,7.6516546458005905
RWT45,13,RWT45/eros_P13.h5,96328,32768,2104,848,2872,7560,15792,4,0,29176,31600,60776,0.3028818204468067,0.32804584336849096,0.6309276638152977,0.000130276,8.6417e-06,7.71495e-06,38.8514,50.634,51.1267,41.8586375,6.54933e-05,8.88988e-06,7.41888e-06,41.838,50.511,51.2966,44.10445000000001,0.0,7.6793247833848
RWT45,14,RWT45/eros_P14.h5,96328,32768,1856,800,2768,7296,14768,4,0,27488,32600,60088,0.2853583589402873,0.3384270409434432,0.6237853998837306,0.000135591,8.86719e-06,7.83536e-06,38.6777,50.5221,51.0594,41.7059625,6.43786e-05,8.77047e-06,7.68424e-06,41.9126,50.5698,51.144,44.148675,0.0,7.9768277034163475
RWT45,15,RWT45/eros_P15.h5,96328,32768,1712,440,1416,3960,8456,4,0,15984,17584,33568,0.1659330620380367,0.1825429781579603,0.348476040195997,8.51475e-05,6.63257e-06,6.597e-06,40.6983,51.7832,51.8065,43.4724375,4.83235e-05,6.53575e-06,6.43686e-06,43.1584,51.847,51.9133,45.3388375,0.0,7.954012013971806
RWT45,2,RWT45/eros_P2.h5,96328,32768,1848,352,1280,3320,7560,4,0,14360,19176,33536,0.14907399717631425,0.19906984469728428,0.34814384187359854,8.51941e-05,7.34962e-06,6.84315e-06,40.6959,51.3374,51.6474,43.395025000000004,4.67245e-05,7.3165e-06,6.53271e-06,43.3046,51.357,51.8491,45.37921250000001,0.0,8.196045584976673
RWT45,3,RWT45/eros_P3.h5,96328,32768,1776,344,1240,2808,5760,4,0,11928,12840,24768,0.12382692467403039,0.13329457686238685,0.2571215015364172,6.80713e-05,7.06195e-06,5.95582e-06,41.6704,51.5108,52.2506,44.222975000000005,4.08402e-05,7.30594e-06,6.13445e-06,43.8891,51.3632,52.1222,45.852500000000006,0.0,7.948315314948559
RWT45,4,RWT45/eros_P4.h5,96328,32768,1872,488,1872,5088,11664,4,0,20984,28320,49304,0.21783904991279793,0.2939955153226476,0.5118345652354456,0.000114389,8.48574e-06,8.05688e-06,39.4162,50.7131,50.9383,42.268575,5.29734e-05,8.31734e-06,7.63256e-06,42.7594,50.8002,51.1733,44.8162375,0.0,8.272418215870857
RWT45,5,RWT45/eros_P5.h5,96328,32768,1800,600,1720,4088,8104,4,0,16312,14128,30440,0.16933809484262105,0.14666555933892533,0.31600365418154636,7.17688e-05,7.54327e-06,6.03336e-06,41.4406,51.2244,52.1944,44.0078,3.97151e-05,7.7924e-06,6.09779e-06,44.0104,51.0833,52.1483,45.91175,0.0,7.915810473263264
RWT45,6,RWT45/eros_P6.h5,96328,32768,2096,664,2048,4296,9088,4,0,18192,17520,35712,0.18885474628353127,0.18187858151316336,0.3707333277966946,8.29585e-05,7.90201e-06,7.42723e-06,40.8114,51.0226,51.2917,43.3978375,4.84166e-05,7.71002e-06,7.0315e-06,43.1501,51.1294,51.5295,45.194937499999995,0.0,8.081475272774696
RWT45,7,RWT45/eros_P7.h5,96328,32768,1896,624,1920,4728,9232,4,0,18400,17448,35848,0.19101403537912134,0.1811311352877668,0.3721451706668881,9.02685e-05,8.0232e-06,7.03334e-06,40.4446,50.9565,51.5284,43.1440625,4.74025e-05,7.85318e-06,7.13462e-06,43.242,51.0495,51.4663,45.245975,0.0,7.9433367773890495
RWT45,8,RWT45/eros_P8.h5,96327,32768,2000,400,1344,3032,4992,4,0,11768,9624,21392,0.12216720130389196,0.09990968264349559,0.22207688394738753,5.21303e-05,7.80133e-06,6.90942e-06,42.8291,51.0783,51.6056,44.9573125,3.3488e-05,8.09397e-06,6.8604e-06,44.7511,50.9184,51.6365,46.3826875,0.0,7.742937974631786
RWT45,9,RWT45/eros_P9.h5,96328,32768,1752,440,1312,2912,4952,4,0,11368,7032,18400,0.11801345403205714,0.07300058134706419,0.19101403537912134,4.03807e-05,7.85449e-06,5.93007e-06,43.9383,51.0488,52.2694,45.8685,2.75631e-05,7.99488e-06,5.87195e-06,45.5967,50.9719,52.3122,47.1080375,0.0,7.708623088896275
RWT453,0,RWT453/masaryk_vsetin_P0.h5,62586,32768,1216,296,1480,8032,29128,4,0,40152,119816,159968,0.6415492282619116,1.914421755664206,2.5559709839261178,0.00114195,5.27644e-05,2.33758e-05,29.4235,42.7766,46.3123,33.2037375,8.05241e-05,4.25825e-05,1.92728e-05,40.9407,43.7077,47.1506,42.0628125,0.0,5.715918153524399
RWT453,1,RWT453/masaryk_vsetin_P1.h5,62587,32768,1272,344,1832,6184,23672,4,0,33304,90992,124296,0.5321232843881317,1.4538482432454023,1.9859715276335341,0.000708481,3.48356e-05,1.72506e-05,31.4967,44.5798,47.632,35.149,8.03033e-05,2.98421e-05,1.51794e-05,40.9527,45.2517,48.1875,42.394425,0.0,5.658343285322189
RWT453,10,RWT453/masaryk_vsetin_P10.h5,62586,32768,1040,376,800,2592,6208,4,0,11016,15832,26848,0.17601380500431407,0.2529639216438181,0.42897772664813216,0.000117865,1.1877e-05,6.36654e-06,39.2862,49.2529,51.961,42.1163875,4.65934e-05,9.70895e-06,6.12886e-06,43.3168,50.1283,52.1262,45.2694125,0.0,5.355937741696835
RWT453,11,RWT453/masaryk_vsetin_P11.h5,62587,32768,1560,344,1104,2960,6712,4,0,12680,14712,27392,0.2025979836068193,0.2350647898125809,0.4376627734194002,0.000116577,1.13833e-05,7.90298e-06,39.3339,49.4373,51.0221,42.05785,4.46615e-05,9.25248e-06,6.96222e-06,43.5007,50.3374,51.5725,45.3642625,0.0,5.315395034849644
RWT453,12,RWT453/masaryk_vsetin_P12.h5,62586,32768,1240,280,1392,5272,22320,4,0,30504,92824,123328,0.4873933467548653,1.48314319496373,1.9705365417185952,0.000880403,2.52579e-05,1.16969e-05,30.5532,45.976,49.3193,34.8268125,6.81131e-05,2.09208e-05,9.9557e-06,41.6677,46.7942,50.0193,43.3524625,0.0,5.574566826224327
RWT453,13,RWT453/masaryk_vsetin_P13.h5,62587,32768,1328,312,1800,6672,27392,4,0,37504,109888,147392,0.5992298720181507,1.7557639765446498,2.3549938485628004,0.00121532,4.23862e-05,1.75316e-05,29.1531,43.7278,47.5618,33.276025,7.54791e-05,3.57496e-05,1.53609e-05,41.2217,44.4673,48.1358,42.491662500000004,0.0,5.533033944666386
RWT453,14,RWT453/masaryk_vsetin_P14.h5,62587,32768,392,40,184,528,968,4,0,2112,3864,5976,0.033745026922523846,0.061738060619617494,0.09548308754214134,3.9978e-05,3.05487e-06,7.54513e-07,43.9818,55.1501,61.2233,47.533025,3.04251e-05,3.25535e-06,7.60686e-07,45.1677,54.874,61.1879,48.38351250000001,0.0,5.365173399448395
RWT453,15,RWT453/masaryk_vsetin_P15.h5,62587,32768,840,32,336,1440,2760,4,0,5408,9200,14608,0.08640772045312925,0.1469953824276607,0.23340310288078994,7.54668e-05,6.74086e-06,4.05462e-06,41.2224,51.7128,53.9205,44.120962500000005,3.91513e-05,6.10043e-06,3.62715e-06,44.0725,52.1464,54.4043,46.3732125,0.0,5.534160748124123
RWT453,16,RWT453/masaryk_vsetin_P16.h5,62586,32768,1736,552,1696,4840,10952,4,0,19776,23080,42856,0.3159812098552392,0.3687725689451315,0.6847537788003707,0.00015547,9.56691e-06,5.2951e-06,38.0835,50.1923,52.7613,41.431825,6.59242e-05,8.80935e-06,5.08189e-06,41.8095,50.5506,52.9397,44.2934125,0.0,5.128529109060764
RWT453,17,RWT453/masaryk_vsetin_P17.h5,62587,32768,1368,400,1704,4176,9096,4,0,16744,18144,34888,0.2675315960183425,0.2899004585616821,0.5574320545800246,0.000121605,9.20527e-06,6.62651e-06,39.1505,50.3596,51.7871,42.131212500000004,5.67301e-05,9.11485e-06,6.69078e-06,42.4619,50.4025,51.7452,44.6148875,0.0,5.117147020995617
RWT453,18,RWT453/masaryk_vsetin_P18.h5,62586,32768,1400,432,1528,3736,8048,4,0,15144,17152,32296,0.24197104783817466,0.27405490045697123,0.5160259482951459,0.000117569,7.98115e-06,3.87492e-06,39.2971,50.9793,54.1174,42.60991250000001,5.84751e-05,8.04258e-06,3.99297e-06,42.3303,50.946,53.987,44.86435000000001,0.0,5.1037792563438416
RWT453,19,RWT453/masaryk_vsetin_P19.h5,62587,32768,1432,496,1512,4040,7176,4,0,14656,15144,29800,0.2341700353108473,0.24196718168309714,0.47613721699394446,0.000105678,7.77427e-06,6.15196e-06,39.7602,51.0934,52.1099,42.72056249999999,5.29294e-05,7.89656e-06,6.26422e-06,42.763,51.0256,52.0313,44.954362499999995,0.0,5.09214785695076
RWT453,2,RWT453/masaryk_vsetin_P2.h5,62586,32768,1456,368,1096,3512,8152,4,0,14584,20728,35312,0.233023359856837,0.33119227942351326,0.5642156392803502,0.000157547,9.66589e-06,8.90198e-06,38.0259,50.1476,50.5051,41.101012499999996,5.49745e-05,8.739e-06,8.24141e-06,42.5984,50.5854,50.84,44.626975,0.0,5.382246777415276
RWT453,20,RWT453/masaryk_vsetin_P20.h5,62586,32768,1440,304,1136,3008,6448,4,0,12336,15360,27696,0.19710478381746716,0.24542229891669062,0.4425270827341578,0.000109427,7.6809e-06,6.13804e-06,39.6088,51.1459,52.1197,42.6148,5.37367e-05,7.21668e-06,5.90698e-06,42.6973,51.4166,52.2863,44.9858375,0.0,5.107613675296307
RWT453,21,RWT453/masaryk_vsetin_P21.h5,62587,32768,1432,344,896,2176,5304,4,0,10152,17104,27256,0.16220620895713167,0.27328358924377266,0.43548979820090433,0.000159078,1.08603e-05,9.46081e-06,37.9839,49.6416,50.2407,40.973212499999995,5.21973e-05,9.1732e-06,8.9064e-06,42.8235,50.3748,50.503,44.72735,0.0,5.155764997005463
RWT453,22,RWT453/masaryk_vsetin_P22.h5,62587,32768,1568,328,1232,3248,7200,4,0,13576,15320,28896,0.2169140556345567,0.24477926725997412,0.4616933228945308,0.000116911,1.02028e-05,5.33019e-06,39.3214,49.9128,52.7326,42.321724999999994,5.39791e-05,9.00805e-06,5.20945e-06,42.6777,50.4537,52.8321,44.919,0.0,5.1190933883190155
RWT453,23,RWT453/masaryk_vsetin_P23.h5,62587,32768,1416,424,984,2768,6328,4,0,11920,18032,29952,0.19045488679757777,0.288110949558215,0.47856583635579275,0.000162706,1.12415e-05,1.2059e-05,37.886,49.4918,49.1869,40.7493375,5.64312e-05,1.00763e-05,1.1146e-05,42.4848,49.967,49.5288,44.300574999999995,0.0,5.124261289834976
RWT453,24,RWT453/masaryk_vsetin_P24.h5,62586,32768,1248,472,1736,4680,11336,4,0,19472,24976,44448,0.311123893522513,0.3990668839676605,0.7101907774901736,0.000157783,1.05781e-05,5.11343e-06,38.0194,49.7559,52.9129,41.34815,6.75972e-05,9.57332e-06,5.0134e-06,41.7007,50.1894,52.9987,44.1740375,0.0,5.30546360462904
RWT453,25,RWT453/masaryk_vsetin_P25.h5,62587,32768,1264,384,1192,3728,9008,4,0,15576,24800,40376,0.24886957355361336,0.39624842219630274,0.6451179957499161,0.00015543,1.02043e-05,7.58449e-06,38.0847,49.9122,51.2007,41.202637499999994,7.33096e-05,9.82631e-06,7.20291e-06,41.3484,50.0761,51.4249,43.698924999999996,0.0,5.268870159983635
RWT453,26,RWT453/masaryk_vsetin_P26.h5,62586,32768,1336,512,1776,4528,10736,4,0,18888,25816,44704,0.30179273319911804,0.412488415939667,0.714281149138785,0.000161608,9.80178e-06,4.77254e-06,37.9154,50.087,53.2125,41.34898749999999,6.74506e-05,9.46289e-06,4.53255e-06,41.7101,50.2398,53.4366,44.242125,0.0,5.334890194237232
RWT453,27,RWT453/masaryk_vsetin_P27.h5,62587,32768,1160,384,1280,4576,11168,4,0,18568,35576,54144,0.2966750283605222,0.5684247527441801,0.8650997811047022,0.000211215,1.03221e-05,1.16229e-05,36.7527,49.8623,49.3469,39.965675,8.05842e-05,9.93708e-06,1.15394e-05,40.9375,50.0274,49.3782,43.128825,0.0,5.2268428057432175
RWT453,28,RWT453/masaryk_vsetin_P28.h5,62586,32768,1384,568,2016,5512,13608,4,0,23088,34832,57920,0.3689003930591506,0.5565461924392037,0.9254465854983542,0.000222116,1.53487e-05,8.11892e-06,36.5342,48.1393,50.905,39.7811875,7.17092e-05,1.19806e-05,7.5208e-06,41.4443,49.2152,51.2374,43.639799999999994,0.0,5.254463993012905
RWT453,29,RWT453/masaryk_vsetin_P29.h5,62587,32768,1232,376,1464,5112,14360,4,0,22544,45656,68200,0.3602025979836068,0.7294805630562258,1.0896831610398325,0.000262208,1.09674e-05,1.24602e-05,35.8135,49.599,49.0448,39.190599999999996,8.18111e-05,1.06576e-05,1.19869e-05,40.8719,49.7234,49.2129,43.020962499999996,0.0,5.250273525714874
RWT453,3,RWT453/masaryk_vsetin_P3.h5,62587,32768,1288,384,968,3064,7176,4,0,12880,17176,30056,0.20579353539872497,0.2744339878888587,0.48022752328758367,0.000120304,1.06807e-05,5.77724e-06,39.1972,49.714,52.3828,42.16,4.76167e-05,9.11381e-06,5.50696e-06,43.2224,50.403,52.5909,45.2910375,0.0,5.295566648244858
RWT453,30,RWT453/masaryk_vsetin_P30.h5,62587,32768,1272,488,1728,5200,12408,4,0,21096,31584,52680,0.3370668030102098,0.504641538977743,0.8417083419879527,0.000197318,9.91795e-06,6.45404e-06,37.0483,50.0358,51.9017,40.5284125,7.02978e-05,9.10678e-06,6.30119e-06,41.5306,50.4063,52.0058,43.9494625,0.0,5.289108231663704
RWT453,31,RWT453/masaryk_vsetin_P31.h5,62587,32768,1208,440,1728,5248,14896,4,0,23520,45664,69184,0.37579689072810646,0.7296083851279019,1.1054052758560085,0.000251481,1.4038e-05,1.36203e-05,35.995,48.527,48.6581,39.14438749999999,8.59524e-05,1.26931e-05,1.29404e-05,40.6574,48.9643,48.8805,42.72365,0.0,5.2685098722577095
RWT453,4,RWT453/masaryk_vsetin_P4.h5,62586,32768,1288,296,1760,6856,31144,4,0,41344,131576,172920,0.660595021250759,2.1023232032722974,2.762918224523056,0.00152028,5.53417e-05,2.55267e-05,28.1808,42.5695,45.93,32.1980375,7.97602e-05,4.59673e-05,2.12479e-05,40.9821,43.3755,46.7268,41.999362500000004,0.0,5.63201841711998
RWT453,5,RWT453/masaryk_vsetin_P5.h5,62587,32768,1248,360,1232,6008,22072,4,0,30920,93504,124424,0.49403230702861617,1.4939843737517375,1.9880166807803537,0.000864234,2.79248e-05,1.2838e-05,30.6337,45.5401,48.915,34.7821625,7.16197e-05,2.21926e-05,1.09153e-05,41.4497,46.5379,49.6196,43.106962499999995,0.0,5.636137247085571
RWT453,6,RWT453/masaryk_vsetin_P6.h5,62586,32768,768,16,208,776,1816,4,0,3584,7088,10672,0.05726520308056115,0.1132521650209312,0.17051736810149234,6.15083e-05,5.49619e-06,3.30958e-06,42.1107,52.5994,54.8023,45.0082375,3.65545e-05,5.16788e-06,3.40338e-06,44.3706,52.8669,54.6809,46.721425,0.0,5.453940160572529
RWT453,7,RWT453/masaryk_vsetin_P7.h5,62587,32768,1040,104,448,1224,3304,4,0,6120,9896,16016,0.09778388483231341,0.15811590266349243,0.25589978749580583,8.4798e-05,7.20184e-06,4.2967e-06,40.7161,51.4256,53.6687,43.6738625,3.97003e-05,6.50873e-06,4.17548e-06,44.0121,51.865,53.7929,46.2163125,0.0,5.472625158727169
RWT453,8,RWT453/masaryk_vsetin_P8.h5,62586,32768,1216,296,1480,5736,21344,4,0,30072,80920,110992,0.48049084459783337,1.2929409133032947,1.773431757901128,0.000604464,3.11716e-05,1.48272e-05,32.1863,45.0624,48.2894,35.8087,7.70662e-05,2.62937e-05,1.32375e-05,41.1314,45.8015,48.782,42.6714875,0.0,5.630529552698135
RWT453,9,RWT453/masaryk_vsetin_P9.h5,62587,32768,1320,416,1472,7168,29616,4,0,39992,119288,159280,0.6389825363094572,1.9059549107642162,2.5449374470736736,0.00141825,4.3315e-05,1.86773e-05,28.4825,43.6336,47.2869,32.726937500000005,7.80374e-05,3.57183e-05,1.56601e-05,41.077,44.4711,48.052,42.3731375,0.0,5.6174639239907265
RWT463,0,RWT463/pruchod_art_den_P0.h5,96955,32768,1624,664,3032,12520,50832,4,0,68672,234272,302944,0.7082873498014542,2.4162962198958278,3.124583569697282,0.00283969,5.75915e-05,7.27344e-05,25.4673,42.3964,41.3826,29.572850000000003,8.3178e-05,4.17171e-05,4.73724e-05,40.7999,43.7969,43.2447,41.480125,0.0,8.702050425112247
RWT463,1,RWT463/pruchod_art_den_P1.h5,96956,32768,1568,624,3064,12800,51128,4,0,69184,234304,303488,0.7135607904616527,2.4166013449399726,3.1301621354016254,0.00254663,4.9863e-05,0.000133326,25.9403,43.0222,38.7508,29.676849999999998,8.33672e-05,3.44106e-05,7.30691e-05,40.79,44.6331,41.3627,41.341975000000005,0.0,8.927822068333626
RWT463,10,RWT463/pruchod_art_den_P10.h5,96955,32768,1368,1024,3904,16392,54488,4,0,77176,229584,306760,0.7959981434686194,2.3679438914960547,3.1639420349646743,0.00304386,0.00013057,5.80917e-05,25.1658,38.8416,42.3589,29.0244125,8.01965e-05,6.85947e-05,4.02658e-05,40.9584,41.6371,43.9506,41.4172625,0.0,8.839697927236557
RWT463,11,RWT463/pruchod_art_den_P11.h5,96956,32768,1624,744,3472,13960,52648,4,0,72448,243016,315464,0.7472255456083172,2.506456536985849,3.2536820825941666,0.00324875,8.09222e-05,9.77823e-05,24.8828,40.9193,40.0974,28.789187499999997,8.32223e-05,5.11456e-05,5.90339e-05,40.7976,42.9119,42.289,41.2483125,0.0,8.833485417068005
RWT463,12,RWT463/pruchod_art_den_P12.h5,96955,32768,1504,576,2192,11456,34616,4,0,50344,134632,184976,0.51925119900985,1.3886029601361456,1.9078541591459957,0.00108306,7.10731e-05,6.4245e-05,29.6535,41.4829,41.9216,32.6656875,8.26065e-05,3.46637e-05,3.83221e-05,40.8299,44.6012,44.1655,41.7182625,0.0,8.24585523456335
RWT463,13,RWT463/pruchod_art_den_P13.h5,96956,32768,2080,984,3400,11736,36688,4,0,54888,160160,215048,0.5661124633854532,1.6518833285201535,2.2179957919056066,0.00126651,5.32487e-05,8.98674e-05,28.9739,42.7369,40.464,32.1305375,8.3575e-05,3.47281e-05,5.95295e-05,40.7792,44.5932,42.2527,41.440137500000006,0.0,8.421542823314667
RWT463,14,RWT463/pruchod_art_den_P14.h5,96955,32768,1960,848,2568,9240,32664,4,0,47280,142192,189472,0.48764890928781396,1.466577278118715,1.9542261874065288,0.00101208,6.46835e-05,3.66104e-05,29.9479,41.8921,44.364,33.2429375,8.19363e-05,3.39231e-05,2.59239e-05,40.8652,44.695,45.863,41.968650000000004,0.0,8.028074860572815
RWT463,15,RWT463/pruchod_art_den_P15.h5,96956,32768,2136,920,3760,12376,42008,4,0,61200,170864,232064,0.6312141589999587,1.7622839226040679,2.3934980816040268,0.00122563,7.91034e-05,0.00012472,29.1164,41.018,39.0406,31.844625,8.58542e-05,4.24154e-05,7.44095e-05,40.6624,43.7248,41.2837,41.122862500000004,0.0,8.847850136458874
RWT463,2,RWT463/pruchod_art_den_P2.h5,96955,32768,1640,752,3624,14528,56056,4,0,76600,248024,324624,0.7900572430508999,2.5581352173688825,3.3481924604197824,0.00295874,8.52951e-05,8.79801e-05,25.2889,40.6908,40.5562,29.12255,8.34813e-05,4.93808e-05,6.02063e-05,40.7841,43.0644,42.2036,41.246575,0.0,9.14916417002678
RWT463,3,RWT463/pruchod_art_den_P3.h5,96956,32768,1456,816,2992,14568,53856,4,0,73688,239144,312832,0.7600148520978588,2.4665208960765708,3.2265357481744297,0.00304769,7.35701e-05,5.25512e-05,25.1603,41.333,42.7942,29.386124999999996,8.28715e-05,4.21061e-05,3.78809e-05,40.8159,43.7565,44.2158,41.6084625,0.0,8.449874445796013
RWT463,4,RWT463/pruchod_art_den_P4.h5,96955,32768,1560,776,3408,13448,48232,4,0,67424,204928,272352,0.6954153988963953,2.1136403486153372,2.8090557475117324,0.00309081,0.000284303,9.83229e-05,25.0993,35.4622,40.0735,28.2664375,8.67553e-05,0.000133464,6.56626e-05,40.617,38.7464,41.8268,40.5344,0.0,8.461511224508286
RWT463,5,RWT463/pruchod_art_den_P5.h5,96956,32768,1672,592,2304,10000,32192,4,0,46760,137152,183912,0.482280622137877,1.4145798093980775,1.8968604315359545,0.000817743,2.76166e-05,4.41638e-05,30.8738,45.5883,43.5493,34.29755,8.41778e-05,1.84954e-05,2.78158e-05,40.748,47.3294,45.5571,42.1718125,0.0,8.087787665426731
RWT463,6,RWT463/pruchod_art_den_P6.h5,96955,32768,1872,896,4200,14632,50400,4,0,72000,193544,265544,0.742612552214945,1.996225052859574,2.738837605074519,0.0016852,0.000133595,0.000117225,27.7335,38.7421,39.3098,30.5566125,8.31234e-05,6.00163e-05,6.92623e-05,40.8028,42.2173,41.595,41.0786375,0.0,8.876032568514347
RWT463,7,RWT463/pruchod_art_den_P7.h5,96956,32768,1736,896,3328,12064,38600,4,0,56624,156272,212896,0.5840174924708115,1.6117826643013327,2.195800156772144,0.00108072,3.62991e-05,3.96792e-05,29.6629,44.401,44.0144,33.2991,8.45728e-05,2.27702e-05,2.80604e-05,40.7277,46.4263,45.5191,42.03895,0.0,7.993414826691151
RWT463,8,RWT463/pruchod_art_den_P8.h5,96955,32768,1568,704,2776,13712,53528,4,0,72288,236608,308896,0.7455830024238048,2.440389871589913,3.185972874013718,0.00265192,6.37345e-05,0.000134097,25.7644,41.9563,38.7258,29.4085625,8.22018e-05,4.03752e-05,7.75223e-05,40.8512,43.9389,41.1057,41.268975,0.0,8.801534734666348
RWT463,9,RWT463/pruchod_art_den_P9.h5,96956,32768,1648,680,3016,13768,57144,4,0,76256,271688,347944,0.7865010932794257,2.8021783076859608,3.588679400965386,0.00397789,6.96666e-05,0.000122215,24.0035,41.5698,39.1288,28.08995,8.32719e-05,4.99726e-05,6.95621e-05,40.795,43.0127,41.5763,41.169875000000005,0.0,8.760086342692375
RWT499,0,RWT499/mesh_P0.h5,99770,32768,2336,1096,3080,7696,20648,4,0,34856,64624,99480,0.34936353613310617,0.6477297784905283,0.9970933146236344,0.000557206,1.59065e-05,1.15351e-05,32.5398,47.9843,49.3798,36.5753625,4.66996e-05,1.29155e-05,9.02979e-06,43.3069,48.8889,50.4432,44.8966875,0.0,9.025624834001064
RWT499,1,RWT499/mesh_P1.h5,99770,32768,2464,1016,2928,8280,21240,4,0,35928,66400,102328,0.36010824897263705,0.6655307206575123,1.0256389696301493,0.000579791,1.59607e-05,8.30678e-06,32.3673,47.9695,50.8057,36.622375,5.60226e-05,1.32437e-05,8.22982e-06,42.5164,48.7799,50.8461,44.34054999999999,0.0,8.843515910208225
RWT499,10,RWT499/mesh_P10.h5,99770,32768,2176,1080,3352,8808,23552,4,0,38968,71960,110928,0.39057833015936655,0.721258895459557,1.1118372256189235,0.000873228,1.63505e-05,8.73593e-06,30.5887,47.8647,50.5869,35.247975,4.52526e-05,1.25827e-05,7.72702e-06,43.4436,49.0023,51.1199,45.097975000000005,0.0,8.583204671740532
RWT499,11,RWT499/mesh_P11.h5,99771,32768,2112,1296,3384,9464,23176,4,0,39432,66984,106416,0.3952250653997655,0.6713774543705084,1.066602519770274,0.000784315,1.41936e-05,6.36401e-06,31.0551,48.4791,51.9627,35.84655,3.86637e-05,1.23404e-05,5.93617e-06,44.127,49.0867,52.2649,45.7642,0.0,8.401343613862991
RWT499,12,RWT499/mesh_P12.h5,99770,32768,2080,856,3488,9832,25416,4,0,41672,73416,115088,0.41768066553072064,0.7358524606595169,1.1535331261902375,0.00046958,1.23819e-05,5.98056e-06,33.2829,49.0721,52.2326,37.6252625,5.78788e-05,1.14316e-05,6.1031e-06,42.3748,49.4189,52.1445,44.476525,0.0,8.746925339102745
RWT499,13,RWT499/mesh_P13.h5,99771,32768,2256,1000,3032,8848,22520,4,0,37656,68016,105672,0.3774243016507803,0.6817211414138377,1.0591454430646179,0.00058369,1.59152e-05,7.26555e-06,32.3382,47.9819,51.3873,36.6748,4.81623e-05,1.2711e-05,6.3943e-06,43.1729,48.9582,51.9421,44.992212499999994,0.0,8.958263665437698
RWT499,14,RWT499/mesh_P14.h5,99770,32768,2104,1176,2872,11584,26800,4,0,44536,78424,122960,0.44638668938558684,0.7860479101934449,1.2324345995790318,0.000575518,9.05335e-06,5.28029e-06,32.3994,50.4319,52.7734,37.2002125,4.58087e-05,8.26983e-06,5.06285e-06,43.3905,50.825,52.9561,45.5155125,0.0,8.324995428323746
RWT499,15,RWT499/mesh_P15.h5,99771,32768,2224,1160,4048,14624,40208,4,0,62264,114512,176776,0.6240691182808632,1.1477483437070892,1.7718174619879523,0.00103717,1.4824e-05,8.66676e-06,29.8415,48.2903,50.6214,34.745087500000004,5.73419e-05,1.20863e-05,7.59687e-06,42.4153,49.1771,51.1937,44.357825,0.0,8.35876078903675
RWT499,2,RWT499/mesh_P2.h5,99770,32768,2408,1232,3968,11160,29928,4,0,48696,88144,136840,0.48808258995690085,0.8834719855668036,1.3715545755237044,0.00145761,2.21032e-05,9.61126e-06,28.3636,46.5554,50.1722,33.36365,4.94931e-05,1.69999e-05,8.66177e-06,43.0545,47.6955,50.6239,44.580799999999996,0.0,8.416335985064507
RWT499,3,RWT499/mesh_P3.h5,99771,32768,2312,1272,3472,9712,25120,4,0,41888,69080,110968,0.4198414368904792,0.6923855629391306,1.1122269998296097,0.000958317,1.33529e-05,7.83812e-06,30.1849,48.7442,51.0579,35.1139375,4.42609e-05,1.18829e-05,7.35241e-06,43.5398,49.2508,51.3357,45.228162499999996,0.0,8.398832350969315
RWT499,4,RWT499/mesh_P4.h5,99770,32768,1920,880,2360,5904,16616,4,0,27680,61800,89480,0.27743810764758947,0.61942467675654,0.8968627844041295,0.000437483,1.12592e-05,9.43536e-06,33.5904,49.4849,50.2524,37.659962500000006,5.50709e-05,9.52063e-06,9.01427e-06,42.5908,50.2133,50.4507,44.5261,0.0,8.738340839743614
RWT499,5,RWT499/mesh_P5.h5,99770,32768,1960,848,2656,6728,17928,4,0,30120,68176,98296,0.30189435702114864,0.6833316628244963,0.985226019845645,0.000479923,2.72315e-05,1.90217e-05,33.1883,45.6493,47.2075,36.498324999999994,5.23538e-05,1.75791e-05,1.32272e-05,42.8105,47.55,48.7853,44.1497875,0.0,8.73851665109396
RWT499,6,RWT499/mesh_P6.h5,99770,32768,2104,1136,3520,11296,29136,4,0,47192,86392,133584,0.47300791821188737,0.8659115966723464,1.3389195148842337,0.00149959,3.39928e-05,1.95887e-05,28.2403,44.6861,47.0799,32.650975,3.99785e-05,1.85559e-05,1.31928e-05,43.9817,47.3152,48.7966,45.00025,0.0,8.449540361762047
RWT499,7,RWT499/mesh_P7.h5,99771,32768,2208,1040,3464,10152,27224,4,0,44088,79808,123896,0.44189193252548337,0.7999117980174599,1.2418037305429432,0.00149853,2.13531e-05,1.18727e-05,28.2433,46.7054,49.2545,33.1774625,4.34687e-05,1.63272e-05,9.95431e-06,43.6182,47.8709,50.0199,44.95,0.0,8.438668824732304
RWT499,8,RWT499/mesh_P8.h5,99770,32768,2128,1088,3312,8800,22408,4,0,37736,71160,108896,0.37822992883632356,0.7132404530419966,1.0914703818783202,0.0010367,1.64072e-05,1.33098e-05,29.8434,47.8496,48.7583,34.4585375,5.60415e-05,1.35594e-05,1.06356e-05,42.5149,48.6776,49.7324,44.187425,0.0,8.67873851954937
RWT499,9,RWT499/mesh_P9.h5,99770,32768,2352,1304,3776,9208,23904,4,0,40544,79136,119680,0.4063746617219605,0.7931843239450737,1.1995589856670341,0.000811797,3.60643e-05,2.31329e-05,30.9055,44.4292,46.3577,34.5274875,5.59174e-05,1.87298e-05,1.42163e-05,42.5245,47.2747,48.4721,43.86172500000001,0.0,8.446947045624256
RWT529,0,RWT529/kleste_P0.h5,82926,32768,960,776,2808,9416,30432,4,0,44392,116888,161280,0.5353206473241203,1.409545860164484,1.9448665074886042,0.000687102,2.99727e-05,2.23026e-05,31.6298,45.2327,46.5164,35.1909875,8.19042e-05,2.33963e-05,1.8124e-05,40.8669,46.3085,47.4175,42.365925000000004,0.0,6.926361419260502
RWT529,1,RWT529/kleste_P1.h5,82927,32768,1208,856,3048,10864,35592,4,0,51568,145336,196904,0.6218481314891411,1.7525775682226536,2.3744256997117947,0.00106279,3.77745e-05,2.50077e-05,29.7355,44.228,46.0193,33.5825375,8.03221e-05,2.96942e-05,2.10195e-05,40.9516,45.2733,46.7738,42.219587499999996,0.0,7.344257541000843
RWT529,2,RWT529/kleste_P2.h5,82927,32768,1552,432,1776,6400,18008,4,0,28168,52840,81008,0.33967224185126677,0.637186923438687,0.9768591652899539,0.000203443,5.19859e-05,3.70166e-05,36.9156,42.8411,44.316,38.581337500000004,6.63909e-05,3.00008e-05,2.3598e-05,41.7789,45.2287,46.2712,42.771662500000005,0.0,11.160655230283737
RWT529,3,RWT529/kleste_P3.h5,82927,32768,1416,416,2296,7096,22656,4,0,33880,68984,102864,0.40855210003979403,0.8318641696914153,1.2404162697312093,0.00024733,6.13347e-05,4.52347e-05,36.0672,42.1229,43.4453,37.746425,7.3473e-05,3.48843e-05,2.76099e-05,41.3387,44.5737,45.5894,42.274412500000004,0.0,13.792430303990841
RWT529,4,RWT529/kleste_P4.h5,82927,32768,1336,288,1480,4392,13936,4,0,21432,37448,58880,0.2584441737914069,0.4515778938102186,0.7100220676016256,0.000140901,3.38692e-05,2.61536e-05,38.5109,44.702,45.8247,40.1990125,6.06754e-05,2.16445e-05,1.71643e-05,42.1699,46.6465,47.6537,43.41495,0.0,6.817374221980572
RWT529,5,RWT529/kleste_P5.h5,82927,32768,1288,408,1616,6352,18976,4,0,28640,53424,82064,0.3453639948388342,0.6442292618809314,0.9895932567197656,0.000189846,4.84387e-05,3.67706e-05,37.216,43.1481,44.345,38.848637499999995,6.25281e-05,2.9117e-05,2.31723e-05,42.0392,45.3585,46.3503,42.993,0.0,6.89227557182312
RWT529,6,RWT529/kleste_P6.h5,82927,32768,1160,296,1392,5016,16504,4,0,24368,43144,67512,0.29384880678186837,0.5202648112195063,0.8141136180013747,0.00015379,4.01319e-05,3.29934e-05,38.1307,43.9651,44.8157,39.695625,6.59153e-05,2.61778e-05,2.21324e-05,41.8101,45.8207,46.5497,42.903875,0.0,6.938099354505539
RWT529,7,RWT529/kleste_P7.h5,82927,32768,1072,304,2144,7200,22880,4,0,33600,62496,96096,0.4051756364031015,0.7536266837097688,1.1588023201128703,0.000200223,5.98091e-05,4.61142e-05,36.9849,42.2323,43.3617,38.437925,6.88038e-05,3.5307e-05,2.82587e-05,41.6239,44.5214,45.4885,42.4691625,0.0,6.8939428105950356
RWT535,0,RWT535/dung_ballus-print_ready-mm_P0.h5,52061,32768,1624,640,2904,12032,42792,4,0,59992,130152,190144,1.1523405236165267,2.499990395881754,3.6523309194982807,0.00242919,4.64156e-05,2.29039e-05,26.1454,43.3334,46.4009,30.825837500000002,8.48029e-05,2.86436e-05,1.79027e-05,40.7159,45.4297,47.4708,42.1494875,0.0,4.5877973809838295
RWT535,1,RWT535/dung_ballus-print_ready-mm_P1.h5,52061,32768,1496,656,2824,11672,42376,4,0,59024,127312,186336,1.133746950692457,2.4454390042450203,3.5791859549374774,0.00226241,4.28073e-05,2.16721e-05,26.4543,43.6848,46.641,31.131449999999997,8.40317e-05,2.7984e-05,1.76653e-05,40.7556,45.5309,47.5288,42.1991625,0.0,4.541062615811825
RWT535,10,RWT535/dung_ballus-print_ready-mm_P10.h5,52061,32768,1400,744,3160,12592,43712,4,0,61608,131320,192928,1.183381033787288,2.5224256161041856,3.7058066498914735,0.0022538,5.99567e-05,3.1652e-05,26.4708,42.2216,44.996,30.755300000000002,8.40479e-05,3.09269e-05,2.39291e-05,40.7547,45.0966,46.2107,41.9794375,0.0,4.483037658035755
RWT535,11,RWT535/dung_ballus-print_ready-mm_P11.h5,52061,32768,1424,768,3152,12080,42872,4,0,60296,127832,188128,1.1581798275100363,2.4554272872207603,3.6136071147307964,0.00208315,5.3833e-05,3.19986e-05,26.8128,42.6895,44.9487,31.064375000000002,8.50559e-05,2.92982e-05,2.38807e-05,40.703,45.3316,46.2195,41.9711375,0.0,4.533974841237068
RWT535,12,RWT535/dung_ballus-print_ready-mm_P12.h5,52061,32768,1232,560,2600,11192,41864,4,0,57448,133904,191352,1.103474769981368,2.5720596991990163,3.6755344691803846,0.00257576,4.6526e-05,2.47605e-05,25.8909,43.323,46.0624,30.59135,8.59754e-05,2.89499e-05,2.0144e-05,40.6563,45.3835,46.9585,42.034975,0.0,4.518483072519302
RWT535,13,RWT535/dung_ballus-print_ready-mm_P13.h5,52061,32768,1216,640,2912,11432,39504,4,0,55704,118576,174280,1.0699756055396554,2.2776358502525884,3.3476114557922436,0.00179232,4.16469e-05,2.49544e-05,27.4658,43.8042,46.0285,31.828437500000003,8.43031e-05,2.68022e-05,1.96526e-05,40.7416,45.7183,47.0658,42.1542125,0.0,4.471000514924526
RWT535,14,RWT535/dung_ballus-print_ready-mm_P14.h5,52061,32768,1232,640,2688,10696,35496,4,0,50752,102416,153168,0.9748564184322237,1.967230748544976,2.9420871669772,0.00107591,4.24886e-05,2.95911e-05,29.6823,43.7173,45.2884,33.387437500000004,8.63737e-05,2.70909e-05,2.33258e-05,40.6362,45.6718,46.3216,41.976325,0.0,4.376590251922607
RWT535,15,RWT535/dung_ballus-print_ready-mm_P15.h5,52062,32768,1232,688,2832,10416,35688,4,0,50856,105480,156336,0.9768353117436902,2.0260458683876914,3.0028811801313817,0.0011826,4.41888e-05,3.1648e-05,29.2716,43.5469,44.9965,33.021625,8.54563e-05,2.73855e-05,2.49436e-05,40.6826,45.6248,46.0304,41.968849999999996,0.0,4.453859947621822
RWT535,16,RWT535/dung_ballus-print_ready-mm_P16.h5,52061,32768,1400,488,2280,8888,32080,4,0,45136,103288,148424,0.8669829622942318,1.9839803307658324,2.8509632930600644,0.00126158,3.17499e-05,2.04947e-05,28.9909,44.9826,46.8836,33.22645,8.52012e-05,2.30334e-05,1.65727e-05,40.6955,46.3764,47.8061,42.2944375,0.0,4.459772914648056
RWT535,17,RWT535/dung_ballus-print_ready-mm_P17.h5,52061,32768,1328,656,2784,10864,38264,4,0,53896,117760,171656,1.035247113962467,2.261961929275273,3.2972090432377406,0.00176912,4.32008e-05,2.62384e-05,27.5224,43.6451,45.8106,31.823762499999997,8.44392e-05,2.72292e-05,2.07099e-05,40.7346,45.6497,46.8382,42.111937499999996,0.0,4.488225698471069
RWT535,18,RWT535/dung_ballus-print_ready-mm_P18.h5,52061,32768,1104,552,2384,10056,34880,4,0,48976,105128,154104,0.9407425904227733,2.0193234859107587,2.960066076333532,0.0012947,3.43327e-05,2.28035e-05,28.8783,44.6429,46.42,33.0415875,8.57449e-05,2.28344e-05,1.84179e-05,40.6679,46.4141,47.3476,42.221137500000005,0.0,4.5442391484975815
RWT535,19,RWT535/dung_ballus-print_ready-mm_P19.h5,52061,32768,1408,688,2920,10952,37560,4,0,53528,114560,168088,1.028178482933482,2.2004955725014885,3.2286740554349707,0.00160007,4.33433e-05,2.56208e-05,27.9586,43.6308,45.9141,32.1620625,8.48888e-05,2.57988e-05,2.0199e-05,40.7115,45.884,46.9467,42.137462500000005,0.0,4.515386790037155
RWT535,2,RWT535/dung_ballus-print_ready-mm_P2.h5,52061,32768,1448,656,2816,11056,39312,4,0,55288,120512,175800,1.0619849791590634,2.314822996100728,3.3768079752597915,0.00192649,3.73068e-05,1.85854e-05,27.1523,44.2821,47.3083,31.813025,8.34942e-05,2.50804e-05,1.50738e-05,40.7834,46.0067,48.2178,42.365612500000005,0.0,4.475087709724903
RWT535,20,RWT535/dung_ballus-print_ready-mm_P20.h5,52061,32768,920,520,1920,7784,29392,4,0,40536,90904,131440,0.7786250744319164,1.746105530051286,2.5247306044832025,0.00089075,2.96384e-05,1.87324e-05,30.5024,45.2815,47.2741,34.44625,8.87033e-05,2.16379e-05,1.60169e-05,40.5206,46.6479,47.9542,42.2157125,0.0,4.347119584679604
RWT535,21,RWT535/dung_ballus-print_ready-mm_P21.h5,52061,32768,1520,640,3032,11600,38032,4,0,54824,106976,161800,1.0530723574268646,2.054820306947619,3.107892664374484,0.00143781,5.27196e-05,2.80899e-05,28.423,42.7803,45.5145,32.354099999999995,8.59081e-05,3.04692e-05,2.2716e-05,40.6597,45.1614,46.4367,41.944537499999996,0.0,4.395975045859814
RWT535,22,RWT535/dung_ballus-print_ready-mm_P22.h5,52061,32768,1472,640,3104,11896,41528,4,0,58640,118200,176840,1.1263709878796029,2.2704135533316685,3.3967845412112716,0.00178708,4.87577e-05,2.95111e-05,27.4786,43.1196,45.3001,31.661412499999997,8.50697e-05,2.88697e-05,2.25195e-05,40.7023,45.3956,46.4744,42.010475,0.0,4.550515964627266
RWT535,23,RWT535/dung_ballus-print_ready-mm_P23.h5,52062,32768,1616,752,3176,12080,40816,4,0,58440,116232,174672,1.1225077791863547,2.23256886020514,3.355076639391495,0.00187024,5.48436e-05,2.99484e-05,27.281,42.6087,45.2363,31.441374999999997,8.55371e-05,3.1104e-05,2.41771e-05,40.6785,45.0718,46.166,41.9136,0.0,4.4609886184334755
RWT535,24,RWT535/dung_ballus-print_ready-mm_P24.h5,52061,32768,1328,744,3288,13112,46256,4,0,64728,138280,203008,1.243310731641728,2.656114942087167,3.899425673728895,0.00283357,6.16056e-05,3.27813e-05,25.4767,42.1038,44.8437,29.9759625,8.56642e-05,3.31683e-05,2.48637e-05,40.672,44.7928,46.0443,41.8586375,0.0,4.494835838675499
RWT535,25,RWT535/dung_ballus-print_ready-mm_P25.h5,52061,32768,1192,736,3320,12968,44848,4,0,63064,131864,194928,1.21134822611936,2.532874896755729,3.7442231228750886,0.00235429,6.11036e-05,3.33537e-05,26.2814,42.1393,44.7686,30.574537499999998,8.49183e-05,3.16737e-05,2.58045e-05,40.71,44.993,45.883,41.891999999999996,0.0,4.4681906923651695
RWT535,26,RWT535/dung_ballus-print_ready-mm_P26.h5,52061,32768,1552,792,3352,12560,42824,4,0,61080,125208,186288,1.1732390849196135,2.405024874666257,3.5782639595858705,0.0021884,6.42988e-05,3.53554e-05,26.5987,41.918,44.5154,30.7532,8.66289e-05,3.36237e-05,2.5989e-05,40.6234,44.7335,45.8521,41.790749999999996,0.0,4.484198242425919
RWT535,27,RWT535/dung_ballus-print_ready-mm_P27.h5,52061,32768,1432,744,3336,13064,45328,4,0,63904,133064,196968,1.2274831447724783,2.5559247805458982,3.7834079253183766,0.00255722,5.71395e-05,3.30438e-05,25.9223,42.4306,44.8091,30.346687499999998,8.52421e-05,3.09658e-05,2.45495e-05,40.6935,45.0912,46.0996,41.918975,0.0,4.488907098770142
RWT535,28,RWT535/dung_ballus-print_ready-mm_P28.h5,52061,32768,1216,720,3344,12392,43176,4,0,60848,129200,190048,1.1687827740535142,2.481704154741553,3.6504869287950674,0.00214698,6.45692e-05,3.71675e-05,26.6817,41.8997,44.2984,30.7860375,8.45724e-05,3.44197e-05,2.86962e-05,40.7277,44.6319,45.4218,41.802487500000005,0.0,4.433438748121262
RWT535,29,RWT535/dung_ballus-print_ready-mm_P29.h5,52061,32768,1504,864,3352,12584,43200,4,0,61504,125824,187328,1.18138337719214,2.4168571483452106,3.5982405255373506,0.00212118,5.19496e-05,3.13264e-05,26.7342,42.8442,45.0409,31.0362875,8.53099e-05,3.0205e-05,2.37659e-05,40.69,45.1992,46.2405,41.9474625,0.0,4.422000043094158
RWT535,3,RWT535/dung_ballus-print_ready-mm_P3.h5,52061,32768,1344,712,2920,11152,40776,4,0,56904,126072,182976,1.0930254893298246,2.4216207909951786,3.514646280325003,0.00219819,4.25267e-05,2.19133e-05,26.5794,43.7134,46.5929,31.222837500000004,8.34823e-05,2.7094e-05,1.82271e-05,40.7841,45.6713,47.3928,42.2210875,0.0,4.498879134654999
RWT535,30,RWT535/dung_ballus-print_ready-mm_P30.h5,52061,32768,1384,728,3280,13088,44224,4,0,62704,132352,195056,1.2044332609823092,2.542248516163731,3.74668177714604,0.00246364,6.15543e-05,3.45466e-05,26.0842,42.1074,44.616,30.403574999999996,8.60335e-05,3.26111e-05,2.53762e-05,40.6533,44.8663,45.9557,41.842725,0.0,5.349085301160812
RWT535,31,RWT535/dung_ballus-print_ready-mm_P31.h5,52062,32768,1288,792,3184,12216,41912,4,0,59392,117960,177352,1.140793669086858,2.2657600553186583,3.4065537244055166,0.00183007,5.11301e-05,3.1471e-05,27.3753,42.9132,45.0209,31.5232375,8.73491e-05,2.939e-05,2.3836e-05,40.5874,45.318,46.2277,41.8837625,0.0,4.4885178208351135
RWT535,32,RWT535/dung_ballus-print_ready-mm_P32.h5,52061,32768,1368,696,2800,12288,45720,4,0,62872,142080,204952,1.207660244712933,2.7291062407560363,3.936766485468969,0.00332414,4.38931e-05,2.5549e-05,24.7832,43.576,45.9263,29.7751875,8.71401e-05,2.70077e-05,1.96769e-05,40.5978,45.6851,47.0604,42.0415375,0.0,4.495435521006584
RWT535,33,RWT535/dung_ballus-print_ready-mm_P33.h5,52061,32768,1416,680,3032,12720,46056,4,0,63904,139232,203136,1.2274831447724783,2.674401183227368,3.9018843279998463,0.0031466,3.36222e-05,2.14335e-05,25.0216,44.7337,46.6891,30.194049999999997,8.52706e-05,2.27365e-05,1.68679e-05,40.692,46.4328,47.7294,42.289274999999996,0.0,4.508563317358494
RWT535,34,RWT535/dung_ballus-print_ready-mm_P34.h5,52061,32768,1152,616,2648,11120,40600,4,0,56136,124192,180328,1.0782735637041163,2.3855093063905803,3.4637828700946964,0.00203653,3.30062e-05,2.32847e-05,26.9111,44.814,46.3293,31.576237499999998,8.36524e-05,2.33001e-05,1.90969e-05,40.7752,46.3264,47.1904,42.271,0.0,4.499275259673595
RWT535,35,RWT535/dung_ballus-print_ready-mm_P35.h5,52061,32768,1464,672,2888,11768,43448,4,0,60240,129928,190168,1.1571041662664951,2.495687750907589,3.6527919171740844,0.00235127,3.71184e-05,2.35373e-05,26.287,44.3041,46.2824,31.038562499999998,8.42464e-05,2.45952e-05,1.89362e-05,40.7445,46.0915,47.2271,42.223200000000006,0.0,4.488658212125301
RWT535,36,RWT535/dung_ballus-print_ready-mm_P36.h5,52061,32768,1496,704,2944,11488,42880,4,0,59512,135384,194896,1.143120570100459,2.600487889206892,3.743608459307351,0.00265891,4.08812e-05,2.43876e-05,25.753,43.8848,46.1283,30.5663875,8.63325e-05,2.69705e-05,1.9834e-05,40.6383,45.6911,47.0259,42.068349999999995,0.0,4.467174932360649
RWT535,37,RWT535/dung_ballus-print_ready-mm_P37.h5,52061,32768,1480,736,3264,12248,43872,4,0,61600,136032,197632,1.1832273678953535,2.6129348264535834,3.7961621943489368,0.00269319,3.76938e-05,2.31831e-05,25.6973,44.2373,46.3483,30.596175,8.48036e-05,2.41607e-05,1.83497e-05,40.7159,46.1689,47.3637,42.2285,0.0,4.4740660935640335
RWT535,38,RWT535/dung_ballus-print_ready-mm_P38.h5,52061,32768,1344,720,2792,12128,45008,4,0,61992,139512,201504,1.1907569966001421,2.679779489445074,3.870536486045216,0.00292943,3.62155e-05,2.29339e-05,25.3322,44.4111,46.3952,30.349937500000003,8.49539e-05,2.34185e-05,1.77949e-05,40.7082,46.3044,47.497,42.256325,0.0,4.345906250178814
RWT535,39,RWT535/dung_ballus-print_ready-mm_P39.h5,52062,32768,1384,560,2616,11472,43576,4,0,59608,136144,195752,1.1449425684760477,2.6150359187123047,3.759978487188352,0.00275987,3.61237e-05,2.13586e-05,25.5911,44.4221,46.7043,30.584125,8.40019e-05,2.39023e-05,1.73524e-05,40.7571,46.2156,47.6064,42.295575,0.0,4.329260542988777
RWT535,4,RWT535/dung_ballus-print_ready-mm_P4.h5,52061,32768,1248,688,3064,12224,44448,4,0,61672,141080,202752,1.1846103609227636,2.7098980042642284,3.8945083651869923,0.00326315,4.30327e-05,2.44421e-05,24.8636,43.662,46.1186,29.870275,8.59724e-05,2.82843e-05,1.98908e-05,40.6564,45.4845,47.0135,42.054550000000006,0.0,4.496856980025768
RWT535,40,RWT535/dung_ballus-print_ready-mm_P40.h5,52061,32768,1152,512,2496,10688,41168,4,0,56016,129816,185832,1.0759685753250994,2.493536428420507,3.569505003745606,0.00243053,3.95797e-05,2.24274e-05,26.143,44.0253,46.4922,30.921937500000002,8.59789e-05,2.64546e-05,1.84273e-05,40.6561,45.775,47.3454,42.132124999999995,0.0,4.370009034872055
RWT535,41,RWT535/dung_ballus-print_ready-mm_P41.h5,52061,32768,1512,608,2856,11136,37752,4,0,53864,105216,159080,1.0346324503947293,2.0210138107220375,3.0556462611167667,0.00119801,5.00007e-05,3.07507e-05,29.2154,43.0102,45.1214,32.928,8.70241e-05,2.9069e-05,2.472e-05,40.6036,45.3657,46.0695,41.8821,0.0,4.421583667397499
RWT535,42,RWT535/dung_ballus-print_ready-mm_P42.h5,52061,32768,1288,720,3056,12096,41496,4,0,58656,122600,181256,1.1266783196634718,2.3549297938956224,3.481608113559094,0.00200048,4.99124e-05,2.59918e-05,26.9887,43.0179,45.8516,31.3502125,8.48925e-05,2.95207e-05,2.14336e-05,40.7113,45.2987,46.6891,42.03195,0.0,4.348952315747738
RWT535,43,RWT535/dung_ballus-print_ready-mm_P43.h5,52061,32768,1352,720,3144,12360,41424,4,0,59000,121664,180664,1.1332859530166535,2.3369508845392906,3.470236837555944,0.0019702,5.62655e-05,3.13077e-05,27.0549,42.4976,45.0435,31.2338125,8.44161e-05,3.30815e-05,2.43096e-05,40.7357,44.8041,46.1422,41.9200625,0.0,4.388247698545456
RWT535,44,RWT535/dung_ballus-print_ready-mm_P44.h5,52061,32768,1352,880,3208,11632,38232,4,0,55304,105088,160392,1.0622923109429323,2.0185551564510864,3.0808474673940185,0.00116803,5.01778e-05,3.03143e-05,29.3255,42.9949,45.1835,33.016425,8.62062e-05,3.00399e-05,2.4472e-05,40.6446,45.223,46.1133,41.9004875,0.0,4.478266559541225
RWT535,45,RWT535/dung_ballus-print_ready-mm_P45.h5,52061,32768,1368,800,3248,12152,41088,4,0,58656,117848,176504,1.1266783196634718,2.2636522540865522,3.390330573750024,0.00171746,5.39276e-05,3.44618e-05,27.6511,42.6819,44.6266,31.6518875,8.58921e-05,3.19528e-05,2.61092e-05,40.6605,44.9549,45.8321,41.84375,0.0,4.47652193903923
RWT535,46,RWT535/dung_ballus-print_ready-mm_P46.h5,52061,32768,1304,760,3048,11792,41136,4,0,58040,121328,179368,1.1148460459845182,2.330496917078043,3.4453429630625614,0.00212857,5.32467e-05,2.91116e-05,26.7191,42.7371,45.3593,31.051375,8.49012e-05,3.10057e-05,2.31897e-05,40.7109,45.0856,46.347,41.96225,0.0,4.3882885947823524
RWT535,47,RWT535/dung_ballus-print_ready-mm_P47.h5,52062,32768,1224,648,2952,12152,43312,4,0,60288,127032,187320,1.1580039184049786,2.4400138296646308,3.5980177480696094,0.00240869,6.37332e-05,3.36924e-05,26.1822,41.9563,44.7247,30.471775,8.47791e-05,3.48193e-05,2.53863e-05,40.7171,44.5818,45.954,41.854800000000004,0.0,4.397180736064911
RWT535,48,RWT535/dung_ballus-print_ready-mm_P48.h5,52061,32768,1512,560,2568,10752,35960,4,0,51352,104840,156192,0.9863813603273084,2.013791513801118,3.000172874128426,0.00133543,3.83839e-05,2.24505e-05,28.7438,44.1585,46.4877,32.888625000000005,8.67178e-05,2.6166e-05,1.92189e-05,40.6189,45.8226,47.1627,42.087337500000004,0.0,4.347377456724644
RWT535,49,RWT535/dung_ballus-print_ready-mm_P49.h5,52061,32768,1496,752,3104,12240,42144,4,0,59736,115576,175312,1.147423215074624,2.2200111407771654,3.367434355851789,0.00179338,6.43177e-05,3.70452e-05,27.4633,41.9167,44.3127,31.37615,8.48699e-05,3.45559e-05,2.7898e-05,40.7125,44.6148,45.5443,41.8042625,0.0,4.35147887468338
RWT535,5,RWT535/dung_ballus-print_ready-mm_P5.h5,52061,32768,1288,608,2704,11720,43040,4,0,59360,138824,198184,1.1402009181537043,2.6665642227387103,3.8067651408924146,0.00300888,4.62204e-05,2.48728e-05,25.216,43.3517,46.0428,30.0863125,8.61315e-05,2.93329e-05,1.97774e-05,40.6484,45.3265,47.0383,42.0319,0.0,4.489194676280022
RWT535,50,RWT535/dung_ballus-print_ready-mm_P50.h5,52061,32768,1408,712,2912,11584,38376,4,0,54992,105296,160288,1.0562993411574884,2.022550469641382,3.0788498107988707,0.00139745,7.3093e-05,3.2587e-05,28.5466,41.3612,44.8696,32.1888,8.69767e-05,3.75249e-05,2.4741e-05,40.606,44.2568,46.0658,41.744825000000006,0.0,4.532580196857452
RWT535,51,RWT535/dung_ballus-print_ready-mm_P51.h5,52061,32768,1448,592,2808,11056,33904,4,0,49808,88728,138536,0.9567238431839573,1.7043084074451125,2.6610322506290696,0.00111604,6.1161e-05,2.93465e-05,29.5232,42.1353,45.3244,33.074862499999995,8.81768e-05,3.52109e-05,2.38036e-05,40.5465,44.5332,46.2336,41.755725000000005,0.0,4.50245838612318
RWT535,52,RWT535/dung_ballus-print_ready-mm_P52.h5,52061,32768,1480,744,2976,12016,42136,4,0,59352,123856,183208,1.14004725226177,2.3790553389293327,3.519102591191103,0.00216584,4.49282e-05,2.74489e-05,26.6437,43.4748,45.6148,31.118975,8.51041e-05,2.77478e-05,2.1842e-05,40.7005,45.5677,46.6071,42.047225,0.0,4.4753304570913315
RWT535,53,RWT535/dung_ballus-print_ready-mm_P53.h5,52061,32768,1272,864,3024,11760,39976,4,0,56896,114976,171872,1.0928718234378902,2.2084861988820808,3.3013580223199708,0.00185971,4.55737e-05,2.59972e-05,27.3056,43.4129,45.8507,31.63715,8.54006e-05,2.83671e-05,2.16253e-05,40.6854,45.4718,46.6504,42.029325,0.0,4.499737732112408
RWT535,54,RWT535/dung_ballus-print_ready-mm_P54.h5,52061,32768,1240,800,2912,11656,38800,4,0,55408,112520,167928,1.0642899675380804,2.161310770058201,3.2256007375962814,0.00168233,4.23467e-05,2.43441e-05,27.7409,43.7318,46.1361,32.0391625,8.53549e-05,2.74516e-05,2.02936e-05,40.6877,45.6143,46.9264,42.0833625,0.0,4.359610691666603
RWT535,55,RWT535/dung_ballus-print_ready-mm_P55.h5,52062,32768,1320,744,2944,11440,39784,4,0,56232,113712,169944,1.0800968076524144,2.1841650339979255,3.26426184165034,0.00174262,4.59567e-05,2.74789e-05,27.588,43.3765,45.61,31.8143125,8.61606e-05,2.89902e-05,2.22141e-05,40.6469,45.3775,46.5337,41.974075000000006,0.0,4.393230125308037
RWT535,56,RWT535/dung_ballus-print_ready-mm_P56.h5,52061,32768,1608,848,3488,12448,40296,4,0,58688,108576,167264,1.1272929832312095,2.0855534853345112,3.212846468565721,0.00141074,5.46433e-05,3.10224e-05,28.5055,42.6246,45.0832,32.3426,8.68452e-05,3.16071e-05,2.44801e-05,40.6125,45.0021,46.1119,41.848625,0.0,4.5183907598257065
RWT535,57,RWT535/dung_ballus-print_ready-mm_P57.h5,52061,32768,1728,840,3120,11696,38656,4,0,56040,107904,163944,1.0764295730009028,2.0726455504120165,3.1490751234129193,0.00143346,4.90463e-05,2.97153e-05,28.4361,43.0939,45.2702,32.3725875,8.71366e-05,2.89539e-05,2.24509e-05,40.598,45.3829,46.4877,41.932325,0.0,4.535040482878685
RWT535,58,RWT535/dung_ballus-print_ready-mm_P58.h5,52061,32768,1496,816,3248,12664,39600,4,0,57824,106000,163824,1.1106970669022878,2.036073068131615,3.1467701350339023,0.00142639,5.63378e-05,3.14621e-05,28.4576,42.492,45.0221,32.2824625,8.71457e-05,3.16806e-05,2.39322e-05,40.5975,44.9921,46.2102,41.848412499999995,0.0,4.469793535768986
RWT535,59,RWT535/dung_ballus-print_ready-mm_P59.h5,52062,32768,1248,688,2856,10744,34168,4,0,49704,94184,143888,0.9547078483346779,1.8090737966270984,2.7637816449617763,0.00109864,4.35584e-05,2.24033e-05,29.5914,43.6093,46.4969,33.456825,8.88231e-05,2.64222e-05,1.90679e-05,40.5147,45.7803,47.197,42.0081875,0.0,4.486081525683403
RWT535,6,RWT535/dung_ballus-print_ready-mm_P6.h5,52061,32768,1256,656,2840,11488,43200,4,0,59440,133512,192952,1.141737577073049,2.5645300704942278,3.7062676475672767,0.0027632,3.91462e-05,2.13391e-05,25.5859,44.0731,46.7082,30.537087500000002,8.46519e-05,2.59534e-05,1.71843e-05,40.7236,45.8581,47.6487,42.231049999999996,0.0,4.371528193354607
RWT535,60,RWT535/dung_ballus-print_ready-mm_P60.h5,52061,32768,1240,656,3152,12000,42240,4,0,59288,122024,181312,1.1388179251262942,2.3438658496763414,3.4826837748026356,0.00203023,5.21462e-05,2.82003e-05,26.9246,42.8278,45.4975,31.234112500000002,8.43813e-05,3.17089e-05,2.33139e-05,40.7375,44.9882,46.3239,41.96713749999999,0.0,5.580306328833103
RWT535,61,RWT535/dung_ballus-print_ready-mm_P61.h5,52061,32768,1280,680,3200,11600,40992,4,0,57752,121224,178976,1.1093140738748775,2.328499260482895,3.437813334357773,0.0019979,5.90364e-05,3.43646e-05,26.9943,42.2888,44.6389,31.111687500000002,8.71228e-05,3.26945e-05,2.47546e-05,40.5987,44.8553,46.0634,41.8138625,0.0,4.466761462390423
RWT535,62,RWT535/dung_ballus-print_ready-mm_P62.h5,52061,32768,1264,720,2784,11072,38120,4,0,53960,112024,165984,1.0364764410979428,2.151783484758264,3.188259925856207,0.00182374,4.31408e-05,2.63471e-05,27.3904,43.6511,45.7927,31.723274999999997,8.62452e-05,2.71915e-05,2.06484e-05,40.6427,45.6557,46.8511,42.04537500000001,0.0,4.422460317611694
RWT535,63,RWT535/dung_ballus-print_ready-mm_P63.h5,52062,32768,1096,584,2520,10264,35176,4,0,49640,106496,156136,0.9534785448119549,2.045561061810918,2.9990396066228726,0.00133941,4.01127e-05,2.26361e-05,28.7309,43.9672,46.452,32.850575,8.70868e-05,2.48928e-05,1.78491e-05,40.6005,46.0393,47.4838,42.140762499999994,0.0,4.3887868002057076
RWT535,7,RWT535/dung_ballus-print_ready-mm_P7.h5,52062,32768,1200,592,2632,11304,40648,4,0,56376,125752,182128,1.082862740578541,2.4154277592101723,3.4982904997887134,0.00212821,3.67845e-05,2.44925e-05,26.7199,44.3434,46.1097,31.3465625,8.31614e-05,2.57796e-05,1.99787e-05,40.8008,45.8872,46.9943,42.2107875,0.0,4.384022004902363
RWT535,8,RWT535/dung_ballus-print_ready-mm_P8.h5,52061,32768,1192,672,2872,11952,42256,4,0,58944,126696,185640,1.1322102917731123,2.433606730566067,3.565817022339179,0.00209232,4.86357e-05,2.42831e-05,26.7937,43.1305,46.147,31.254962499999998,8.42578e-05,2.87715e-05,1.87467e-05,40.7439,45.4104,47.2708,42.143074999999996,0.0,4.485006496310234
RWT535,9,RWT535/dung_ballus-print_ready-mm_P9.h5,52061,32768,1496,792,3256,12592,42624,4,0,60760,122000,182760,1.167092449242235,2.3434048520005377,3.510497301242773,0.00183018,5.16697e-05,2.67933e-05,27.3751,42.8676,45.7197,31.6047375,8.40253e-05,2.97692e-05,2.08327e-05,40.7559,45.2623,46.8125,42.076274999999995,0.0,4.491830363869667
RWT541,0,RWT541/marco_cat_mesh_P0.h5,84432,32768,1168,144,1016,4792,15592,4,0,22712,51184,73896,0.26899753647906005,0.6062156528330491,0.8752131893121091,0.00019946,2.09683e-05,1.76911e-05,37.0014,46.7844,47.5224,39.5394,7.59162e-05,1.71328e-05,1.57892e-05,41.1967,47.6617,48.0164,42.8572875,0.0,7.191965363919735
RWT541,1,RWT541/marco_cat_mesh_P1.h5,84433,32768,1232,216,1168,5432,17352,4,0,25400,57200,82600,0.30083024409887127,0.6774602347423401,0.9782904788412113,0.000232301,1.85153e-05,1.62615e-05,36.3395,47.3247,47.8884,39.1562625,7.76512e-05,1.57467e-05,1.49239e-05,41.0985,48.0281,48.2612,42.860037500000004,0.0,7.783745668828487
RWT541,10,RWT541/marco_cat_mesh_P10.h5,84432,32768,1280,208,1232,4336,14624,4,0,21680,50680,72360,0.25677468258480196,0.6002463520939928,0.8570210346787948,0.000190116,2.12935e-05,2.14564e-05,37.2098,46.7175,46.6844,39.5825875,7.62256e-05,1.64924e-05,1.79895e-05,41.179,47.8272,47.4498,42.793875,0.0,7.951824806630611
RWT541,11,RWT541/marco_cat_mesh_P11.h5,84433,32768,1272,400,1584,6096,20368,4,0,29720,72776,102496,0.3519950730164746,0.8619378678952542,1.2139329409117288,0.000273375,2.52709e-05,2.40319e-05,35.6324,45.9738,46.1921,38.245037499999995,8.5784e-05,1.89775e-05,2.04633e-05,40.6659,47.2176,46.8902,42.2629,0.0,6.839997634291649
RWT541,12,RWT541/marco_cat_mesh_P12.h5,84432,32768,1376,384,1448,6496,21072,4,0,30776,72952,103728,0.36450634830396056,0.8640325942770514,1.228538942581012,0.000269114,2.59304e-05,2.38277e-05,35.7006,45.8619,46.2292,38.2868375,8.5947e-05,1.85938e-05,1.92677e-05,40.6577,47.3063,47.1517,42.300525,0.0,6.753980629146099
RWT541,13,RWT541/marco_cat_mesh_P13.h5,84433,32768,1448,504,1848,7056,24168,4,0,35024,88192,123216,0.4148141129653098,1.0445205073845534,1.4593346203498632,0.000333349,3.07221e-05,2.90026e-05,34.771,45.1255,45.3756,37.390887500000005,8.92097e-05,2.11779e-05,2.27178e-05,40.4959,46.7412,46.4363,42.0191125,0.0,6.820846252143383
RWT541,14,RWT541/marco_cat_mesh_P14.h5,84433,32768,1296,424,1664,6624,21464,4,0,31472,72424,103896,0.37274525363305816,0.8577688818353013,1.2305141354683595,0.000264222,2.57013e-05,2.51105e-05,35.7803,45.9005,46.0014,38.322962499999996,8.85518e-05,1.92934e-05,2.07322e-05,40.528,47.1459,46.8335,42.143425,0.0,7.021634370088577
RWT541,15,RWT541/marco_cat_mesh_P15.h5,84433,32768,1224,488,2168,7632,26256,4,0,37768,84304,122072,0.447313254296306,0.9984721613587104,1.4457854156550165,0.000314409,3.05429e-05,2.87435e-05,35.0251,45.1509,45.4146,37.5895125,8.85343e-05,2.13489e-05,2.20225e-05,40.5289,46.7063,46.5713,42.056375,0.0,7.019800163805485
RWT541,2,RWT541/marco_cat_mesh_P2.h5,84432,32768,1224,240,1376,5072,16992,4,0,24904,54088,78992,0.2949592571536858,0.6406101951866591,0.9355694523403449,0.000209376,2.01072e-05,1.71042e-05,36.7907,46.9665,47.669,39.4224625,7.93316e-05,1.67069e-05,1.58547e-05,41.0055,47.771,47.9984,42.7253,0.0,7.027014836668968
RWT541,3,RWT541/marco_cat_mesh_P3.h5,84433,32768,1248,232,1288,4880,17048,4,0,24696,57624,82320,0.29249227197896555,0.6824819679509196,0.9749742399298852,0.000217355,1.6461e-05,1.59171e-05,36.6283,47.8354,47.9814,39.448325000000004,8.24051e-05,1.4583e-05,1.4718e-05,40.8405,48.3615,48.3215,42.71575,0.0,7.0091715306043625
RWT541,4,RWT541/marco_cat_mesh_P4.h5,84432,32768,1072,184,1248,5272,16032,4,0,23808,50792,74600,0.28197839681637293,0.6015728633693387,0.8835512601857116,0.000198104,2.01638e-05,1.8948e-05,37.0311,46.9543,47.2244,39.5456625,7.4246e-05,1.67226e-05,1.6931e-05,41.2933,47.767,47.7132,42.905,0.0,6.977226421236992
RWT541,5,RWT541/marco_cat_mesh_P5.h5,84433,32768,1144,240,1160,4176,14272,4,0,20992,51896,72888,0.24862316866627976,0.6146411947935049,0.8632643634597846,0.000197671,1.88115e-05,1.90583e-05,37.0406,47.2558,47.1992,39.587325,7.77675e-05,1.53214e-05,1.65438e-05,41.092,48.147,47.8136,42.814075,0.0,6.922285720705986
RWT541,6,RWT541/marco_cat_mesh_P6.h5,84433,32768,1136,240,1376,5792,19696,4,0,28240,65112,93352,0.33446638162803644,0.7711676714080987,1.1056340530361353,0.000262323,2.02449e-05,1.72925e-05,35.8116,46.9368,47.6214,38.678475,8.02497e-05,1.67296e-05,1.54964e-05,40.9556,47.7651,48.0977,42.69955,0.0,6.932281509041786
RWT541,7,RWT541/marco_cat_mesh_P7.h5,84433,32768,1136,224,1120,4624,16480,4,0,23584,61136,84720,0.27932206601684173,0.7240770788672676,1.0033991448841093,0.000223209,2.06177e-05,1.8485e-05,36.5129,46.8576,47.3318,39.15835,8.39913e-05,1.65513e-05,1.67332e-05,40.7577,47.8117,47.7642,42.5152625,0.0,6.981896132230759
RWT541,8,RWT541/marco_cat_mesh_P8.h5,84432,32768,1160,216,904,5240,15144,4,0,22664,63016,85680,0.268429031646769,0.7463520939927989,1.014781125639568,0.000224239,2.66421e-05,2.08034e-05,36.4929,45.7443,46.8187,38.94005,8.1153e-05,1.92715e-05,1.75676e-05,40.907,47.1508,47.5529,42.5182125,0.0,6.737126372754574
RWT541,9,RWT541/marco_cat_mesh_P9.h5,84433,32768,1104,208,1456,5608,20280,4,0,28656,69448,98104,0.33939336515343527,0.8225219996920635,1.1619153648454987,0.000261168,2.6539e-05,2.28631e-05,35.8308,45.7612,46.4086,38.394324999999995,8.3967e-05,1.97508e-05,1.98797e-05,40.7589,47.0441,47.0159,42.326674999999994,0.0,6.77893777936697
RWT65,0,RWT65/griffon_statue_P0.h5,59062,32768,1624,728,2368,7088,18336,4,0,30144,56960,87104,0.5103789238427415,0.9644102807219532,1.4747892045646946,0.000368787,4.01822e-05,1.86902e-05,34.3322,43.9597,47.2839,37.1546,8.13234e-05,2.44952e-05,1.44619e-05,40.8978,46.1092,48.3978,42.486725,0.0,5.099149145185947
RWT65,1,RWT65/griffon_statue_P1.h5,59063,32768,1736,792,2712,6544,15208,4,0,26992,35056,62048,0.45700353859438225,0.5935357160997579,1.0505392546941401,0.00021556,3.23924e-05,2.05858e-05,36.6643,44.8956,46.8643,38.9682125,7.32898e-05,2.36753e-05,1.66014e-05,41.3496,46.2571,47.7986,42.7691625,0.0,5.004568614065647
RWT65,10,RWT65/griffon_statue_P10.h5,59062,32768,1592,768,2776,6544,16496,4,0,28176,45944,74120,0.47705800684026956,0.7778944160373844,1.254952422877654,0.000272749,3.20448e-05,2.20884e-05,35.6424,44.9424,46.5584,38.1694,7.57967e-05,2.50741e-05,1.70411e-05,41.2035,46.0077,47.685,42.6142125,0.0,4.855567879974842
RWT65,11,RWT65/griffon_statue_P11.h5,59063,32768,1408,616,2312,7144,18768,4,0,30248,49304,79552,0.5121311142339535,0.8347696527436804,1.346900766977634,0.000305431,3.2789e-05,1.97678e-05,35.1509,44.8427,47.0404,37.8485625,8.03207e-05,2.39931e-05,1.69217e-05,40.9517,46.1991,47.7156,42.4531125,0.0,4.817833140492439
RWT65,12,RWT65/griffon_statue_P12.h5,59062,32768,1408,600,1808,4440,10008,4,0,18264,28160,46424,0.3092343638887948,0.4767871050760218,0.7860214689648166,0.000179265,2.54039e-05,1.45249e-05,37.465,45.951,48.3789,39.889987500000004,6.87238e-05,2.2479e-05,1.35427e-05,41.6289,46.4822,48.6829,43.117312500000004,0.0,4.870838634669781
RWT65,13,RWT65/griffon_statue_P13.h5,59063,32768,1592,656,2392,6768,16304,4,0,27712,40752,68464,0.46919391158593365,0.6899751113218089,1.1591690229077425,0.000232836,3.07892e-05,2.52238e-05,36.3295,45.116,45.9819,38.6343625,8.11492e-05,2.33968e-05,1.97524e-05,40.9072,46.3084,47.0438,42.349425,0.0,4.81130713224411
RWT65,14,RWT65/griffon_statue_P14.h5,59063,32768,1544,712,2048,6488,19728,4,0,30520,56000,86520,0.5167363662529841,0.9481401215651084,1.4648764878180927,0.000319653,2.46341e-05,1.62088e-05,34.9532,46.0846,47.9025,37.9632875,8.75963e-05,1.94107e-05,1.37833e-05,40.5751,47.1196,48.6065,42.3970875,0.0,4.980311967432499
RWT65,15,RWT65/griffon_statue_P15.h5,59063,32768,1424,632,2456,7280,19272,4,0,31064,52848,83912,0.5259468702910451,0.8947733775798723,1.4207202478709176,0.000316527,3.03919e-05,2.02365e-05,34.9959,45.1724,46.9387,37.7608125,8.50165e-05,2.13425e-05,1.63155e-05,40.705,46.7076,47.874,42.35145,0.0,5.034258492290974
RWT65,16,RWT65/griffon_statue_P16.h5,59062,32768,1464,496,1752,4584,10912,4,0,19208,32936,52144,0.3252175679794115,0.557651281703972,0.8828688496833835,0.000184022,2.9837e-05,1.97111e-05,37.3513,45.2524,47.0529,39.551637500000005,7.46127e-05,2.25283e-05,1.73403e-05,41.2719,46.4727,47.6094,42.7141875,0.0,4.823828123509884
RWT65,17,RWT65/griffon_statue_P17.h5,59063,32768,1440,488,1424,4272,10272,4,0,17896,27816,45712,0.30299849313444965,0.47095474324026887,0.7739532363747185,0.000169875,2.69846e-05,1.77872e-05,37.6987,45.6888,47.4989,39.9224875,6.92994e-05,2.18832e-05,1.64315e-05,41.5927,46.5989,47.8432,42.999787500000004,0.0,4.877920627593994
RWT65,18,RWT65/griffon_statue_P18.h5,59062,32768,1408,640,2024,5968,15952,4,0,25992,44344,70336,0.4400799160204531,0.7508042396126104,1.1908841556330636,0.000282861,3.24101e-05,1.89054e-05,35.4843,44.8932,47.2341,38.1291375,8.08814e-05,2.51603e-05,1.65963e-05,40.9215,45.9928,47.7999,42.415212499999996,0.0,4.999062284827232
RWT65,19,RWT65/griffon_statue_P19.h5,59063,32768,1456,576,1880,5832,14408,4,0,24152,44888,69040,0.4089192895721518,0.760002031728832,1.1689213213009837,0.000263295,2.85721e-05,1.47068e-05,35.7956,45.4406,48.3248,38.567375,7.98096e-05,2.42746e-05,1.35878e-05,40.9794,46.1485,48.6685,42.586675,0.0,5.0224219262599945
RWT65,2,RWT65/griffon_statue_P2.h5,59062,32768,1568,664,2616,7328,20392,4,0,32568,57592,90160,0.551420541126274,0.9751109004097389,1.526531441536013,0.000356603,3.80338e-05,2.03499e-05,34.4781,44.1983,46.9144,37.2476625,7.89926e-05,2.37834e-05,1.568e-05,41.0241,46.2373,48.0465,42.553549999999994,0.0,4.986383832991123
RWT65,20,RWT65/griffon_statue_P20.h5,59062,32768,1352,536,1504,3848,8312,4,0,15552,24032,39584,0.263316514848803,0.406894449900105,0.670210964748908,0.000148686,2.07137e-05,1.15851e-05,38.2773,46.8374,49.361,40.732775,6.54616e-05,1.89016e-05,1.12128e-05,41.8401,47.235,49.5028,43.4723,0.0,4.811881668865681
RWT65,21,RWT65/griffon_statue_P21.h5,59063,32768,1560,600,1952,5232,11000,4,0,20344,25800,46144,0.3444457613057244,0.43682169886392497,0.7812674601696493,0.000151351,2.43498e-05,1.80164e-05,38.2001,46.135,47.4433,40.3473625,6.90611e-05,2.10136e-05,1.64902e-05,41.6077,46.775,47.8277,43.0311125,0.0,4.823717273771763
RWT65,22,RWT65/griffon_statue_P22.h5,59063,32768,1312,560,1880,4480,10912,4,0,19144,33160,52304,0.32412847298647207,0.5614344005553392,0.8855628735418113,0.000208723,2.63439e-05,1.69503e-05,36.8043,45.7932,47.7082,39.29089999999999,7.62807e-05,2.15325e-05,1.59846e-05,41.1758,46.6691,47.963,42.710862500000005,0.0,5.000908963382244
RWT65,23,RWT65/griffon_statue_P23.h5,59063,32768,1256,544,2016,5416,13456,4,0,22688,33624,56312,0.38413219782266395,0.5692904187054502,0.953422616528114,0.000213495,3.09789e-05,2.221e-05,36.7061,45.0893,46.5345,38.982549999999996,7.09532e-05,2.29452e-05,1.93561e-05,41.4903,46.3931,47.1318,42.8083375,0.0,4.9799341931939125
RWT65,24,RWT65/griffon_statue_P24.h5,59062,32768,1816,808,2696,7032,17136,4,0,29488,36504,65992,0.4992719515085842,0.6180623751312181,1.1173343266398021,0.000209272,2.64404e-05,2.01019e-05,36.7929,45.7773,46.9676,39.187787500000006,7.83456e-05,1.90889e-05,1.49825e-05,41.0599,47.1922,48.2442,42.724475,0.0,5.004526600241661
RWT65,25,RWT65/griffon_statue_P25.h5,59063,32768,1512,680,2304,6104,15256,4,0,25856,39712,65568,0.43776983898549005,0.672366794778457,1.110136633763947,0.000241045,2.79273e-05,1.97041e-05,36.179,45.5397,47.0544,38.7085125,7.25898e-05,2.13536e-05,1.5796e-05,41.3912,46.7053,48.0145,42.883375,0.0,5.0112850442528725
RWT65,26,RWT65/griffon_statue_P26.h5,59062,32768,1568,712,1864,5032,11264,4,0,20440,25560,46000,0.34607700382648743,0.43276556838576413,0.7788425722122515,0.000153603,2.11564e-05,1.39772e-05,38.136,46.7456,48.5458,40.513425000000005,7.15092e-05,1.9947e-05,1.29444e-05,41.4564,47.0012,48.8792,43.077349999999996,0.0,4.8403676971793175
RWT65,27,RWT65/griffon_statue_P27.h5,59063,32768,1328,688,2088,4896,12496,4,0,21496,35512,57008,0.3639503580922066,0.6012562856610738,0.9652066437532804,0.000202311,2.5077e-05,1.56687e-05,36.9398,46.0072,48.0497,39.4619625,7.49488e-05,2.24699e-05,1.47136e-05,41.2523,46.484,48.3228,42.790075,0.0,4.820926666259766
RWT65,28,RWT65/griffon_statue_P28.h5,59062,32768,1384,600,2072,5880,16184,4,0,26120,46096,72216,0.442247130134435,0.780467982797738,1.222715112932173,0.000270572,2.96178e-05,2.13991e-05,35.6772,45.2845,46.696,38.25546249999999,8.19451e-05,2.29541e-05,1.87878e-05,40.8648,46.3914,47.2612,42.355175,0.0,4.983238652348518
RWT65,29,RWT65/griffon_statue_P29.h5,59063,32768,1704,728,2344,6432,16960,4,0,28168,42816,70984,0.47691448114724955,0.7249208472309229,1.2018353283781724,0.000236585,3.13781e-05,2.21478e-05,36.2601,45.0337,46.5467,38.642625,8.16693e-05,2.50848e-05,1.90391e-05,40.8794,46.0059,47.2035,42.310725,0.0,5.01928274333477
RWT65,3,RWT65/griffon_statue_P3.h5,59063,32768,1496,1080,3240,8104,19200,4,0,33120,49968,83088,0.5607571576113641,0.8460118856136668,1.4067690432250308,0.000308402,3.70429e-05,2.16962e-05,35.1088,44.313,46.6362,37.70025,7.79794e-05,2.49885e-05,1.70455e-05,41.0802,46.0226,47.6839,42.5234625,0.0,5.00744005292654
RWT65,30,RWT65/griffon_statue_P30.h5,59063,32768,1240,624,1608,4128,10816,4,0,18416,33432,51848,0.3118026514061257,0.5660396525743697,0.8778423039804955,0.000209793,2.66531e-05,1.80811e-05,36.7821,45.7425,47.4277,39.23285,7.44922e-05,2.19497e-05,1.71438e-05,41.2789,46.5857,47.6589,42.73975,0.0,5.017714895308018
RWT65,31,RWT65/griffon_statue_P31.h5,59063,32768,1744,680,2008,5080,14480,4,0,23992,39232,63224,0.40621031779625144,0.664239879450756,1.0704501972470075,0.000216895,2.42699e-05,1.80596e-05,36.6375,46.1493,47.4329,39.175900000000006,7.95443e-05,1.91941e-05,1.52158e-05,40.9939,47.1683,48.177,42.6635875,0.0,4.979924753308296
RWT65,4,RWT65/griffon_statue_P4.h5,59062,32768,1656,856,2752,7560,18912,4,0,31736,48456,80192,0.5373336493853916,0.8204259930242795,1.3577596424096712,0.000283855,3.33674e-05,2.09375e-05,35.469,44.7668,46.7908,38.04645,7.57791e-05,2.22791e-05,1.57317e-05,41.2045,46.521,48.0322,42.722525000000005,0.0,4.974829718470573
RWT65,5,RWT65/griffon_statue_P5.h5,59063,32768,1376,736,2816,6864,16768,4,0,28560,41224,69784,0.4835514619982053,0.6979665780607148,1.18151804005892,0.000239031,2.94213e-05,1.96529e-05,36.2155,45.3134,47.0657,38.7090125,7.99773e-05,2.27493e-05,1.60946e-05,40.9703,46.4303,47.9332,42.5231625,0.0,5.034900315105915
RWT65,6,RWT65/griffon_statue_P6.h5,59063,32768,1600,760,2656,7328,20496,4,0,32840,57208,90048,0.5560164570035386,0.9685928584731558,1.5246093154766944,0.000350079,3.62118e-05,2.08758e-05,34.5583,44.4115,46.8036,37.3206125,8.34808e-05,2.39308e-05,1.62805e-05,40.7841,46.2104,47.8833,42.349787500000005,0.0,5.0489799454808235
RWT65,7,RWT65/griffon_statue_P7.h5,59063,32768,1536,576,2008,6272,18896,4,0,29288,57240,86528,0.4958772835785517,0.9691346528283359,1.4650119364068876,0.00036779,2.86687e-05,1.50058e-05,34.344,45.4259,48.2374,37.4659125,8.14651e-05,2.10952e-05,1.24475e-05,40.8903,46.7582,49.0492,42.64365,0.0,4.989993207156658
RWT65,8,RWT65/griffon_statue_P8.h5,59062,32768,1672,720,2432,6232,15096,4,0,26152,38096,64248,0.4427889336629305,0.6450171006738682,1.0878060343367986,0.000242149,3.22322e-05,1.7733e-05,36.1592,44.9171,47.5122,38.6730625,7.53813e-05,2.24168e-05,1.42872e-05,41.2274,46.4943,48.4505,42.78865,0.0,4.8574096113443375
RWT65,9,RWT65/griffon_statue_P9.h5,59063,32768,1256,800,2360,5296,12288,4,0,22000,30936,52936,0.3724836191862926,0.5237796928703249,0.8962633120566175,0.000180226,2.82954e-05,1.56891e-05,37.4418,45.4828,48.044,39.7722,7.29276e-05,2.31986e-05,1.3726e-05,41.3711,46.3454,48.6246,42.899575,0.0,4.828794568777084
